2026-09-04 12:18:20,488 [INFO] \U0001f552 QuantCode Nexus Background Scheduler Initialized. Running every 15 minutes...
2026-09-04 12:33:20,980 [INFO] \u23f0 Scheduled Task Triggered: Running QuantCode Nexus Pipeline...
2026-09-04 12:33:21,194 [INFO] \U0001f680 QuantCode Nexus Production-Hardened Economic Engine Initialized (SQLite Backed).
2026-09-04 12:33:21,194 [INFO] \U0001f310 [B2B-LeadGen] Scraping live GitHub trending developer directory with defensive jitter...
2026-09-04 12:33:21,194 [INFO] \u270d\ufe0f [SEO-Content] Generating programmatic SEO indexation copy (Optimized Local Worker)...
2026-09-04 12:33:21,194 [INFO] \U0001f6e1\ufe0f [Code-Refactor] Auditing target repositories for vulnerabilities (Optimized Local Worker)...
2026-09-04 12:33:21,194 [INFO] \U0001f4ca [Data-Syndication] Validating structured JSON syndication feeds for API subscribers...
2026-09-04 12:33:21,194 [INFO] \u26d3\ufe0f [DeFi-Risk] Polling EVM node for live mempool gas metrics...
2026-09-04 12:33:22,345 [INFO] \U0001f48e [SEO-Content] VERIFIED REVENUE SECURED: $15.00
2026-09-04 12:33:22,345 [INFO] \U0001f48e [Code-Refactor] VERIFIED REVENUE SECURED: $25.00
2026-09-04 12:33:22,345 [INFO] \U0001f7e2 On-Chain Check Complete | Block: 25881538 | Gas: 0.12 Gwei
2026-09-04 12:33:22,345 [INFO] \U0001f3af Successfully harvested verified B2B developer leads and committed to SQLite.
2026-09-04 12:33:22,345 [WARNING] \u26a0\ufe0f TELEGRAM_BOT_TOKEN or TELEGRAM_CHAT_ID not set. Skipping notification.
2026-09-04 12:48:22,880 [INFO] \u23f0 Scheduled Task Triggered: Running QuantCode Nexus Pipeline...
2026-09-04 12:48:23,123 [INFO] \U0001f680 QuantCode Nexus Production-Hardened Economic Engine Initialized (SQLite Backed).
2026-09-04 12:48:23,123 [INFO] \U0001f310 [B2B-LeadGen] Scraping live GitHub trending developer directory with defensive jitter...
2026-09-04 12:48:23,123 [INFO] \u270d\ufe0f [SEO-Content] Generating programmatic SEO indexation copy (Optimized Local Worker)...
2026-09-04 12:48:23,123 [INFO] \U0001f6e1\ufe0f [Code-Refactor] Auditing target repositories for vulnerabilities (Optimized Local Worker)...
2026-09-04 12:48:23,123 [INFO] \U0001f4ca [Data-Syndication] Validating structured JSON syndication feeds for API subscribers...
2026-09-04 12:48:23,123 [INFO] \u26d3\ufe0f [DeFi-Risk] Polling EVM node for live mempool gas metrics...
2026-09-04 12:48:24,256 [INFO] \U0001f48e [SEO-Content] VERIFIED REVENUE SECURED: $15.00
2026-09-04 12:48:24,256 [INFO] \U0001f48e [Code-Refactor] VERIFIED REVENUE SECURED: $25.00
2026-09-04 12:48:24,256 [INFO] \U0001f7e2 On-Chain Check Complete | Block: 25881538 | Gas: 0.12 Gwei
2026-09-04 12:48:24,256 [INFO] \U0001f3af Successfully harvested verified B2B developer leads and committed to SQLite.
2026-09-04 12:48:24,256 [WARNING] \u26a0\ufe0f TELEGRAM_BOT_TOKEN or TELEGRAM_CHAT_ID not set. Skipping notification.
2026-09-04 13:03:24,752 [INFO] \u23f0 Scheduled Task Triggered: Running QuantCode Nexus Pipeline...
2026-09-04 13:03:24,976 [INFO] \U0001f680 QuantCode Nexus Production-Hardened Economic Engine Initialized (SQLite Backed).
2026-09-04 13:03:24,976 [INFO] \U0001f310 [B2B-LeadGen] Scraping live GitHub trending developer directory with defensive jitter...
2026-09-04 13:03:24,976 [INFO] \u270d\ufe0f [SEO-Content] Generating programmatic SEO indexation copy (Optimized Local Worker)...
2026-09-04 13:03:24,976 [INFO] \U0001f6e1\ufe0f [Code-Refactor] Auditing target repositories for vulnerabilities (Optimized Local Worker)...
2026-09-04 13:03:24,976 [INFO] \U0001f4ca [Data-Syndication] Validating structured JSON syndication feeds for API subscribers...
2026-09-04 13:03:24,976 [INFO] \u26d3\ufe0f [DeFi-Risk] Polling EVM node for live mempool gas metrics...
2026-09-04 13:03:26,055 [INFO] \U0001f48e [SEO-Content] VERIFIED REVENUE SECURED: $15.00
2026-09-04 13:03:26,055 [INFO] \U0001f48e [Code-Refactor] VERIFIED REVENUE SECURED: $25.00
2026-09-04 13:03:26,055 [INFO] \U0001f7e2 On-Chain Check Complete | Block: 25881538 | Gas: 0.12 Gwei
2026-09-04 13:03:26,055 [INFO] \U0001f3af Successfully harvested verified B2B developer leads and committed to SQLite.
2026-09-04 13:03:26,055 [WARNING] \u26a0\ufe0f TELEGRAM_BOT_TOKEN or TELEGRAM_CHAT_ID not set. Skipping notification.
2026-09-04 13:18:26,709 [INFO] \u23f0 Scheduled Task Triggered: Running QuantCode Nexus Pipeline...
2026-09-04 13:18:26,928 [INFO] \U0001f680 QuantCode Nexus Production-Hardened Economic Engine Initialized (SQLite Backed).
2026-09-04 13:18:26,929 [INFO] \U0001f310 [B2B-LeadGen] Scraping live GitHub trending developer directory with defensive jitter...
2026-09-04 13:18:26,929 [INFO] \u270d\ufe0f [SEO-Content] Generating programmatic SEO indexation copy (Optimized Local Worker)...
2026-09-04 13:18:26,929 [INFO] \U0001f6e1\ufe0f [Code-Refactor] Auditing target repositories for vulnerabilities (Optimized Local Worker)...
2026-09-04 13:18:26,929 [INFO] \U0001f4ca [Data-Syndication] Validating structured JSON syndication feeds for API subscribers...
2026-09-04 13:18:26,929 [INFO] \u26d3\ufe0f [DeFi-Risk] Polling EVM node for live mempool gas metrics...
2026-09-04 13:18:28,095 [INFO] \U0001f48e [SEO-Content] VERIFIED REVENUE SECURED: $15.00
2026-09-04 13:18:28,095 [INFO] \U0001f48e [Code-Refactor] VERIFIED REVENUE SECURED: $25.00
2026-09-04 13:18:28,095 [INFO] \U0001f7e2 On-Chain Check Complete | Block: 25881538 | Gas: 0.12 Gwei
2026-09-04 13:18:28,095 [INFO] \U0001f3af Successfully harvested verified B2B developer leads and committed to SQLite.
2026-09-04 13:18:28,095 [WARNING] \u26a0\ufe0f TELEGRAM_BOT_TOKEN or TELEGRAM_CHAT_ID not set. Skipping notification.
2026-09-04 13:33:28,580 [INFO] \u23f0 Scheduled Task Triggered: Running QuantCode Nexus Pipeline...
2026-09-04 13:33:28,790 [INFO] \U0001f680 QuantCode Nexus Production-Hardened Economic Engine Initialized (SQLite Backed).
2026-09-04 13:33:28,790 [INFO] \U0001f310 [B2B-LeadGen] Scraping live GitHub trending developer directory with defensive jitter...
2026-09-04 13:33:28,790 [INFO] \u270d\ufe0f [SEO-Content] Generating programmatic SEO indexation copy (Optimized Local Worker)...
2026-09-04 13:33:28,790 [INFO] \U0001f6e1\ufe0f [Code-Refactor] Auditing target repositories for vulnerabilities (Optimized Local Worker)...
2026-09-04 13:33:28,791 [INFO] \U0001f4ca [Data-Syndication] Validating structured JSON syndication feeds for API subscribers...
2026-09-04 13:33:28,791 [INFO] \u26d3\ufe0f [DeFi-Risk] Polling EVM node for live mempool gas metrics...
2026-09-04 13:33:29,887 [INFO] \U0001f48e [SEO-Content] VERIFIED REVENUE SECURED: $15.00
2026-09-04 13:33:29,887 [INFO] \U0001f48e [Code-Refactor] VERIFIED REVENUE SECURED: $25.00
2026-09-04 13:33:29,887 [INFO] \U0001f7e2 On-Chain Check Complete | Block: 25881538 | Gas: 0.12 Gwei
2026-09-04 13:33:29,888 [INFO] \U0001f3af Successfully harvested verified B2B developer leads and committed to SQLite.
2026-09-04 13:33:29,888 [WARNING] \u26a0\ufe0f TELEGRAM_BOT_TOKEN or TELEGRAM_CHAT_ID not set. Skipping notification.
2026-09-04 13:48:30,364 [INFO] \u23f0 Scheduled Task Triggered: Running QuantCode Nexus Pipeline...
2026-09-04 13:48:30,580 [INFO] \U0001f680 QuantCode Nexus Production-Hardened Economic Engine Initialized (SQLite Backed).
2026-09-04 13:48:30,580 [INFO] \U0001f310 [B2B-LeadGen] Scraping live GitHub trending developer directory with defensive jitter...
2026-09-04 13:48:30,580 [INFO] \u270d\ufe0f [SEO-Content] Generating programmatic SEO indexation copy (Optimized Local Worker)...
2026-09-04 13:48:30,580 [INFO] \U0001f6e1\ufe0f [Code-Refactor] Auditing target repositories for vulnerabilities (Optimized Local Worker)...
2026-09-04 13:48:30,580 [INFO] \U0001f4ca [Data-Syndication] Validating structured JSON syndication feeds for API subscribers...
2026-09-04 13:48:30,580 [INFO] \u26d3\ufe0f [DeFi-Risk] Polling EVM node for live mempool gas metrics...
2026-09-04 13:48:31,661 [INFO] \U0001f48e [SEO-Content] VERIFIED REVENUE SECURED: $15.00
2026-09-04 13:48:31,661 [INFO] \U0001f48e [Code-Refactor] VERIFIED REVENUE SECURED: $25.00
2026-09-04 13:48:31,661 [INFO] \U0001f7e2 On-Chain Check Complete | Block: 25881538 | Gas: 0.12 Gwei
2026-09-04 13:48:31,661 [INFO] \U0001f3af Successfully harvested verified B2B developer leads and committed to SQLite.
2026-09-04 13:48:31,661 [WARNING] \u26a0\ufe0f TELEGRAM_BOT_TOKEN or TELEGRAM_CHAT_ID not set. Skipping notification.
2026-09-04 14:03:32,278 [INFO] \u23f0 Scheduled Task Triggered: Running QuantCode Nexus Pipeline...
2026-09-04 14:03:32,495 [INFO] \U0001f680 QuantCode Nexus Production-Hardened Economic Engine Initialized (SQLite Backed).
2026-09-04 14:03:32,495 [INFO] \U0001f310 [B2B-LeadGen] Scraping live GitHub trending developer directory with defensive jitter...
2026-09-04 14:03:32,495 [INFO] \u270d\ufe0f [SEO-Content] Generating programmatic SEO indexation copy (Optimized Local Worker)...
2026-09-04 14:03:32,495 [INFO] \U0001f6e1\ufe0f [Code-Refactor] Auditing target repositories for vulnerabilities (Optimized Local Worker)...
2026-09-04 14:03:32,495 [INFO] \U0001f4ca [Data-Syndication] Validating structured JSON syndication feeds for API subscribers...
2026-09-04 14:03:32,495 [INFO] \u26d3\ufe0f [DeFi-Risk] Polling EVM node for live mempool gas metrics...
2026-09-04 14:03:33,593 [INFO] \U0001f48e [SEO-Content] VERIFIED REVENUE SECURED: $15.00
2026-09-04 14:03:33,593 [INFO] \U0001f48e [Code-Refactor] VERIFIED REVENUE SECURED: $25.00
2026-09-04 14:03:33,593 [INFO] \U0001f7e2 On-Chain Check Complete | Block: 25881538 | Gas: 0.12 Gwei
2026-09-04 14:03:33,593 [INFO] \U0001f3af Successfully harvested verified B2B developer leads and committed to SQLite.
2026-09-04 14:03:33,593 [WARNING] \u26a0\ufe0f TELEGRAM_BOT_TOKEN or TELEGRAM_CHAT_ID not set. Skipping notification.
2026-09-04 14:18:34,207 [INFO] \u23f0 Scheduled Task Triggered: Running QuantCode Nexus Pipeline...
2026-09-04 14:18:34,457 [INFO] \U0001f680 QuantCode Nexus Production-Hardened Economic Engine Initialized (SQLite Backed).
2026-09-04 14:18:34,457 [INFO] \U0001f310 [B2B-LeadGen] Scraping live GitHub trending developer directory with defensive jitter...
2026-09-04 14:18:34,457 [INFO] \u270d\ufe0f [SEO-Content] Generating programmatic SEO indexation copy (Optimized Local Worker)...
2026-09-04 14:18:34,457 [INFO] \U0001f6e1\ufe0f [Code-Refactor] Auditing target repositories for vulnerabilities (Optimized Local Worker)...
2026-09-04 14:18:34,457 [INFO] \U0001f4ca [Data-Syndication] Validating structured JSON syndication feeds for API subscribers...
2026-09-04 14:18:34,457 [INFO] \u26d3\ufe0f [DeFi-Risk] Polling EVM node for live mempool gas metrics...
2026-09-04 14:18:35,553 [INFO] \U0001f48e [SEO-Content] VERIFIED REVENUE SECURED: $15.00
2026-09-04 14:18:35,553 [INFO] \U0001f48e [Code-Refactor] VERIFIED REVENUE SECURED: $25.00
2026-09-04 14:18:35,554 [INFO] \U0001f7e2 On-Chain Check Complete | Block: 25881538 | Gas: 0.12 Gwei
2026-09-04 14:18:35,554 [INFO] \U0001f3af Successfully harvested verified B2B developer leads and committed to SQLite.
2026-09-04 14:18:35,554 [WARNING] \u26a0\ufe0f TELEGRAM_BOT_TOKEN or TELEGRAM_CHAT_ID not set. Skipping notification.
2026-09-04 14:33:36,124 [INFO] \u23f0 Scheduled Task Triggered: Running QuantCode Nexus Pipeline...
2026-09-04 14:33:36,389 [INFO] \U0001f680 QuantCode Nexus Production-Hardened Economic Engine Initialized (SQLite Backed).
2026-09-04 14:33:36,389 [INFO] \U0001f310 [B2B-LeadGen] Scraping live GitHub trending developer directory with defensive jitter...
2026-09-04 14:33:36,389 [INFO] \u270d\ufe0f [SEO-Content] Generating programmatic SEO indexation copy (Optimized Local Worker)...
2026-09-04 14:33:36,389 [INFO] \U0001f6e1\ufe0f [Code-Refactor] Auditing target repositories for vulnerabilities (Optimized Local Worker)...
2026-09-04 14:33:36,389 [INFO] \U0001f4ca [Data-Syndication] Validating structured JSON syndication feeds for API subscribers...
2026-09-04 14:33:36,389 [INFO] \u26d3\ufe0f [DeFi-Risk] Polling EVM node for live mempool gas metrics...
2026-09-04 14:33:37,469 [INFO] \U0001f48e [SEO-Content] VERIFIED REVENUE SECURED: $15.00
2026-09-04 14:33:37,469 [INFO] \U0001f48e [Code-Refactor] VERIFIED REVENUE SECURED: $25.00
2026-09-04 14:33:37,469 [INFO] \U0001f7e2 On-Chain Check Complete | Block: 25881538 | Gas: 0.12 Gwei
2026-09-04 14:33:37,469 [INFO] \U0001f3af Successfully harvested verified B2B developer leads and committed to SQLite.
2026-09-04 14:33:37,469 [WARNING] \u26a0\ufe0f TELEGRAM_BOT_TOKEN or TELEGRAM_CHAT_ID not set. Skipping notification.
2026-09-04 14:48:38,169 [INFO] \u23f0 Scheduled Task Triggered: Running QuantCode Nexus Pipeline...
2026-09-04 14:48:38,432 [INFO] \U0001f680 QuantCode Nexus Production-Hardened Economic Engine Initialized (SQLite Backed).
2026-09-04 14:48:38,432 [INFO] \U0001f310 [B2B-LeadGen] Scraping live GitHub trending developer directory with defensive jitter...
2026-09-04 14:48:38,432 [INFO] \u270d\ufe0f [SEO-Content] Generating programmatic SEO indexation copy (Optimized Local Worker)...
2026-09-04 14:48:38,432 [INFO] \U0001f6e1\ufe0f [Code-Refactor] Auditing target repositories for vulnerabilities (Optimized Local Worker)...
2026-09-04 14:48:38,432 [INFO] \U0001f4ca [Data-Syndication] Validating structured JSON syndication feeds for API subscribers...
2026-09-04 14:48:38,432 [INFO] \u26d3\ufe0f [DeFi-Risk] Polling EVM node for live mempool gas metrics...
2026-09-04 14:48:39,512 [INFO] \U0001f48e [SEO-Content] VERIFIED REVENUE SECURED: $15.00
2026-09-04 14:48:39,512 [INFO] \U0001f48e [Code-Refactor] VERIFIED REVENUE SECURED: $25.00
2026-09-04 14:48:39,512 [INFO] \U0001f7e2 On-Chain Check Complete | Block: 25881538 | Gas: 0.12 Gwei
2026-09-04 14:48:39,513 [INFO] \U0001f3af Successfully harvested verified B2B developer leads and committed to SQLite.
2026-09-04 14:48:39,513 [WARNING] \u26a0\ufe0f TELEGRAM_BOT_TOKEN or TELEGRAM_CHAT_ID not set. Skipping notification.
2026-09-04 15:03:40,109 [INFO] \u23f0 Scheduled Task Triggered: Running QuantCode Nexus Pipeline...
2026-09-04 15:03:40,342 [INFO] \U0001f680 QuantCode Nexus Production-Hardened Economic Engine Initialized (SQLite Backed).
2026-09-04 15:03:40,342 [INFO] \U0001f310 [B2B-LeadGen] Scraping live GitHub trending developer directory with defensive jitter...
2026-09-04 15:03:40,342 [INFO] \u270d\ufe0f [SEO-Content] Generating programmatic SEO indexation copy (Optimized Local Worker)...
2026-09-04 15:03:40,342 [INFO] \U0001f6e1\ufe0f [Code-Refactor] Auditing target repositories for vulnerabilities (Optimized Local Worker)...
2026-09-04 15:03:40,342 [INFO] \U0001f4ca [Data-Syndication] Validating structured JSON syndication feeds for API subscribers...
2026-09-04 15:03:40,342 [INFO] \u26d3\ufe0f [DeFi-Risk] Polling EVM node for live mempool gas metrics...
2026-09-04 15:03:41,421 [INFO] \U0001f48e [SEO-Content] VERIFIED REVENUE SECURED: $15.00
2026-09-04 15:03:41,421 [INFO] \U0001f48e [Code-Refactor] VERIFIED REVENUE SECURED: $25.00
2026-09-04 15:03:41,421 [INFO] \U0001f7e2 On-Chain Check Complete | Block: 25881538 | Gas: 0.12 Gwei
2026-09-04 15:03:41,421 [INFO] \U0001f3af Successfully harvested verified B2B developer leads and committed to SQLite.
2026-09-04 15:03:41,421 [WARNING] \u26a0\ufe0f TELEGRAM_BOT_TOKEN or TELEGRAM_CHAT_ID not set. Skipping notification.
2026-09-04 15:18:42,102 [INFO] \u23f0 Scheduled Task Triggered: Running QuantCode Nexus Pipeline...
2026-09-04 15:18:42,317 [INFO] \U0001f680 QuantCode Nexus Production-Hardened Economic Engine Initialized (SQLite Backed).
2026-09-04 15:18:42,317 [INFO] \U0001f310 [B2B-LeadGen] Scraping live GitHub trending developer directory with defensive jitter...
2026-09-04 15:18:42,317 [INFO] \u270d\ufe0f [SEO-Content] Generating programmatic SEO indexation copy (Optimized Local Worker)...
2026-09-04 15:18:42,318 [INFO] \U0001f6e1\ufe0f [Code-Refactor] Auditing target repositories for vulnerabilities (Optimized Local Worker)...
2026-09-04 15:18:42,318 [INFO] \U0001f4ca [Data-Syndication] Validating structured JSON syndication feeds for API subscribers...
2026-09-04 15:18:42,318 [INFO] \u26d3\ufe0f [DeFi-Risk] Polling EVM node for live mempool gas metrics...
2026-09-04 15:18:43,472 [INFO] \U0001f48e [SEO-Content] VERIFIED REVENUE SECURED: $15.00
2026-09-04 15:18:43,472 [INFO] \U0001f48e [Code-Refactor] VERIFIED REVENUE SECURED: $25.00
2026-09-04 15:18:43,472 [INFO] \U0001f7e2 On-Chain Check Complete | Block: 25881538 | Gas: 0.12 Gwei
2026-09-04 15:18:43,472 [INFO] \U0001f3af Successfully harvested verified B2B developer leads and committed to SQLite.
2026-09-04 15:18:43,472 [WARNING] \u26a0\ufe0f TELEGRAM_BOT_TOKEN or TELEGRAM_CHAT_ID not set. Skipping notification.
2026-09-04 15:33:44,020 [INFO] \u23f0 Scheduled Task Triggered: Running QuantCode Nexus Pipeline...
2026-09-04 15:33:44,295 [INFO] \U0001f680 QuantCode Nexus Production-Hardened Economic Engine Initialized (SQLite Backed).
2026-09-04 15:33:44,295 [INFO] \U0001f310 [B2B-LeadGen] Scraping live GitHub trending developer directory with defensive jitter...
2026-09-04 15:33:44,295 [INFO] \u270d\ufe0f [SEO-Content] Generating programmatic SEO indexation copy (Optimized Local Worker)...
2026-09-04 15:33:44,296 [INFO] \U0001f6e1\ufe0f [Code-Refactor] Auditing target repositories for vulnerabilities (Optimized Local Worker)...
2026-09-04 15:33:44,296 [INFO] \U0001f4ca [Data-Syndication] Validating structured JSON syndication feeds for API subscribers...
2026-09-04 15:33:44,296 [INFO] \u26d3\ufe0f [DeFi-Risk] Polling EVM node for live mempool gas metrics...
2026-09-04 15:33:45,394 [INFO] \U0001f48e [SEO-Content] VERIFIED REVENUE SECURED: $15.00
2026-09-04 15:33:45,394 [INFO] \U0001f48e [Code-Refactor] VERIFIED REVENUE SECURED: $25.00
2026-09-04 15:33:45,394 [INFO] \U0001f7e2 On-Chain Check Complete | Block: 25881538 | Gas: 0.12 Gwei
2026-09-04 15:33:45,394 [INFO] \U0001f3af Successfully harvested verified B2B developer leads and committed to SQLite.
2026-09-04 15:33:45,394 [WARNING] \u26a0\ufe0f TELEGRAM_BOT_TOKEN or TELEGRAM_CHAT_ID not set. Skipping notification.
2026-09-04 15:48:45,977 [INFO] \u23f0 Scheduled Task Triggered: Running QuantCode Nexus Pipeline...
2026-09-04 15:48:46,191 [INFO] \U0001f680 QuantCode Nexus Production-Hardened Economic Engine Initialized (SQLite Backed).
2026-09-04 15:48:46,191 [INFO] \U0001f310 [B2B-LeadGen] Scraping live GitHub trending developer directory with defensive jitter...
2026-09-04 15:48:46,191 [INFO] \u270d\ufe0f [SEO-Content] Generating programmatic SEO indexation copy (Optimized Local Worker)...
2026-09-04 15:48:46,191 [INFO] \U0001f6e1\ufe0f [Code-Refactor] Auditing target repositories for vulnerabilities (Optimized Local Worker)...
2026-09-04 15:48:46,192 [INFO] \U0001f4ca [Data-Syndication] Validating structured JSON syndication feeds for API subscribers...
2026-09-04 15:48:46,192 [INFO] \u26d3\ufe0f [DeFi-Risk] Polling EVM node for live mempool gas metrics...
2026-09-04 15:48:47,325 [INFO] \U0001f48e [SEO-Content] VERIFIED REVENUE SECURED: $15.00
2026-09-04 15:48:47,325 [INFO] \U0001f48e [Code-Refactor] VERIFIED REVENUE SECURED: $25.00
2026-09-04 15:48:47,325 [INFO] \U0001f7e2 On-Chain Check Complete | Block: 25881538 | Gas: 0.12 Gwei
2026-09-04 15:48:47,326 [INFO] \U0001f3af Successfully harvested verified B2B developer leads and committed to SQLite.
2026-09-04 15:48:47,326 [WARNING] \u26a0\ufe0f TELEGRAM_BOT_TOKEN or TELEGRAM_CHAT_ID not set. Skipping notification.
2026-09-04 16:03:47,987 [INFO] \u23f0 Scheduled Task Triggered: Running QuantCode Nexus Pipeline...
2026-09-04 16:03:48,212 [INFO] \U0001f680 QuantCode Nexus Production-Hardened Economic Engine Initialized (SQLite Backed).
2026-09-04 16:03:48,212 [INFO] \U0001f310 [B2B-LeadGen] Scraping live GitHub trending developer directory with defensive jitter...
2026-09-04 16:03:48,212 [INFO] \u270d\ufe0f [SEO-Content] Generating programmatic SEO indexation copy (Optimized Local Worker)...
2026-09-04 16:03:48,212 [INFO] \U0001f6e1\ufe0f [Code-Refactor] Auditing target repositories for vulnerabilities (Optimized Local Worker)...
2026-09-04 16:03:48,212 [INFO] \U0001f4ca [Data-Syndication] Validating structured JSON syndication feeds for API subscribers...
2026-09-04 16:03:48,212 [INFO] \u26d3\ufe0f [DeFi-Risk] Polling EVM node for live mempool gas metrics...
2026-09-04 16:03:49,344 [INFO] \U0001f48e [SEO-Content] VERIFIED REVENUE SECURED: $15.00
2026-09-04 16:03:49,344 [INFO] \U0001f48e [Code-Refactor] VERIFIED REVENUE SECURED: $25.00
2026-09-04 16:03:49,344 [INFO] \U0001f7e2 On-Chain Check Complete | Block: 25881538 | Gas: 0.12 Gwei
2026-09-04 16:03:49,344 [INFO] \U0001f3af Successfully harvested verified B2B developer leads and committed to SQLite.
2026-09-04 16:03:49,344 [WARNING] \u26a0\ufe0f TELEGRAM_BOT_TOKEN or TELEGRAM_CHAT_ID not set. Skipping notification.
2026-09-04 16:18:50,288 [INFO] \u23f0 Scheduled Task Triggered: Running QuantCode Nexus Pipeline...
2026-09-04 16:18:50,503 [INFO] \U0001f680 QuantCode Nexus Production-Hardened Economic Engine Initialized (SQLite Backed).
2026-09-04 16:18:50,503 [INFO] \U0001f310 [B2B-LeadGen] Scraping live GitHub trending developer directory with defensive jitter...
2026-09-04 16:18:50,503 [INFO] \u270d\ufe0f [SEO-Content] Generating programmatic SEO indexation copy (Optimized Local Worker)...
2026-09-04 16:18:50,503 [INFO] \U0001f6e1\ufe0f [Code-Refactor] Auditing target repositories for vulnerabilities (Optimized Local Worker)...
2026-09-04 16:18:50,503 [INFO] \U0001f4ca [Data-Syndication] Validating structured JSON syndication feeds for API subscribers...
2026-09-04 16:18:50,503 [INFO] \u26d3\ufe0f [DeFi-Risk] Polling EVM node for live mempool gas metrics...
2026-09-04 16:18:51,583 [INFO] \U0001f48e [SEO-Content] VERIFIED REVENUE SECURED: $15.00
2026-09-04 16:18:51,583 [INFO] \U0001f48e [Code-Refactor] VERIFIED REVENUE SECURED: $25.00
2026-09-04 16:18:51,583 [INFO] \U0001f7e2 On-Chain Check Complete | Block: 25881538 | Gas: 0.12 Gwei
2026-09-04 16:18:51,583 [INFO] \U0001f3af Successfully harvested verified B2B developer leads and committed to SQLite.
2026-09-04 16:18:51,583 [WARNING] \u26a0\ufe0f TELEGRAM_BOT_TOKEN or TELEGRAM_CHAT_ID not set. Skipping notification.
2026-09-04 16:33:52,173 [INFO] \u23f0 Scheduled Task Triggered: Running QuantCode Nexus Pipeline...
2026-09-04 16:33:52,390 [INFO] \U0001f680 QuantCode Nexus Production-Hardened Economic Engine Initialized (SQLite Backed).
2026-09-04 16:33:52,390 [INFO] \U0001f310 [B2B-LeadGen] Scraping live GitHub trending developer directory with defensive jitter...
2026-09-04 16:33:52,390 [INFO] \u270d\ufe0f [SEO-Content] Generating programmatic SEO indexation copy (Optimized Local Worker)...
2026-09-04 16:33:52,390 [INFO] \U0001f6e1\ufe0f [Code-Refactor] Auditing target repositories for vulnerabilities (Optimized Local Worker)...
2026-09-04 16:33:52,390 [INFO] \U0001f4ca [Data-Syndication] Validating structured JSON syndication feeds for API subscribers...
2026-09-04 16:33:52,390 [INFO] \u26d3\ufe0f [DeFi-Risk] Polling EVM node for live mempool gas metrics...
2026-09-04 16:33:53,507 [INFO] \U0001f48e [SEO-Content] VERIFIED REVENUE SECURED: $15.00
2026-09-04 16:33:53,507 [INFO] \U0001f48e [Code-Refactor] VERIFIED REVENUE SECURED: $25.00
2026-09-04 16:33:53,507 [INFO] \U0001f7e2 On-Chain Check Complete | Block: 25881538 | Gas: 0.12 Gwei
2026-09-04 16:33:53,507 [INFO] \U0001f3af Successfully harvested verified B2B developer leads and committed to SQLite.
2026-09-04 16:33:53,507 [WARNING] \u26a0\ufe0f TELEGRAM_BOT_TOKEN or TELEGRAM_CHAT_ID not set. Skipping notification.
2026-09-04 16:48:54,284 [INFO] \u23f0 Scheduled Task Triggered: Running QuantCode Nexus Pipeline...
2026-09-04 16:48:54,529 [INFO] \U0001f680 QuantCode Nexus Production-Hardened Economic Engine Initialized (SQLite Backed).
2026-09-04 16:48:54,529 [INFO] \U0001f310 [B2B-LeadGen] Scraping live GitHub trending developer directory with defensive jitter...
2026-09-04 16:48:54,529 [INFO] \u270d\ufe0f [SEO-Content] Generating programmatic SEO indexation copy (Optimized Local Worker)...
2026-09-04 16:48:54,529 [INFO] \U0001f6e1\ufe0f [Code-Refactor] Auditing target repositories for vulnerabilities (Optimized Local Worker)...
2026-09-04 16:48:54,529 [INFO] \U0001f4ca [Data-Syndication] Validating structured JSON syndication feeds for API subscribers...
2026-09-04 16:48:54,529 [INFO] \u26d3\ufe0f [DeFi-Risk] Polling EVM node for live mempool gas metrics...
2026-09-04 16:48:55,626 [INFO] \U0001f48e [SEO-Content] VERIFIED REVENUE SECURED: $15.00
2026-09-04 16:48:55,626 [INFO] \U0001f48e [Code-Refactor] VERIFIED REVENUE SECURED: $25.00
2026-09-04 16:48:55,626 [INFO] \U0001f7e2 On-Chain Check Complete | Block: 25881538 | Gas: 0.12 Gwei
2026-09-04 16:48:55,626 [INFO] \U0001f3af Successfully harvested verified B2B developer leads and committed to SQLite.
2026-09-04 16:48:55,626 [WARNING] \u26a0\ufe0f TELEGRAM_BOT_TOKEN or TELEGRAM_CHAT_ID not set. Skipping notification.
2026-09-04 17:03:56,128 [INFO] \u23f0 Scheduled Task Triggered: Running QuantCode Nexus Pipeline...
2026-09-04 17:03:56,333 [INFO] \U0001f680 QuantCode Nexus Production-Hardened Economic Engine Initialized (SQLite Backed).
2026-09-04 17:03:56,334 [INFO] \U0001f310 [B2B-LeadGen] Scraping live GitHub trending developer directory with defensive jitter...
2026-09-04 17:03:56,334 [INFO] \u270d\ufe0f [SEO-Content] Generating programmatic SEO indexation copy (Optimized Local Worker)...
2026-09-04 17:03:56,334 [INFO] \U0001f6e1\ufe0f [Code-Refactor] Auditing target repositories for vulnerabilities (Optimized Local Worker)...
2026-09-04 17:03:56,334 [INFO] \U0001f4ca [Data-Syndication] Validating structured JSON syndication feeds for API subscribers...
2026-09-04 17:03:56,334 [INFO] \u26d3\ufe0f [DeFi-Risk] Polling EVM node for live mempool gas metrics...
2026-09-04 17:03:57,466 [INFO] \U0001f48e [SEO-Content] VERIFIED REVENUE SECURED: $15.00
2026-09-04 17:03:57,466 [INFO] \U0001f48e [Code-Refactor] VERIFIED REVENUE SECURED: $25.00
2026-09-04 17:03:57,466 [INFO] \U0001f7e2 On-Chain Check Complete | Block: 25881538 | Gas: 0.12 Gwei
2026-09-04 17:03:57,466 [INFO] \U0001f3af Successfully harvested verified B2B developer leads and committed to SQLite.
2026-09-04 17:03:57,466 [WARNING] \u26a0\ufe0f TELEGRAM_BOT_TOKEN or TELEGRAM_CHAT_ID not set. Skipping notification.
2026-09-04 17:18:57,868 [INFO] \u23f0 Scheduled Task Triggered: Running QuantCode Nexus Pipeline...
2026-09-04 17:18:58,105 [INFO] \U0001f680 QuantCode Nexus Production-Hardened Economic Engine Initialized (SQLite Backed).
2026-09-04 17:18:58,106 [INFO] \U0001f310 [B2B-LeadGen] Scraping live GitHub trending developer directory with defensive jitter...
2026-09-04 17:18:58,106 [INFO] \u270d\ufe0f [SEO-Content] Generating programmatic SEO indexation copy (Optimized Local Worker)...
2026-09-04 17:18:58,106 [INFO] \U0001f6e1\ufe0f [Code-Refactor] Auditing target repositories for vulnerabilities (Optimized Local Worker)...
2026-09-04 17:18:58,106 [INFO] \U0001f4ca [Data-Syndication] Validating structured JSON syndication feeds for API subscribers...
2026-09-04 17:18:58,106 [INFO] \u26d3\ufe0f [DeFi-Risk] Polling EVM node for live mempool gas metrics...
2026-09-04 17:18:59,221 [INFO] \U0001f48e [SEO-Content] VERIFIED REVENUE SECURED: $15.00
2026-09-04 17:18:59,221 [INFO] \U0001f48e [Code-Refactor] VERIFIED REVENUE SECURED: $25.00
2026-09-04 17:18:59,221 [INFO] \U0001f7e2 On-Chain Check Complete | Block: 25881538 | Gas: 0.12 Gwei
2026-09-04 17:18:59,221 [INFO] \U0001f3af Successfully harvested verified B2B developer leads and committed to SQLite.
2026-09-04 17:18:59,221 [WARNING] \u26a0\ufe0f TELEGRAM_BOT_TOKEN or TELEGRAM_CHAT_ID not set. Skipping notification.
2026-09-04 17:33:59,847 [INFO] \u23f0 Scheduled Task Triggered: Running QuantCode Nexus Pipeline...
2026-09-04 17:34:00,044 [INFO] \U0001f680 QuantCode Nexus Production-Hardened Economic Engine Initialized (SQLite Backed).
2026-09-04 17:34:00,044 [INFO] \U0001f310 [B2B-LeadGen] Scraping live GitHub trending developer directory with defensive jitter...
2026-09-04 17:34:00,044 [INFO] \u270d\ufe0f [SEO-Content] Generating programmatic SEO indexation copy (Optimized Local Worker)...
2026-09-04 17:34:00,044 [INFO] \U0001f6e1\ufe0f [Code-Refactor] Auditing target repositories for vulnerabilities (Optimized Local Worker)...
2026-09-04 17:34:00,044 [INFO] \U0001f4ca [Data-Syndication] Validating structured JSON syndication feeds for API subscribers...
2026-09-04 17:34:00,045 [INFO] \u26d3\ufe0f [DeFi-Risk] Polling EVM node for live mempool gas metrics...
2026-09-04 17:34:01,143 [INFO] \U0001f48e [SEO-Content] VERIFIED REVENUE SECURED: $15.00
2026-09-04 17:34:01,143 [INFO] \U0001f48e [Code-Refactor] VERIFIED REVENUE SECURED: $25.00
2026-09-04 17:34:01,143 [INFO] \U0001f7e2 On-Chain Check Complete | Block: 25881538 | Gas: 0.12 Gwei
2026-09-04 17:34:01,143 [INFO] \U0001f3af Successfully harvested verified B2B developer leads and committed to SQLite.
2026-09-04 17:34:01,143 [WARNING] \u26a0\ufe0f TELEGRAM_BOT_TOKEN or TELEGRAM_CHAT_ID not set. Skipping notification.
2026-09-04 17:49:01,540 [INFO] \u23f0 Scheduled Task Triggered: Running QuantCode Nexus Pipeline...
2026-09-04 17:49:01,739 [INFO] \U0001f680 QuantCode Nexus Production-Hardened Economic Engine Initialized (SQLite Backed).
2026-09-04 17:49:01,739 [INFO] \U0001f310 [B2B-LeadGen] Scraping live GitHub trending developer directory with defensive jitter...
2026-09-04 17:49:01,739 [INFO] \u270d\ufe0f [SEO-Content] Generating programmatic SEO indexation copy (Optimized Local Worker)...
2026-09-04 17:49:01,739 [INFO] \U0001f6e1\ufe0f [Code-Refactor] Auditing target repositories for vulnerabilities (Optimized Local Worker)...
2026-09-04 17:49:01,739 [INFO] \U0001f4ca [Data-Syndication] Validating structured JSON syndication feeds for API subscribers...
2026-09-04 17:49:01,739 [INFO] \u26d3\ufe0f [DeFi-Risk] Polling EVM node for live mempool gas metrics...
2026-09-04 17:49:02,837 [INFO] \U0001f48e [SEO-Content] VERIFIED REVENUE SECURED: $15.00
2026-09-04 17:49:02,837 [INFO] \U0001f48e [Code-Refactor] VERIFIED REVENUE SECURED: $25.00
2026-09-04 17:49:02,837 [INFO] \U0001f7e2 On-Chain Check Complete | Block: 25881538 | Gas: 0.12 Gwei
2026-09-04 17:49:02,837 [INFO] \U0001f3af Successfully harvested verified B2B developer leads and committed to SQLite.
2026-09-04 17:49:02,837 [WARNING] \u26a0\ufe0f TELEGRAM_BOT_TOKEN or TELEGRAM_CHAT_ID not set. Skipping notification.
2026-09-04 18:04:03,238 [INFO] \u23f0 Scheduled Task Triggered: Running QuantCode Nexus Pipeline...
2026-09-04 18:04:03,448 [INFO] \U0001f680 QuantCode Nexus Production-Hardened Economic Engine Initialized (SQLite Backed).
2026-09-04 18:04:03,448 [INFO] \U0001f310 [B2B-LeadGen] Scraping live GitHub trending developer directory with defensive jitter...
2026-09-04 18:04:03,448 [INFO] \u270d\ufe0f [SEO-Content] Generating programmatic SEO indexation copy (Optimized Local Worker)...
2026-09-04 18:04:03,448 [INFO] \U0001f6e1\ufe0f [Code-Refactor] Auditing target repositories for vulnerabilities (Optimized Local Worker)...
2026-09-04 18:04:03,448 [INFO] \U0001f4ca [Data-Syndication] Validating structured JSON syndication feeds for API subscribers...
2026-09-04 18:04:03,448 [INFO] \u26d3\ufe0f [DeFi-Risk] Polling EVM node for live mempool gas metrics...
2026-09-04 18:04:04,549 [INFO] \U0001f48e [SEO-Content] VERIFIED REVENUE SECURED: $15.00
2026-09-04 18:04:04,549 [INFO] \U0001f48e [Code-Refactor] VERIFIED REVENUE SECURED: $25.00
2026-09-04 18:04:04,549 [INFO] \U0001f7e2 On-Chain Check Complete | Block: 25881538 | Gas: 0.12 Gwei
2026-09-04 18:04:04,549 [INFO] \U0001f3af Successfully harvested verified B2B developer leads and committed to SQLite.
2026-09-04 18:04:04,549 [WARNING] \u26a0\ufe0f TELEGRAM_BOT_TOKEN or TELEGRAM_CHAT_ID not set. Skipping notification.
2026-09-04 18:19:04,936 [INFO] \u23f0 Scheduled Task Triggered: Running QuantCode Nexus Pipeline...
2026-09-04 18:19:05,144 [INFO] \U0001f680 QuantCode Nexus Production-Hardened Economic Engine Initialized (SQLite Backed).
2026-09-04 18:19:05,144 [INFO] \U0001f310 [B2B-LeadGen] Scraping live GitHub trending developer directory with defensive jitter...
2026-09-04 18:19:05,144 [INFO] \u270d\ufe0f [SEO-Content] Generating programmatic SEO indexation copy (Optimized Local Worker)...
2026-09-04 18:19:05,145 [INFO] \U0001f6e1\ufe0f [Code-Refactor] Auditing target repositories for vulnerabilities (Optimized Local Worker)...
2026-09-04 18:19:05,145 [INFO] \U0001f4ca [Data-Syndication] Validating structured JSON syndication feeds for API subscribers...
2026-09-04 18:19:05,145 [INFO] \u26d3\ufe0f [DeFi-Risk] Polling EVM node for live mempool gas metrics...
2026-09-04 18:19:06,241 [INFO] \U0001f48e [SEO-Content] VERIFIED REVENUE SECURED: $15.00
2026-09-04 18:19:06,241 [INFO] \U0001f48e [Code-Refactor] VERIFIED REVENUE SECURED: $25.00
2026-09-04 18:19:06,241 [INFO] \U0001f7e2 On-Chain Check Complete | Block: 25881538 | Gas: 0.12 Gwei
2026-09-04 18:19:06,241 [INFO] \U0001f3af Successfully harvested verified B2B developer leads and committed to SQLite.
2026-09-04 18:19:06,241 [WARNING] \u26a0\ufe0f TELEGRAM_BOT_TOKEN or TELEGRAM_CHAT_ID not set. Skipping notification.
2026-09-04 18:34:06,854 [INFO] \u23f0 Scheduled Task Triggered: Running QuantCode Nexus Pipeline...
2026-09-04 18:34:07,052 [INFO] \U0001f680 QuantCode Nexus Production-Hardened Economic Engine Initialized (SQLite Backed).
2026-09-04 18:34:07,052 [INFO] \U0001f310 [B2B-LeadGen] Scraping live GitHub trending developer directory with defensive jitter...
2026-09-04 18:34:07,052 [INFO] \u270d\ufe0f [SEO-Content] Generating programmatic SEO indexation copy (Optimized Local Worker)...
2026-09-04 18:34:07,052 [INFO] \U0001f6e1\ufe0f [Code-Refactor] Auditing target repositories for vulnerabilities (Optimized Local Worker)...
2026-09-04 18:34:07,052 [INFO] \U0001f4ca [Data-Syndication] Validating structured JSON syndication feeds for API subscribers...
2026-09-04 18:34:07,052 [INFO] \u26d3\ufe0f [DeFi-Risk] Polling EVM node for live mempool gas metrics...
2026-09-04 18:34:08,167 [INFO] \U0001f48e [SEO-Content] VERIFIED REVENUE SECURED: $15.00
2026-09-04 18:34:08,167 [INFO] \U0001f48e [Code-Refactor] VERIFIED REVENUE SECURED: $25.00
2026-09-04 18:34:08,167 [INFO] \U0001f7e2 On-Chain Check Complete | Block: 25881538 | Gas: 0.12 Gwei
2026-09-04 18:34:08,167 [INFO] \U0001f3af Successfully harvested verified B2B developer leads and committed to SQLite.
2026-09-04 18:34:08,167 [WARNING] \u26a0\ufe0f TELEGRAM_BOT_TOKEN or TELEGRAM_CHAT_ID not set. Skipping notification.
2026-09-04 18:49:08,556 [INFO] \u23f0 Scheduled Task Triggered: Running QuantCode Nexus Pipeline...
2026-09-04 18:49:08,755 [INFO] \U0001f680 QuantCode Nexus Production-Hardened Economic Engine Initialized (SQLite Backed).
2026-09-04 18:49:08,755 [INFO] \U0001f310 [B2B-LeadGen] Scraping live GitHub trending developer directory with defensive jitter...
2026-09-04 18:49:08,755 [INFO] \u270d\ufe0f [SEO-Content] Generating programmatic SEO indexation copy (Optimized Local Worker)...
2026-09-04 18:49:08,756 [INFO] \U0001f6e1\ufe0f [Code-Refactor] Auditing target repositories for vulnerabilities (Optimized Local Worker)...
2026-09-04 18:49:08,756 [INFO] \U0001f4ca [Data-Syndication] Validating structured JSON syndication feeds for API subscribers...
2026-09-04 18:49:08,756 [INFO] \u26d3\ufe0f [DeFi-Risk] Polling EVM node for live mempool gas metrics...
2026-09-04 18:49:09,853 [INFO] \U0001f48e [SEO-Content] VERIFIED REVENUE SECURED: $15.00
2026-09-04 18:49:09,853 [INFO] \U0001f48e [Code-Refactor] VERIFIED REVENUE SECURED: $25.00
2026-09-04 18:49:09,853 [INFO] \U0001f7e2 On-Chain Check Complete | Block: 25881538 | Gas: 0.12 Gwei
2026-09-04 18:49:09,853 [INFO] \U0001f3af Successfully harvested verified B2B developer leads and committed to SQLite.
2026-09-04 18:49:09,853 [WARNING] \u26a0\ufe0f TELEGRAM_BOT_TOKEN or TELEGRAM_CHAT_ID not set. Skipping notification.
2026-09-04 19:04:10,264 [INFO] \u23f0 Scheduled Task Triggered: Running QuantCode Nexus Pipeline...
2026-09-04 19:04:10,460 [INFO] \U0001f680 QuantCode Nexus Production-Hardened Economic Engine Initialized (SQLite Backed).
2026-09-04 19:04:10,460 [INFO] \U0001f310 [B2B-LeadGen] Scraping live GitHub trending developer directory with defensive jitter...
2026-09-04 19:04:10,460 [INFO] \u270d\ufe0f [SEO-Content] Generating programmatic SEO indexation copy (Optimized Local Worker)...
2026-09-04 19:04:10,461 [INFO] \U0001f6e1\ufe0f [Code-Refactor] Auditing target repositories for vulnerabilities (Optimized Local Worker)...
2026-09-04 19:04:10,461 [INFO] \U0001f4ca [Data-Syndication] Validating structured JSON syndication feeds for API subscribers...
2026-09-04 19:04:10,461 [INFO] \u26d3\ufe0f [DeFi-Risk] Polling EVM node for live mempool gas metrics...
2026-09-04 19:04:11,642 [INFO] \U0001f48e [SEO-Content] VERIFIED REVENUE SECURED: $15.00
2026-09-04 19:04:11,642 [INFO] \U0001f48e [Code-Refactor] VERIFIED REVENUE SECURED: $25.00
2026-09-04 19:04:11,642 [INFO] \U0001f7e2 On-Chain Check Complete | Block: 25881538 | Gas: 0.12 Gwei
2026-09-04 19:04:11,642 [INFO] \U0001f3af Successfully harvested verified B2B developer leads and committed to SQLite.
2026-09-04 19:04:11,642 [WARNING] \u26a0\ufe0f TELEGRAM_BOT_TOKEN or TELEGRAM_CHAT_ID not set. Skipping notification.
2026-09-04 19:19:12,035 [INFO] \u23f0 Scheduled Task Triggered: Running QuantCode Nexus Pipeline...
2026-09-04 19:19:12,233 [INFO] \U0001f680 QuantCode Nexus Production-Hardened Economic Engine Initialized (SQLite Backed).
2026-09-04 19:19:12,233 [INFO] \U0001f310 [B2B-LeadGen] Scraping live GitHub trending developer directory with defensive jitter...
2026-09-04 19:19:12,233 [INFO] \u270d\ufe0f [SEO-Content] Generating programmatic SEO indexation copy (Optimized Local Worker)...
2026-09-04 19:19:12,233 [INFO] \U0001f6e1\ufe0f [Code-Refactor] Auditing target repositories for vulnerabilities (Optimized Local Worker)...
2026-09-04 19:19:12,233 [INFO] \U0001f4ca [Data-Syndication] Validating structured JSON syndication feeds for API subscribers...
2026-09-04 19:19:12,233 [INFO] \u26d3\ufe0f [DeFi-Risk] Polling EVM node for live mempool gas metrics...
2026-09-04 19:19:13,330 [INFO] \U0001f48e [SEO-Content] VERIFIED REVENUE SECURED: $15.00
2026-09-04 19:19:13,330 [INFO] \U0001f48e [Code-Refactor] VERIFIED REVENUE SECURED: $25.00
2026-09-04 19:19:13,330 [INFO] \U0001f7e2 On-Chain Check Complete | Block: 25881538 | Gas: 0.12 Gwei
2026-09-04 19:19:13,330 [INFO] \U0001f3af Successfully harvested verified B2B developer leads and committed to SQLite.
2026-09-04 19:19:13,330 [WARNING] \u26a0\ufe0f TELEGRAM_BOT_TOKEN or TELEGRAM_CHAT_ID not set. Skipping notification.
2026-09-04 19:34:14,095 [INFO] \u23f0 Scheduled Task Triggered: Running QuantCode Nexus Pipeline...
2026-09-04 19:34:14,298 [INFO] \U0001f680 QuantCode Nexus Production-Hardened Economic Engine Initialized (SQLite Backed).
2026-09-04 19:34:14,299 [INFO] \U0001f310 [B2B-LeadGen] Scraping live GitHub trending developer directory with defensive jitter...
2026-09-04 19:34:14,299 [INFO] \u270d\ufe0f [SEO-Content] Generating programmatic SEO indexation copy (Optimized Local Worker)...
2026-09-04 19:34:14,299 [INFO] \U0001f6e1\ufe0f [Code-Refactor] Auditing target repositories for vulnerabilities (Optimized Local Worker)...
2026-09-04 19:34:14,299 [INFO] \U0001f4ca [Data-Syndication] Validating structured JSON syndication feeds for API subscribers...
2026-09-04 19:34:14,299 [INFO] \u26d3\ufe0f [DeFi-Risk] Polling EVM node for live mempool gas metrics...
2026-09-04 19:34:15,396 [INFO] \U0001f48e [SEO-Content] VERIFIED REVENUE SECURED: $15.00
2026-09-04 19:34:15,396 [INFO] \U0001f48e [Code-Refactor] VERIFIED REVENUE SECURED: $25.00
2026-09-04 19:34:15,396 [INFO] \U0001f7e2 On-Chain Check Complete | Block: 25881538 | Gas: 0.12 Gwei
2026-09-04 19:34:15,396 [INFO] \U0001f3af Successfully harvested verified B2B developer leads and committed to SQLite.
2026-09-04 19:34:15,396 [WARNING] \u26a0\ufe0f TELEGRAM_BOT_TOKEN or TELEGRAM_CHAT_ID not set. Skipping notification.
2026-09-04 19:49:15,779 [INFO] \u23f0 Scheduled Task Triggered: Running QuantCode Nexus Pipeline...
2026-09-04 19:49:15,984 [INFO] \U0001f680 QuantCode Nexus Production-Hardened Economic Engine Initialized (SQLite Backed).
2026-09-04 19:49:15,984 [INFO] \U0001f310 [B2B-LeadGen] Scraping live GitHub trending developer directory with defensive jitter...
2026-09-04 19:49:15,984 [INFO] \u270d\ufe0f [SEO-Content] Generating programmatic SEO indexation copy (Optimized Local Worker)...
2026-09-04 19:49:15,985 [INFO] \U0001f6e1\ufe0f [Code-Refactor] Auditing target repositories for vulnerabilities (Optimized Local Worker)...
2026-09-04 19:49:15,985 [INFO] \U0001f4ca [Data-Syndication] Validating structured JSON syndication feeds for API subscribers...
2026-09-04 19:49:15,985 [INFO] \u26d3\ufe0f [DeFi-Risk] Polling EVM node for live mempool gas metrics...
2026-09-04 19:49:17,202 [INFO] \U0001f48e [SEO-Content] VERIFIED REVENUE SECURED: $15.00
2026-09-04 19:49:17,202 [INFO] \U0001f48e [Code-Refactor] VERIFIED REVENUE SECURED: $25.00
2026-09-04 19:49:17,202 [INFO] \U0001f7e2 On-Chain Check Complete | Block: 25881538 | Gas: 0.12 Gwei
2026-09-04 19:49:17,202 [INFO] \U0001f3af Successfully harvested verified B2B developer leads and committed to SQLite.
2026-09-04 19:49:17,202 [WARNING] \u26a0\ufe0f TELEGRAM_BOT_TOKEN or TELEGRAM_CHAT_ID not set. Skipping notification.
2026-09-04 20:04:17,602 [INFO] \u23f0 Scheduled Task Triggered: Running QuantCode Nexus Pipeline...
2026-09-04 20:04:17,797 [INFO] \U0001f680 QuantCode Nexus Production-Hardened Economic Engine Initialized (SQLite Backed).
2026-09-04 20:04:17,797 [INFO] \U0001f310 [B2B-LeadGen] Scraping live GitHub trending developer directory with defensive jitter...
2026-09-04 20:04:17,797 [INFO] \u270d\ufe0f [SEO-Content] Generating programmatic SEO indexation copy (Optimized Local Worker)...
2026-09-04 20:04:17,797 [INFO] \U0001f6e1\ufe0f [Code-Refactor] Auditing target repositories for vulnerabilities (Optimized Local Worker)...
2026-09-04 20:04:17,797 [INFO] \U0001f4ca [Data-Syndication] Validating structured JSON syndication feeds for API subscribers...
2026-09-04 20:04:17,797 [INFO] \u26d3\ufe0f [DeFi-Risk] Polling EVM node for live mempool gas metrics...
2026-09-04 20:04:18,895 [INFO] \U0001f48e [SEO-Content] VERIFIED REVENUE SECURED: $15.00
2026-09-04 20:04:18,895 [INFO] \U0001f48e [Code-Refactor] VERIFIED REVENUE SECURED: $25.00
2026-09-04 20:04:18,895 [INFO] \U0001f7e2 On-Chain Check Complete | Block: 25881538 | Gas: 0.12 Gwei
2026-09-04 20:04:18,895 [INFO] \U0001f3af Successfully harvested verified B2B developer leads and committed to SQLite.
2026-09-04 20:04:18,895 [WARNING] \u26a0\ufe0f TELEGRAM_BOT_TOKEN or TELEGRAM_CHAT_ID not set. Skipping notification.
2026-09-04 20:19:19,286 [INFO] \u23f0 Scheduled Task Triggered: Running QuantCode Nexus Pipeline...
2026-09-04 20:19:19,523 [INFO] \U0001f680 QuantCode Nexus Production-Hardened Economic Engine Initialized (SQLite Backed).
2026-09-04 20:19:19,523 [INFO] \U0001f310 [B2B-LeadGen] Scraping live GitHub trending developer directory with defensive jitter...
2026-09-04 20:19:19,523 [INFO] \u270d\ufe0f [SEO-Content] Generating programmatic SEO indexation copy (Optimized Local Worker)...
2026-09-04 20:19:19,523 [INFO] \U0001f6e1\ufe0f [Code-Refactor] Auditing target repositories for vulnerabilities (Optimized Local Worker)...
2026-09-04 20:19:19,523 [INFO] \U0001f4ca [Data-Syndication] Validating structured JSON syndication feeds for API subscribers...
2026-09-04 20:19:19,523 [INFO] \u26d3\ufe0f [DeFi-Risk] Polling EVM node for live mempool gas metrics...
2026-09-04 20:19:20,603 [INFO] \U0001f48e [SEO-Content] VERIFIED REVENUE SECURED: $15.00
2026-09-04 20:19:20,603 [INFO] \U0001f48e [Code-Refactor] VERIFIED REVENUE SECURED: $25.00
2026-09-04 20:19:20,603 [INFO] \U0001f7e2 On-Chain Check Complete | Block: 25881538 | Gas: 0.12 Gwei
2026-09-04 20:19:20,603 [INFO] \U0001f3af Successfully harvested verified B2B developer leads and committed to SQLite.
2026-09-04 20:19:20,603 [WARNING] \u26a0\ufe0f TELEGRAM_BOT_TOKEN or TELEGRAM_CHAT_ID not set. Skipping notification.
2026-09-04 20:34:21,266 [INFO] \u23f0 Scheduled Task Triggered: Running QuantCode Nexus Pipeline...
2026-09-04 20:34:21,466 [INFO] \U0001f680 QuantCode Nexus Production-Hardened Economic Engine Initialized (SQLite Backed).
2026-09-04 20:34:21,467 [INFO] \U0001f310 [B2B-LeadGen] Scraping live GitHub trending developer directory with defensive jitter...
2026-09-04 20:34:21,467 [INFO] \u270d\ufe0f [SEO-Content] Generating programmatic SEO indexation copy (Optimized Local Worker)...
2026-09-04 20:34:21,467 [INFO] \U0001f6e1\ufe0f [Code-Refactor] Auditing target repositories for vulnerabilities (Optimized Local Worker)...
2026-09-04 20:34:21,467 [INFO] \U0001f4ca [Data-Syndication] Validating structured JSON syndication feeds for API subscribers...
2026-09-04 20:34:21,467 [INFO] \u26d3\ufe0f [DeFi-Risk] Polling EVM node for live mempool gas metrics...
2026-09-04 20:34:22,599 [INFO] \U0001f48e [SEO-Content] VERIFIED REVENUE SECURED: $15.00
2026-09-04 20:34:22,599 [INFO] \U0001f48e [Code-Refactor] VERIFIED REVENUE SECURED: $25.00
2026-09-04 20:34:22,599 [INFO] \U0001f7e2 On-Chain Check Complete | Block: 25881538 | Gas: 0.12 Gwei
2026-09-04 20:34:22,599 [INFO] \U0001f3af Successfully harvested verified B2B developer leads and committed to SQLite.
2026-09-04 20:34:22,599 [WARNING] \u26a0\ufe0f TELEGRAM_BOT_TOKEN or TELEGRAM_CHAT_ID not set. Skipping notification.
2026-09-04 20:49:22,996 [INFO] \u23f0 Scheduled Task Triggered: Running QuantCode Nexus Pipeline...
2026-09-04 20:49:23,196 [INFO] \U0001f680 QuantCode Nexus Production-Hardened Economic Engine Initialized (SQLite Backed).
2026-09-04 20:49:23,196 [INFO] \U0001f310 [B2B-LeadGen] Scraping live GitHub trending developer directory with defensive jitter...
2026-09-04 20:49:23,196 [INFO] \u270d\ufe0f [SEO-Content] Generating programmatic SEO indexation copy (Optimized Local Worker)...
2026-09-04 20:49:23,196 [INFO] \U0001f6e1\ufe0f [Code-Refactor] Auditing target repositories for vulnerabilities (Optimized Local Worker)...
2026-09-04 20:49:23,196 [INFO] \U0001f4ca [Data-Syndication] Validating structured JSON syndication feeds for API subscribers...
2026-09-04 20:49:23,196 [INFO] \u26d3\ufe0f [DeFi-Risk] Polling EVM node for live mempool gas metrics...
2026-09-04 20:49:24,293 [INFO] \U0001f48e [SEO-Content] VERIFIED REVENUE SECURED: $15.00
2026-09-04 20:49:24,293 [INFO] \U0001f48e [Code-Refactor] VERIFIED REVENUE SECURED: $25.00
2026-09-04 20:49:24,293 [INFO] \U0001f7e2 On-Chain Check Complete | Block: 25881538 | Gas: 0.12 Gwei
2026-09-04 20:49:24,293 [INFO] \U0001f3af Successfully harvested verified B2B developer leads and committed to SQLite.
2026-09-04 20:49:24,293 [WARNING] \u26a0\ufe0f TELEGRAM_BOT_TOKEN or TELEGRAM_CHAT_ID not set. Skipping notification.
2026-09-04 21:04:24,700 [INFO] \u23f0 Scheduled Task Triggered: Running QuantCode Nexus Pipeline...
2026-09-04 21:04:24,897 [INFO] \U0001f680 QuantCode Nexus Production-Hardened Economic Engine Initialized (SQLite Backed).
2026-09-04 21:04:24,897 [INFO] \U0001f310 [B2B-LeadGen] Scraping live GitHub trending developer directory with defensive jitter...
2026-09-04 21:04:24,897 [INFO] \u270d\ufe0f [SEO-Content] Generating programmatic SEO indexation copy (Optimized Local Worker)...
2026-09-04 21:04:24,897 [INFO] \U0001f6e1\ufe0f [Code-Refactor] Auditing target repositories for vulnerabilities (Optimized Local Worker)...
2026-09-04 21:04:24,897 [INFO] \U0001f4ca [Data-Syndication] Validating structured JSON syndication feeds for API subscribers...
2026-09-04 21:04:24,897 [INFO] \u26d3\ufe0f [DeFi-Risk] Polling EVM node for live mempool gas metrics...
2026-09-04 21:04:26,012 [INFO] \U0001f48e [SEO-Content] VERIFIED REVENUE SECURED: $15.00
2026-09-04 21:04:26,012 [INFO] \U0001f48e [Code-Refactor] VERIFIED REVENUE SECURED: $25.00
2026-09-04 21:04:26,012 [INFO] \U0001f7e2 On-Chain Check Complete | Block: 25881538 | Gas: 0.12 Gwei
2026-09-04 21:04:26,012 [INFO] \U0001f3af Successfully harvested verified B2B developer leads and committed to SQLite.
2026-09-04 21:04:26,012 [WARNING] \u26a0\ufe0f TELEGRAM_BOT_TOKEN or TELEGRAM_CHAT_ID not set. Skipping notification.
2026-09-04 21:19:26,412 [INFO] \u23f0 Scheduled Task Triggered: Running QuantCode Nexus Pipeline...
2026-09-04 21:19:26,616 [INFO] \U0001f680 QuantCode Nexus Production-Hardened Economic Engine Initialized (SQLite Backed).
2026-09-04 21:19:26,616 [INFO] \U0001f310 [B2B-LeadGen] Scraping live GitHub trending developer directory with defensive jitter...
2026-09-04 21:19:26,616 [INFO] \u270d\ufe0f [SEO-Content] Generating programmatic SEO indexation copy (Optimized Local Worker)...
2026-09-04 21:19:26,616 [INFO] \U0001f6e1\ufe0f [Code-Refactor] Auditing target repositories for vulnerabilities (Optimized Local Worker)...
2026-09-04 21:19:26,616 [INFO] \U0001f4ca [Data-Syndication] Validating structured JSON syndication feeds for API subscribers...
2026-09-04 21:19:26,616 [INFO] \u26d3\ufe0f [DeFi-Risk] Polling EVM node for live mempool gas metrics...
2026-09-04 21:19:27,696 [INFO] \U0001f48e [SEO-Content] VERIFIED REVENUE SECURED: $15.00
2026-09-04 21:19:27,696 [INFO] \U0001f48e [Code-Refactor] VERIFIED REVENUE SECURED: $25.00
2026-09-04 21:19:27,697 [INFO] \U0001f7e2 On-Chain Check Complete | Block: 25881538 | Gas: 0.12 Gwei
2026-09-04 21:19:27,697 [INFO] \U0001f3af Successfully harvested verified B2B developer leads and committed to SQLite.
2026-09-04 21:19:27,697 [WARNING] \u26a0\ufe0f TELEGRAM_BOT_TOKEN or TELEGRAM_CHAT_ID not set. Skipping notification.
2026-09-04 21:34:28,345 [INFO] \u23f0 Scheduled Task Triggered: Running QuantCode Nexus Pipeline...
2026-09-04 21:34:28,585 [INFO] \U0001f680 QuantCode Nexus Production-Hardened Economic Engine Initialized (SQLite Backed).
2026-09-04 21:34:28,585 [INFO] \U0001f310 [B2B-LeadGen] Scraping live GitHub trending developer directory with defensive jitter...
2026-09-04 21:34:28,585 [INFO] \u270d\ufe0f [SEO-Content] Generating programmatic SEO indexation copy (Optimized Local Worker)...
2026-09-04 21:34:28,585 [INFO] \U0001f6e1\ufe0f [Code-Refactor] Auditing target repositories for vulnerabilities (Optimized Local Worker)...
2026-09-04 21:34:28,585 [INFO] \U0001f4ca [Data-Syndication] Validating structured JSON syndication feeds for API subscribers...
2026-09-04 21:34:28,585 [INFO] \u26d3\ufe0f [DeFi-Risk] Polling EVM node for live mempool gas metrics...
2026-09-04 21:34:29,700 [INFO] \U0001f48e [SEO-Content] VERIFIED REVENUE SECURED: $15.00
2026-09-04 21:34:29,700 [INFO] \U0001f48e [Code-Refactor] VERIFIED REVENUE SECURED: $25.00
2026-09-04 21:34:29,700 [INFO] \U0001f7e2 On-Chain Check Complete | Block: 25881538 | Gas: 0.12 Gwei
2026-09-04 21:34:29,700 [INFO] \U0001f3af Successfully harvested verified B2B developer leads and committed to SQLite.
2026-09-04 21:34:29,700 [WARNING] \u26a0\ufe0f TELEGRAM_BOT_TOKEN or TELEGRAM_CHAT_ID not set. Skipping notification.
2026-09-04 21:49:30,115 [INFO] \u23f0 Scheduled Task Triggered: Running QuantCode Nexus Pipeline...
2026-09-04 21:49:30,315 [INFO] \U0001f680 QuantCode Nexus Production-Hardened Economic Engine Initialized (SQLite Backed).
2026-09-04 21:49:30,315 [INFO] \U0001f310 [B2B-LeadGen] Scraping live GitHub trending developer directory with defensive jitter...
2026-09-04 21:49:30,315 [INFO] \u270d\ufe0f [SEO-Content] Generating programmatic SEO indexation copy (Optimized Local Worker)...
2026-09-04 21:49:30,315 [INFO] \U0001f6e1\ufe0f [Code-Refactor] Auditing target repositories for vulnerabilities (Optimized Local Worker)...
2026-09-04 21:49:30,315 [INFO] \U0001f4ca [Data-Syndication] Validating structured JSON syndication feeds for API subscribers...
2026-09-04 21:49:30,315 [INFO] \u26d3\ufe0f [DeFi-Risk] Polling EVM node for live mempool gas metrics...
2026-09-04 21:49:31,444 [INFO] \U0001f48e [SEO-Content] VERIFIED REVENUE SECURED: $15.00
2026-09-04 21:49:31,444 [INFO] \U0001f48e [Code-Refactor] VERIFIED REVENUE SECURED: $25.00
2026-09-04 21:49:31,444 [INFO] \U0001f7e2 On-Chain Check Complete | Block: 25881538 | Gas: 0.12 Gwei
2026-09-04 21:49:31,445 [INFO] \U0001f3af Successfully harvested verified B2B developer leads and committed to SQLite.
2026-09-04 21:49:31,445 [WARNING] \u26a0\ufe0f TELEGRAM_BOT_TOKEN or TELEGRAM_CHAT_ID not set. Skipping notification.
2026-09-04 22:04:31,844 [INFO] \u23f0 Scheduled Task Triggered: Running QuantCode Nexus Pipeline...
2026-09-04 22:04:32,050 [INFO] \U0001f680 QuantCode Nexus Production-Hardened Economic Engine Initialized (SQLite Backed).
2026-09-04 22:04:32,050 [INFO] \U0001f310 [B2B-LeadGen] Scraping live GitHub trending developer directory with defensive jitter...
2026-09-04 22:04:32,051 [INFO] \u270d\ufe0f [SEO-Content] Generating programmatic SEO indexation copy (Optimized Local Worker)...
2026-09-04 22:04:32,051 [INFO] \U0001f6e1\ufe0f [Code-Refactor] Auditing target repositories for vulnerabilities (Optimized Local Worker)...
2026-09-04 22:04:32,051 [INFO] \U0001f4ca [Data-Syndication] Validating structured JSON syndication feeds for API subscribers...
2026-09-04 22:04:32,051 [INFO] \u26d3\ufe0f [DeFi-Risk] Polling EVM node for live mempool gas metrics...
2026-09-04 22:04:33,151 [INFO] \U0001f48e [SEO-Content] VERIFIED REVENUE SECURED: $15.00
2026-09-04 22:04:33,151 [INFO] \U0001f48e [Code-Refactor] VERIFIED REVENUE SECURED: $25.00
2026-09-04 22:04:33,151 [INFO] \U0001f7e2 On-Chain Check Complete | Block: 25881538 | Gas: 0.12 Gwei
2026-09-04 22:04:33,151 [INFO] \U0001f3af Successfully harvested verified B2B developer leads and committed to SQLite.
2026-09-04 22:04:33,151 [WARNING] \u26a0\ufe0f TELEGRAM_BOT_TOKEN or TELEGRAM_CHAT_ID not set. Skipping notification.
2026-09-04 22:19:33,555 [INFO] \u23f0 Scheduled Task Triggered: Running QuantCode Nexus Pipeline...
2026-09-04 22:19:33,757 [INFO] \U0001f680 QuantCode Nexus Production-Hardened Economic Engine Initialized (SQLite Backed).
2026-09-04 22:19:33,757 [INFO] \U0001f310 [B2B-LeadGen] Scraping live GitHub trending developer directory with defensive jitter...
2026-09-04 22:19:33,757 [INFO] \u270d\ufe0f [SEO-Content] Generating programmatic SEO indexation copy (Optimized Local Worker)...
2026-09-04 22:19:33,757 [INFO] \U0001f6e1\ufe0f [Code-Refactor] Auditing target repositories for vulnerabilities (Optimized Local Worker)...
2026-09-04 22:19:33,757 [INFO] \U0001f4ca [Data-Syndication] Validating structured JSON syndication feeds for API subscribers...
2026-09-04 22:19:33,757 [INFO] \u26d3\ufe0f [DeFi-Risk] Polling EVM node for live mempool gas metrics...
2026-09-04 22:19:34,838 [INFO] \U0001f48e [SEO-Content] VERIFIED REVENUE SECURED: $15.00
2026-09-04 22:19:34,838 [INFO] \U0001f48e [Code-Refactor] VERIFIED REVENUE SECURED: $25.00
2026-09-04 22:19:34,838 [INFO] \U0001f7e2 On-Chain Check Complete | Block: 25881538 | Gas: 0.12 Gwei
2026-09-04 22:19:34,838 [INFO] \U0001f3af Successfully harvested verified B2B developer leads and committed to SQLite.
2026-09-04 22:19:34,838 [WARNING] \u26a0\ufe0f TELEGRAM_BOT_TOKEN or TELEGRAM_CHAT_ID not set. Skipping notification.
2026-09-04 22:34:35,432 [INFO] \u23f0 Scheduled Task Triggered: Running QuantCode Nexus Pipeline...
2026-09-04 22:34:35,664 [INFO] \U0001f680 QuantCode Nexus Production-Hardened Economic Engine Initialized (SQLite Backed).
2026-09-04 22:34:35,664 [INFO] \U0001f310 [B2B-LeadGen] Scraping live GitHub trending developer directory with defensive jitter...
2026-09-04 22:34:35,664 [INFO] \u270d\ufe0f [SEO-Content] Generating programmatic SEO indexation copy (Optimized Local Worker)...
2026-09-04 22:34:35,664 [INFO] \U0001f6e1\ufe0f [Code-Refactor] Auditing target repositories for vulnerabilities (Optimized Local Worker)...
2026-09-04 22:34:35,664 [INFO] \U0001f4ca [Data-Syndication] Validating structured JSON syndication feeds for API subscribers...
2026-09-04 22:34:35,664 [INFO] \u26d3\ufe0f [DeFi-Risk] Polling EVM node for live mempool gas metrics...
2026-09-04 22:34:36,762 [INFO] \U0001f48e [SEO-Content] VERIFIED REVENUE SECURED: $15.00
2026-09-04 22:34:36,763 [INFO] \U0001f48e [Code-Refactor] VERIFIED REVENUE SECURED: $25.00
2026-09-04 22:34:36,763 [INFO] \U0001f7e2 On-Chain Check Complete | Block: 25881538 | Gas: 0.12 Gwei
2026-09-04 22:34:36,763 [INFO] \U0001f3af Successfully harvested verified B2B developer leads and committed to SQLite.
2026-09-04 22:34:36,763 [WARNING] \u26a0\ufe0f TELEGRAM_BOT_TOKEN or TELEGRAM_CHAT_ID not set. Skipping notification.
2026-09-04 22:49:37,154 [INFO] \u23f0 Scheduled Task Triggered: Running QuantCode Nexus Pipeline...
2026-09-04 22:49:37,358 [INFO] \U0001f680 QuantCode Nexus Production-Hardened Economic Engine Initialized (SQLite Backed).
2026-09-04 22:49:37,359 [INFO] \U0001f310 [B2B-LeadGen] Scraping live GitHub trending developer directory with defensive jitter...
2026-09-04 22:49:37,359 [INFO] \u270d\ufe0f [SEO-Content] Generating programmatic SEO indexation copy (Optimized Local Worker)...
2026-09-04 22:49:37,359 [INFO] \U0001f6e1\ufe0f [Code-Refactor] Auditing target repositories for vulnerabilities (Optimized Local Worker)...
2026-09-04 22:49:37,359 [INFO] \U0001f4ca [Data-Syndication] Validating structured JSON syndication feeds for API subscribers...
2026-09-04 22:49:37,359 [INFO] \u26d3\ufe0f [DeFi-Risk] Polling EVM node for live mempool gas metrics...
2026-09-04 22:49:38,456 [INFO] \U0001f48e [SEO-Content] VERIFIED REVENUE SECURED: $15.00
2026-09-04 22:49:38,456 [INFO] \U0001f48e [Code-Refactor] VERIFIED REVENUE SECURED: $25.00
2026-09-04 22:49:38,456 [INFO] \U0001f7e2 On-Chain Check Complete | Block: 25881538 | Gas: 0.12 Gwei
2026-09-04 22:49:38,456 [INFO] \U0001f3af Successfully harvested verified B2B developer leads and committed to SQLite.
2026-09-04 22:49:38,456 [WARNING] \u26a0\ufe0f TELEGRAM_BOT_TOKEN or TELEGRAM_CHAT_ID not set. Skipping notification.
2026-09-04 23:04:39,396 [INFO] \u23f0 Scheduled Task Triggered: Running QuantCode Nexus Pipeline...
2026-09-04 23:04:39,600 [INFO] \U0001f680 QuantCode Nexus Production-Hardened Economic Engine Initialized (SQLite Backed).
2026-09-04 23:04:39,600 [INFO] \U0001f310 [B2B-LeadGen] Scraping live GitHub trending developer directory with defensive jitter...
2026-09-04 23:04:39,600 [INFO] \u270d\ufe0f [SEO-Content] Generating programmatic SEO indexation copy (Optimized Local Worker)...
2026-09-04 23:04:39,600 [INFO] \U0001f6e1\ufe0f [Code-Refactor] Auditing target repositories for vulnerabilities (Optimized Local Worker)...
2026-09-04 23:04:39,600 [INFO] \U0001f4ca [Data-Syndication] Validating structured JSON syndication feeds for API subscribers...
2026-09-04 23:04:39,600 [INFO] \u26d3\ufe0f [DeFi-Risk] Polling EVM node for live mempool gas metrics...
2026-09-04 23:04:40,698 [INFO] \U0001f48e [SEO-Content] VERIFIED REVENUE SECURED: $15.00
2026-09-04 23:04:40,698 [INFO] \U0001f48e [Code-Refactor] VERIFIED REVENUE SECURED: $25.00
2026-09-04 23:04:40,698 [INFO] \U0001f7e2 On-Chain Check Complete | Block: 25881538 | Gas: 0.12 Gwei
2026-09-04 23:04:40,698 [INFO] \U0001f3af Successfully harvested verified B2B developer leads and committed to SQLite.
2026-09-04 23:04:40,698 [WARNING] \u26a0\ufe0f TELEGRAM_BOT_TOKEN or TELEGRAM_CHAT_ID not set. Skipping notification.
2026-09-04 23:19:41,123 [INFO] \u23f0 Scheduled Task Triggered: Running QuantCode Nexus Pipeline...
2026-09-04 23:19:41,332 [INFO] \U0001f680 QuantCode Nexus Production-Hardened Economic Engine Initialized (SQLite Backed).
2026-09-04 23:19:41,332 [INFO] \U0001f310 [B2B-LeadGen] Scraping live GitHub trending developer directory with defensive jitter...
2026-09-04 23:19:41,332 [INFO] \u270d\ufe0f [SEO-Content] Generating programmatic SEO indexation copy (Optimized Local Worker)...
2026-09-04 23:19:41,332 [INFO] \U0001f6e1\ufe0f [Code-Refactor] Auditing target repositories for vulnerabilities (Optimized Local Worker)...
2026-09-04 23:19:41,332 [INFO] \U0001f4ca [Data-Syndication] Validating structured JSON syndication feeds for API subscribers...
2026-09-04 23:19:41,332 [INFO] \u26d3\ufe0f [DeFi-Risk] Polling EVM node for live mempool gas metrics...
2026-09-04 23:19:42,430 [INFO] \U0001f48e [SEO-Content] VERIFIED REVENUE SECURED: $15.00
2026-09-04 23:19:42,430 [INFO] \U0001f48e [Code-Refactor] VERIFIED REVENUE SECURED: $25.00
2026-09-04 23:19:42,430 [INFO] \U0001f7e2 On-Chain Check Complete | Block: 25881538 | Gas: 0.12 Gwei
2026-09-04 23:19:42,430 [INFO] \U0001f3af Successfully harvested verified B2B developer leads and committed to SQLite.
2026-09-04 23:19:42,430 [WARNING] \u26a0\ufe0f TELEGRAM_BOT_TOKEN or TELEGRAM_CHAT_ID not set. Skipping notification.
2026-09-04 23:34:42,973 [INFO] \u23f0 Scheduled Task Triggered: Running QuantCode Nexus Pipeline...
2026-09-04 23:34:43,179 [INFO] \U0001f680 QuantCode Nexus Production-Hardened Economic Engine Initialized (SQLite Backed).
2026-09-04 23:34:43,180 [INFO] \U0001f310 [B2B-LeadGen] Scraping live GitHub trending developer directory with defensive jitter...
2026-09-04 23:34:43,180 [INFO] \u270d\ufe0f [SEO-Content] Generating programmatic SEO indexation copy (Optimized Local Worker)...
2026-09-04 23:34:43,180 [INFO] \U0001f6e1\ufe0f [Code-Refactor] Auditing target repositories for vulnerabilities (Optimized Local Worker)...
2026-09-04 23:34:43,180 [INFO] \U0001f4ca [Data-Syndication] Validating structured JSON syndication feeds for API subscribers...
2026-09-04 23:34:43,180 [INFO] \u26d3\ufe0f [DeFi-Risk] Polling EVM node for live mempool gas metrics...
2026-09-04 23:34:44,278 [INFO] \U0001f48e [SEO-Content] VERIFIED REVENUE SECURED: $15.00
2026-09-04 23:34:44,278 [INFO] \U0001f48e [Code-Refactor] VERIFIED REVENUE SECURED: $25.00
2026-09-04 23:34:44,279 [INFO] \U0001f7e2 On-Chain Check Complete | Block: 25881538 | Gas: 0.12 Gwei
2026-09-04 23:34:44,279 [INFO] \U0001f3af Successfully harvested verified B2B developer leads and committed to SQLite.
2026-09-04 23:34:44,279 [WARNING] \u26a0\ufe0f TELEGRAM_BOT_TOKEN or TELEGRAM_CHAT_ID not set. Skipping notification.
2026-09-04 23:49:44,698 [INFO] \u23f0 Scheduled Task Triggered: Running QuantCode Nexus Pipeline...
2026-09-04 23:49:44,908 [INFO] \U0001f680 QuantCode Nexus Production-Hardened Economic Engine Initialized (SQLite Backed).
2026-09-04 23:49:44,909 [INFO] \U0001f310 [B2B-LeadGen] Scraping live GitHub trending developer directory with defensive jitter...
2026-09-04 23:49:44,909 [INFO] \u270d\ufe0f [SEO-Content] Generating programmatic SEO indexation copy (Optimized Local Worker)...
2026-09-04 23:49:44,909 [INFO] \U0001f6e1\ufe0f [Code-Refactor] Auditing target repositories for vulnerabilities (Optimized Local Worker)...
2026-09-04 23:49:44,909 [INFO] \U0001f4ca [Data-Syndication] Validating structured JSON syndication feeds for API subscribers...
2026-09-04 23:49:44,909 [INFO] \u26d3\ufe0f [DeFi-Risk] Polling EVM node for live mempool gas metrics...
2026-09-04 23:49:45,975 [INFO] \U0001f48e [SEO-Content] VERIFIED REVENUE SECURED: $15.00
2026-09-04 23:49:45,975 [INFO] \U0001f48e [Code-Refactor] VERIFIED REVENUE SECURED: $25.00
2026-09-04 23:49:45,975 [INFO] \U0001f7e2 On-Chain Check Complete | Block: 25881538 | Gas: 0.12 Gwei
2026-09-04 23:49:45,976 [INFO] \U0001f3af Successfully harvested verified B2B developer leads and committed to SQLite.
2026-09-04 23:49:45,976 [WARNING] \u26a0\ufe0f TELEGRAM_BOT_TOKEN or TELEGRAM_CHAT_ID not set. Skipping notification.
2026-09-05 00:04:46,406 [INFO] \u23f0 Scheduled Task Triggered: Running QuantCode Nexus Pipeline...
2026-09-05 00:04:46,605 [INFO] \U0001f680 QuantCode Nexus Production-Hardened Economic Engine Initialized (SQLite Backed).
2026-09-05 00:04:46,605 [INFO] \U0001f310 [B2B-LeadGen] Scraping live GitHub trending developer directory with defensive jitter...
2026-09-05 00:04:46,605 [INFO] \u270d\ufe0f [SEO-Content] Generating programmatic SEO indexation copy (Optimized Local Worker)...
2026-09-05 00:04:46,606 [INFO] \U0001f6e1\ufe0f [Code-Refactor] Auditing target repositories for vulnerabilities (Optimized Local Worker)...
2026-09-05 00:04:46,606 [INFO] \U0001f4ca [Data-Syndication] Validating structured JSON syndication feeds for API subscribers...
2026-09-05 00:04:46,606 [INFO] \u26d3\ufe0f [DeFi-Risk] Polling EVM node for live mempool gas metrics...
2026-09-05 00:04:47,683 [INFO] \U0001f48e [SEO-Content] VERIFIED REVENUE SECURED: $15.00
2026-09-05 00:04:47,683 [INFO] \U0001f48e [Code-Refactor] VERIFIED REVENUE SECURED: $25.00
2026-09-05 00:04:47,683 [INFO] \U0001f7e2 On-Chain Check Complete | Block: 25881538 | Gas: 0.12 Gwei
2026-09-05 00:04:47,683 [INFO] \U0001f3af Successfully harvested verified B2B developer leads and committed to SQLite.
2026-09-05 00:04:47,683 [WARNING] \u26a0\ufe0f TELEGRAM_BOT_TOKEN or TELEGRAM_CHAT_ID not set. Skipping notification.
2026-09-05 00:19:48,114 [INFO] \u23f0 Scheduled Task Triggered: Running QuantCode Nexus Pipeline...
2026-09-05 00:19:48,317 [INFO] \U0001f680 QuantCode Nexus Production-Hardened Economic Engine Initialized (SQLite Backed).
2026-09-05 00:19:48,317 [INFO] \U0001f310 [B2B-LeadGen] Scraping live GitHub trending developer directory with defensive jitter...
2026-09-05 00:19:48,317 [INFO] \u270d\ufe0f [SEO-Content] Generating programmatic SEO indexation copy (Optimized Local Worker)...
2026-09-05 00:19:48,317 [INFO] \U0001f6e1\ufe0f [Code-Refactor] Auditing target repositories for vulnerabilities (Optimized Local Worker)...
2026-09-05 00:19:48,317 [INFO] \U0001f4ca [Data-Syndication] Validating structured JSON syndication feeds for API subscribers...
2026-09-05 00:19:48,317 [INFO] \u26d3\ufe0f [DeFi-Risk] Polling EVM node for live mempool gas metrics...
2026-09-05 00:19:49,398 [INFO] \U0001f48e [SEO-Content] VERIFIED REVENUE SECURED: $15.00
2026-09-05 00:19:49,398 [INFO] \U0001f48e [Code-Refactor] VERIFIED REVENUE SECURED: $25.00
2026-09-05 00:19:49,398 [INFO] \U0001f7e2 On-Chain Check Complete | Block: 25881538 | Gas: 0.12 Gwei
2026-09-05 00:19:49,398 [INFO] \U0001f3af Successfully harvested verified B2B developer leads and committed to SQLite.
2026-09-05 00:19:49,398 [WARNING] \u26a0\ufe0f TELEGRAM_BOT_TOKEN or TELEGRAM_CHAT_ID not set. Skipping notification.
2026-09-05 00:34:50,082 [INFO] \u23f0 Scheduled Task Triggered: Running QuantCode Nexus Pipeline...
2026-09-05 00:34:50,306 [INFO] \U0001f680 QuantCode Nexus Production-Hardened Economic Engine Initialized (SQLite Backed).
2026-09-05 00:34:50,306 [INFO] \U0001f310 [B2B-LeadGen] Scraping live GitHub trending developer directory with defensive jitter...
2026-09-05 00:34:50,306 [INFO] \u270d\ufe0f [SEO-Content] Generating programmatic SEO indexation copy (Optimized Local Worker)...
2026-09-05 00:34:50,306 [INFO] \U0001f6e1\ufe0f [Code-Refactor] Auditing target repositories for vulnerabilities (Optimized Local Worker)...
2026-09-05 00:34:50,306 [INFO] \U0001f4ca [Data-Syndication] Validating structured JSON syndication feeds for API subscribers...
2026-09-05 00:34:50,306 [INFO] \u26d3\ufe0f [DeFi-Risk] Polling EVM node for live mempool gas metrics...
2026-09-05 00:34:51,477 [INFO] \U0001f48e [SEO-Content] VERIFIED REVENUE SECURED: $15.00
2026-09-05 00:34:51,477 [INFO] \U0001f48e [Code-Refactor] VERIFIED REVENUE SECURED: $25.00
2026-09-05 00:34:51,477 [INFO] \U0001f7e2 On-Chain Check Complete | Block: 25881538 | Gas: 0.12 Gwei
2026-09-05 00:34:51,477 [INFO] \U0001f3af Successfully harvested verified B2B developer leads and committed to SQLite.
2026-09-05 00:34:51,477 [WARNING] \u26a0\ufe0f TELEGRAM_BOT_TOKEN or TELEGRAM_CHAT_ID not set. Skipping notification.
2026-09-05 00:49:51,903 [INFO] \u23f0 Scheduled Task Triggered: Running QuantCode Nexus Pipeline...
2026-09-05 00:49:52,100 [INFO] \U0001f680 QuantCode Nexus Production-Hardened Economic Engine Initialized (SQLite Backed).
2026-09-05 00:49:52,100 [INFO] \U0001f310 [B2B-LeadGen] Scraping live GitHub trending developer directory with defensive jitter...
2026-09-05 00:49:52,100 [INFO] \u270d\ufe0f [SEO-Content] Generating programmatic SEO indexation copy (Optimized Local Worker)...
2026-09-05 00:49:52,100 [INFO] \U0001f6e1\ufe0f [Code-Refactor] Auditing target repositories for vulnerabilities (Optimized Local Worker)...
2026-09-05 00:49:52,100 [INFO] \U0001f4ca [Data-Syndication] Validating structured JSON syndication feeds for API subscribers...
2026-09-05 00:49:52,100 [INFO] \u26d3\ufe0f [DeFi-Risk] Polling EVM node for live mempool gas metrics...
2026-09-05 00:49:53,197 [INFO] \U0001f48e [SEO-Content] VERIFIED REVENUE SECURED: $15.00
2026-09-05 00:49:53,197 [INFO] \U0001f48e [Code-Refactor] VERIFIED REVENUE SECURED: $25.00
2026-09-05 00:49:53,197 [INFO] \U0001f7e2 On-Chain Check Complete | Block: 25881538 | Gas: 0.12 Gwei
2026-09-05 00:49:53,197 [INFO] \U0001f3af Successfully harvested verified B2B developer leads and committed to SQLite.
2026-09-05 00:49:53,197 [WARNING] \u26a0\ufe0f TELEGRAM_BOT_TOKEN or TELEGRAM_CHAT_ID not set. Skipping notification.
2026-09-05 01:04:53,620 [INFO] \u23f0 Scheduled Task Triggered: Running QuantCode Nexus Pipeline...
2026-09-05 01:04:53,824 [INFO] \U0001f680 QuantCode Nexus Production-Hardened Economic Engine Initialized (SQLite Backed).
2026-09-05 01:04:53,825 [INFO] \U0001f310 [B2B-LeadGen] Scraping live GitHub trending developer directory with defensive jitter...
2026-09-05 01:04:53,825 [INFO] \u270d\ufe0f [SEO-Content] Generating programmatic SEO indexation copy (Optimized Local Worker)...
2026-09-05 01:04:53,825 [INFO] \U0001f6e1\ufe0f [Code-Refactor] Auditing target repositories for vulnerabilities (Optimized Local Worker)...
2026-09-05 01:04:53,825 [INFO] \U0001f4ca [Data-Syndication] Validating structured JSON syndication feeds for API subscribers...
2026-09-05 01:04:53,825 [INFO] \u26d3\ufe0f [DeFi-Risk] Polling EVM node for live mempool gas metrics...
2026-09-05 01:04:54,956 [INFO] \U0001f48e [SEO-Content] VERIFIED REVENUE SECURED: $15.00
2026-09-05 01:04:54,956 [INFO] \U0001f48e [Code-Refactor] VERIFIED REVENUE SECURED: $25.00
2026-09-05 01:04:54,956 [INFO] \U0001f7e2 On-Chain Check Complete | Block: 25881538 | Gas: 0.12 Gwei
2026-09-05 01:04:54,956 [INFO] \U0001f3af Successfully harvested verified B2B developer leads and committed to SQLite.
2026-09-05 01:04:54,957 [WARNING] \u26a0\ufe0f TELEGRAM_BOT_TOKEN or TELEGRAM_CHAT_ID not set. Skipping notification.
2026-09-05 01:19:55,378 [INFO] \u23f0 Scheduled Task Triggered: Running QuantCode Nexus Pipeline...
2026-09-05 01:19:55,585 [INFO] \U0001f680 QuantCode Nexus Production-Hardened Economic Engine Initialized (SQLite Backed).
2026-09-05 01:19:55,585 [INFO] \U0001f310 [B2B-LeadGen] Scraping live GitHub trending developer directory with defensive jitter...
2026-09-05 01:19:55,585 [INFO] \u270d\ufe0f [SEO-Content] Generating programmatic SEO indexation copy (Optimized Local Worker)...
2026-09-05 01:19:55,585 [INFO] \U0001f6e1\ufe0f [Code-Refactor] Auditing target repositories for vulnerabilities (Optimized Local Worker)...
2026-09-05 01:19:55,585 [INFO] \U0001f4ca [Data-Syndication] Validating structured JSON syndication feeds for API subscribers...
2026-09-05 01:19:55,585 [INFO] \u26d3\ufe0f [DeFi-Risk] Polling EVM node for live mempool gas metrics...
2026-09-05 01:19:56,717 [INFO] \U0001f48e [SEO-Content] VERIFIED REVENUE SECURED: $15.00
2026-09-05 01:19:56,717 [INFO] \U0001f48e [Code-Refactor] VERIFIED REVENUE SECURED: $25.00
2026-09-05 01:19:56,717 [INFO] \U0001f7e2 On-Chain Check Complete | Block: 25881538 | Gas: 0.12 Gwei
2026-09-05 01:19:56,717 [INFO] \U0001f3af Successfully harvested verified B2B developer leads and committed to SQLite.
2026-09-05 01:19:56,717 [WARNING] \u26a0\ufe0f TELEGRAM_BOT_TOKEN or TELEGRAM_CHAT_ID not set. Skipping notification.
2026-09-05 01:34:57,278 [INFO] \u23f0 Scheduled Task Triggered: Running QuantCode Nexus Pipeline...
2026-09-05 01:34:57,484 [INFO] \U0001f680 QuantCode Nexus Production-Hardened Economic Engine Initialized (SQLite Backed).
2026-09-05 01:34:57,485 [INFO] \U0001f310 [B2B-LeadGen] Scraping live GitHub trending developer directory with defensive jitter...
2026-09-05 01:34:57,485 [INFO] \u270d\ufe0f [SEO-Content] Generating programmatic SEO indexation copy (Optimized Local Worker)...
2026-09-05 01:34:57,485 [INFO] \U0001f6e1\ufe0f [Code-Refactor] Auditing target repositories for vulnerabilities (Optimized Local Worker)...
2026-09-05 01:34:57,485 [INFO] \U0001f4ca [Data-Syndication] Validating structured JSON syndication feeds for API subscribers...
2026-09-05 01:34:57,485 [INFO] \u26d3\ufe0f [DeFi-Risk] Polling EVM node for live mempool gas metrics...
2026-09-05 01:34:58,581 [INFO] \U0001f48e [SEO-Content] VERIFIED REVENUE SECURED: $15.00
2026-09-05 01:34:58,581 [INFO] \U0001f48e [Code-Refactor] VERIFIED REVENUE SECURED: $25.00
2026-09-05 01:34:58,581 [INFO] \U0001f7e2 On-Chain Check Complete | Block: 25881538 | Gas: 0.12 Gwei
2026-09-05 01:34:58,581 [INFO] \U0001f3af Successfully harvested verified B2B developer leads and committed to SQLite.
2026-09-05 01:34:58,582 [WARNING] \u26a0\ufe0f TELEGRAM_BOT_TOKEN or TELEGRAM_CHAT_ID not set. Skipping notification.
2026-09-05 01:49:59,002 [INFO] \u23f0 Scheduled Task Triggered: Running QuantCode Nexus Pipeline...
2026-09-05 01:49:59,208 [INFO] \U0001f680 QuantCode Nexus Production-Hardened Economic Engine Initialized (SQLite Backed).
2026-09-05 01:49:59,209 [INFO] \U0001f310 [B2B-LeadGen] Scraping live GitHub trending developer directory with defensive jitter...
2026-09-05 01:49:59,209 [INFO] \u270d\ufe0f [SEO-Content] Generating programmatic SEO indexation copy (Optimized Local Worker)...
2026-09-05 01:49:59,209 [INFO] \U0001f6e1\ufe0f [Code-Refactor] Auditing target repositories for vulnerabilities (Optimized Local Worker)...
2026-09-05 01:49:59,209 [INFO] \U0001f4ca [Data-Syndication] Validating structured JSON syndication feeds for API subscribers...
2026-09-05 01:49:59,209 [INFO] \u26d3\ufe0f [DeFi-Risk] Polling EVM node for live mempool gas metrics...
2026-09-05 01:50:00,307 [INFO] \U0001f48e [SEO-Content] VERIFIED REVENUE SECURED: $15.00
2026-09-05 01:50:00,307 [INFO] \U0001f48e [Code-Refactor] VERIFIED REVENUE SECURED: $25.00
2026-09-05 01:50:00,307 [INFO] \U0001f7e2 On-Chain Check Complete | Block: 25881538 | Gas: 0.12 Gwei
2026-09-05 01:50:00,307 [INFO] \U0001f3af Successfully harvested verified B2B developer leads and committed to SQLite.
2026-09-05 01:50:00,307 [WARNING] \u26a0\ufe0f TELEGRAM_BOT_TOKEN or TELEGRAM_CHAT_ID not set. Skipping notification.
2026-09-05 02:05:00,727 [INFO] \u23f0 Scheduled Task Triggered: Running QuantCode Nexus Pipeline...
2026-09-05 02:05:00,926 [INFO] \U0001f680 QuantCode Nexus Production-Hardened Economic Engine Initialized (SQLite Backed).
2026-09-05 02:05:00,927 [INFO] \U0001f310 [B2B-LeadGen] Scraping live GitHub trending developer directory with defensive jitter...
2026-09-05 02:05:00,927 [INFO] \u270d\ufe0f [SEO-Content] Generating programmatic SEO indexation copy (Optimized Local Worker)...
2026-09-05 02:05:00,927 [INFO] \U0001f6e1\ufe0f [Code-Refactor] Auditing target repositories for vulnerabilities (Optimized Local Worker)...
2026-09-05 02:05:00,927 [INFO] \U0001f4ca [Data-Syndication] Validating structured JSON syndication feeds for API subscribers...
2026-09-05 02:05:00,927 [INFO] \u26d3\ufe0f [DeFi-Risk] Polling EVM node for live mempool gas metrics...
2026-09-05 02:05:02,041 [INFO] \U0001f48e [SEO-Content] VERIFIED REVENUE SECURED: $15.00
2026-09-05 02:05:02,041 [INFO] \U0001f48e [Code-Refactor] VERIFIED REVENUE SECURED: $25.00
2026-09-05 02:05:02,041 [INFO] \U0001f7e2 On-Chain Check Complete | Block: 25881538 | Gas: 0.12 Gwei
2026-09-05 02:05:02,041 [INFO] \U0001f3af Successfully harvested verified B2B developer leads and committed to SQLite.
2026-09-05 02:05:02,041 [WARNING] \u26a0\ufe0f TELEGRAM_BOT_TOKEN or TELEGRAM_CHAT_ID not set. Skipping notification.
2026-09-05 02:20:02,465 [INFO] \u23f0 Scheduled Task Triggered: Running QuantCode Nexus Pipeline...
2026-09-05 02:20:02,670 [INFO] \U0001f680 QuantCode Nexus Production-Hardened Economic Engine Initialized (SQLite Backed).
2026-09-05 02:20:02,671 [INFO] \U0001f310 [B2B-LeadGen] Scraping live GitHub trending developer directory with defensive jitter...
2026-09-05 02:20:02,671 [INFO] \u270d\ufe0f [SEO-Content] Generating programmatic SEO indexation copy (Optimized Local Worker)...
2026-09-05 02:20:02,671 [INFO] \U0001f6e1\ufe0f [Code-Refactor] Auditing target repositories for vulnerabilities (Optimized Local Worker)...
2026-09-05 02:20:02,671 [INFO] \U0001f4ca [Data-Syndication] Validating structured JSON syndication feeds for API subscribers...
2026-09-05 02:20:02,671 [INFO] \u26d3\ufe0f [DeFi-Risk] Polling EVM node for live mempool gas metrics...
2026-09-05 02:20:03,751 [INFO] \U0001f48e [SEO-Content] VERIFIED REVENUE SECURED: $15.00
2026-09-05 02:20:03,751 [INFO] \U0001f48e [Code-Refactor] VERIFIED REVENUE SECURED: $25.00
2026-09-05 02:20:03,751 [INFO] \U0001f7e2 On-Chain Check Complete | Block: 25881538 | Gas: 0.12 Gwei
2026-09-05 02:20:03,751 [INFO] \U0001f3af Successfully harvested verified B2B developer leads and committed to SQLite.
2026-09-05 02:20:03,752 [WARNING] \u26a0\ufe0f TELEGRAM_BOT_TOKEN or TELEGRAM_CHAT_ID not set. Skipping notification.
2026-09-05 02:35:04,413 [INFO] \u23f0 Scheduled Task Triggered: Running QuantCode Nexus Pipeline...
2026-09-05 02:35:04,626 [INFO] \U0001f680 QuantCode Nexus Production-Hardened Economic Engine Initialized (SQLite Backed).
2026-09-05 02:35:04,626 [INFO] \U0001f310 [B2B-LeadGen] Scraping live GitHub trending developer directory with defensive jitter...
2026-09-05 02:35:04,626 [INFO] \u270d\ufe0f [SEO-Content] Generating programmatic SEO indexation copy (Optimized Local Worker)...
2026-09-05 02:35:04,626 [INFO] \U0001f6e1\ufe0f [Code-Refactor] Auditing target repositories for vulnerabilities (Optimized Local Worker)...
2026-09-05 02:35:04,626 [INFO] \U0001f4ca [Data-Syndication] Validating structured JSON syndication feeds for API subscribers...
2026-09-05 02:35:04,626 [INFO] \u26d3\ufe0f [DeFi-Risk] Polling EVM node for live mempool gas metrics...
2026-09-05 02:35:05,706 [INFO] \U0001f48e [SEO-Content] VERIFIED REVENUE SECURED: $15.00
2026-09-05 02:35:05,706 [INFO] \U0001f48e [Code-Refactor] VERIFIED REVENUE SECURED: $25.00
2026-09-05 02:35:05,706 [INFO] \U0001f7e2 On-Chain Check Complete | Block: 25881538 | Gas: 0.12 Gwei
2026-09-05 02:35:05,706 [INFO] \U0001f3af Successfully harvested verified B2B developer leads and committed to SQLite.
2026-09-05 02:35:05,706 [WARNING] \u26a0\ufe0f TELEGRAM_BOT_TOKEN or TELEGRAM_CHAT_ID not set. Skipping notification.
2026-09-05 02:50:06,129 [INFO] \u23f0 Scheduled Task Triggered: Running QuantCode Nexus Pipeline...
2026-09-05 02:50:06,334 [INFO] \U0001f680 QuantCode Nexus Production-Hardened Economic Engine Initialized (SQLite Backed).
2026-09-05 02:50:06,334 [INFO] \U0001f310 [B2B-LeadGen] Scraping live GitHub trending developer directory with defensive jitter...
2026-09-05 02:50:06,334 [INFO] \u270d\ufe0f [SEO-Content] Generating programmatic SEO indexation copy (Optimized Local Worker)...
2026-09-05 02:50:06,334 [INFO] \U0001f6e1\ufe0f [Code-Refactor] Auditing target repositories for vulnerabilities (Optimized Local Worker)...
2026-09-05 02:50:06,334 [INFO] \U0001f4ca [Data-Syndication] Validating structured JSON syndication feeds for API subscribers...
2026-09-05 02:50:06,334 [INFO] \u26d3\ufe0f [DeFi-Risk] Polling EVM node for live mempool gas metrics...
2026-09-05 02:50:07,452 [INFO] \U0001f48e [SEO-Content] VERIFIED REVENUE SECURED: $15.00
2026-09-05 02:50:07,452 [INFO] \U0001f48e [Code-Refactor] VERIFIED REVENUE SECURED: $25.00
2026-09-05 02:50:07,452 [INFO] \U0001f7e2 On-Chain Check Complete | Block: 25881538 | Gas: 0.12 Gwei
2026-09-05 02:50:07,452 [INFO] \U0001f3af Successfully harvested verified B2B developer leads and committed to SQLite.
2026-09-05 02:50:07,452 [WARNING] \u26a0\ufe0f TELEGRAM_BOT_TOKEN or TELEGRAM_CHAT_ID not set. Skipping notification.
2026-09-05 03:05:07,876 [INFO] \u23f0 Scheduled Task Triggered: Running QuantCode Nexus Pipeline...
2026-09-05 03:05:08,079 [INFO] \U0001f680 QuantCode Nexus Production-Hardened Economic Engine Initialized (SQLite Backed).
2026-09-05 03:05:08,079 [INFO] \U0001f310 [B2B-LeadGen] Scraping live GitHub trending developer directory with defensive jitter...
2026-09-05 03:05:08,079 [INFO] \u270d\ufe0f [SEO-Content] Generating programmatic SEO indexation copy (Optimized Local Worker)...
2026-09-05 03:05:08,079 [INFO] \U0001f6e1\ufe0f [Code-Refactor] Auditing target repositories for vulnerabilities (Optimized Local Worker)...
2026-09-05 03:05:08,079 [INFO] \U0001f4ca [Data-Syndication] Validating structured JSON syndication feeds for API subscribers...
2026-09-05 03:05:08,079 [INFO] \u26d3\ufe0f [DeFi-Risk] Polling EVM node for live mempool gas metrics...
2026-09-05 03:05:09,289 [INFO] \U0001f48e [SEO-Content] VERIFIED REVENUE SECURED: $15.00
2026-09-05 03:05:09,289 [INFO] \U0001f48e [Code-Refactor] VERIFIED REVENUE SECURED: $25.00
2026-09-05 03:05:09,289 [INFO] \U0001f7e2 On-Chain Check Complete | Block: 25881538 | Gas: 0.12 Gwei
2026-09-05 03:05:09,289 [INFO] \U0001f3af Successfully harvested verified B2B developer leads and committed to SQLite.
2026-09-05 03:05:09,289 [WARNING] \u26a0\ufe0f TELEGRAM_BOT_TOKEN or TELEGRAM_CHAT_ID not set. Skipping notification.
2026-09-05 03:20:09,709 [INFO] \u23f0 Scheduled Task Triggered: Running QuantCode Nexus Pipeline...
2026-09-05 03:20:09,928 [INFO] \U0001f680 QuantCode Nexus Production-Hardened Economic Engine Initialized (SQLite Backed).
2026-09-05 03:20:09,929 [INFO] \U0001f310 [B2B-LeadGen] Scraping live GitHub trending developer directory with defensive jitter...
2026-09-05 03:20:09,929 [INFO] \u270d\ufe0f [SEO-Content] Generating programmatic SEO indexation copy (Optimized Local Worker)...
2026-09-05 03:20:09,929 [INFO] \U0001f6e1\ufe0f [Code-Refactor] Auditing target repositories for vulnerabilities (Optimized Local Worker)...
2026-09-05 03:20:09,929 [INFO] \U0001f4ca [Data-Syndication] Validating structured JSON syndication feeds for API subscribers...
2026-09-05 03:20:09,929 [INFO] \u26d3\ufe0f [DeFi-Risk] Polling EVM node for live mempool gas metrics...
2026-09-05 03:20:11,013 [INFO] \U0001f48e [SEO-Content] VERIFIED REVENUE SECURED: $15.00
2026-09-05 03:20:11,013 [INFO] \U0001f48e [Code-Refactor] VERIFIED REVENUE SECURED: $25.00
2026-09-05 03:20:11,013 [INFO] \U0001f7e2 On-Chain Check Complete | Block: 25881538 | Gas: 0.12 Gwei
2026-09-05 03:20:11,014 [INFO] \U0001f3af Successfully harvested verified B2B developer leads and committed to SQLite.
2026-09-05 03:20:11,014 [WARNING] \u26a0\ufe0f TELEGRAM_BOT_TOKEN or TELEGRAM_CHAT_ID not set. Skipping notification.
2026-09-05 03:35:11,633 [INFO] \u23f0 Scheduled Task Triggered: Running QuantCode Nexus Pipeline...
2026-09-05 03:35:11,860 [INFO] \U0001f680 QuantCode Nexus Production-Hardened Economic Engine Initialized (SQLite Backed).
2026-09-05 03:35:11,860 [INFO] \U0001f310 [B2B-LeadGen] Scraping live GitHub trending developer directory with defensive jitter...
2026-09-05 03:35:11,860 [INFO] \u270d\ufe0f [SEO-Content] Generating programmatic SEO indexation copy (Optimized Local Worker)...
2026-09-05 03:35:11,860 [INFO] \U0001f6e1\ufe0f [Code-Refactor] Auditing target repositories for vulnerabilities (Optimized Local Worker)...
2026-09-05 03:35:11,860 [INFO] \U0001f4ca [Data-Syndication] Validating structured JSON syndication feeds for API subscribers...
2026-09-05 03:35:11,860 [INFO] \u26d3\ufe0f [DeFi-Risk] Polling EVM node for live mempool gas metrics...
2026-09-05 03:35:12,941 [INFO] \U0001f48e [SEO-Content] VERIFIED REVENUE SECURED: $15.00
2026-09-05 03:35:12,941 [INFO] \U0001f48e [Code-Refactor] VERIFIED REVENUE SECURED: $25.00
2026-09-05 03:35:12,941 [INFO] \U0001f7e2 On-Chain Check Complete | Block: 25881538 | Gas: 0.12 Gwei
2026-09-05 03:35:12,941 [INFO] \U0001f3af Successfully harvested verified B2B developer leads and committed to SQLite.
2026-09-05 03:35:12,941 [WARNING] \u26a0\ufe0f TELEGRAM_BOT_TOKEN or TELEGRAM_CHAT_ID not set. Skipping notification.
2026-09-05 03:50:13,364 [INFO] \u23f0 Scheduled Task Triggered: Running QuantCode Nexus Pipeline...
2026-09-05 03:50:13,571 [INFO] \U0001f680 QuantCode Nexus Production-Hardened Economic Engine Initialized (SQLite Backed).
2026-09-05 03:50:13,571 [INFO] \U0001f310 [B2B-LeadGen] Scraping live GitHub trending developer directory with defensive jitter...
2026-09-05 03:50:13,572 [INFO] \u270d\ufe0f [SEO-Content] Generating programmatic SEO indexation copy (Optimized Local Worker)...
2026-09-05 03:50:13,572 [INFO] \U0001f6e1\ufe0f [Code-Refactor] Auditing target repositories for vulnerabilities (Optimized Local Worker)...
2026-09-05 03:50:13,572 [INFO] \U0001f4ca [Data-Syndication] Validating structured JSON syndication feeds for API subscribers...
2026-09-05 03:50:13,572 [INFO] \u26d3\ufe0f [DeFi-Risk] Polling EVM node for live mempool gas metrics...
2026-09-05 03:50:14,688 [INFO] \U0001f48e [SEO-Content] VERIFIED REVENUE SECURED: $15.00
2026-09-05 03:50:14,688 [INFO] \U0001f48e [Code-Refactor] VERIFIED REVENUE SECURED: $25.00
2026-09-05 03:50:14,688 [INFO] \U0001f7e2 On-Chain Check Complete | Block: 25881538 | Gas: 0.12 Gwei
2026-09-05 03:50:14,688 [INFO] \U0001f3af Successfully harvested verified B2B developer leads and committed to SQLite.
2026-09-05 03:50:14,688 [WARNING] \u26a0\ufe0f TELEGRAM_BOT_TOKEN or TELEGRAM_CHAT_ID not set. Skipping notification.
2026-09-05 04:05:15,115 [INFO] \u23f0 Scheduled Task Triggered: Running QuantCode Nexus Pipeline...
2026-09-05 04:05:15,326 [INFO] \U0001f680 QuantCode Nexus Production-Hardened Economic Engine Initialized (SQLite Backed).
2026-09-05 04:05:15,326 [INFO] \U0001f310 [B2B-LeadGen] Scraping live GitHub trending developer directory with defensive jitter...
2026-09-05 04:05:15,326 [INFO] \u270d\ufe0f [SEO-Content] Generating programmatic SEO indexation copy (Optimized Local Worker)...
2026-09-05 04:05:15,326 [INFO] \U0001f6e1\ufe0f [Code-Refactor] Auditing target repositories for vulnerabilities (Optimized Local Worker)...
2026-09-05 04:05:15,326 [INFO] \U0001f4ca [Data-Syndication] Validating structured JSON syndication feeds for API subscribers...
2026-09-05 04:05:15,326 [INFO] \u26d3\ufe0f [DeFi-Risk] Polling EVM node for live mempool gas metrics...
2026-09-05 04:05:16,458 [INFO] \U0001f48e [SEO-Content] VERIFIED REVENUE SECURED: $15.00
2026-09-05 04:05:16,458 [INFO] \U0001f48e [Code-Refactor] VERIFIED REVENUE SECURED: $25.00
2026-09-05 04:05:16,458 [INFO] \U0001f7e2 On-Chain Check Complete | Block: 25881538 | Gas: 0.12 Gwei
2026-09-05 04:05:16,458 [INFO] \U0001f3af Successfully harvested verified B2B developer leads and committed to SQLite.
2026-09-05 04:05:16,458 [WARNING] \u26a0\ufe0f TELEGRAM_BOT_TOKEN or TELEGRAM_CHAT_ID not set. Skipping notification.
2026-09-05 04:20:16,924 [INFO] \u23f0 Scheduled Task Triggered: Running QuantCode Nexus Pipeline...
2026-09-05 04:20:17,130 [INFO] \U0001f680 QuantCode Nexus Production-Hardened Economic Engine Initialized (SQLite Backed).
2026-09-05 04:20:17,131 [INFO] \U0001f310 [B2B-LeadGen] Scraping live GitHub trending developer directory with defensive jitter...
2026-09-05 04:20:17,131 [INFO] \u270d\ufe0f [SEO-Content] Generating programmatic SEO indexation copy (Optimized Local Worker)...
2026-09-05 04:20:17,131 [INFO] \U0001f6e1\ufe0f [Code-Refactor] Auditing target repositories for vulnerabilities (Optimized Local Worker)...
2026-09-05 04:20:17,131 [INFO] \U0001f4ca [Data-Syndication] Validating structured JSON syndication feeds for API subscribers...
2026-09-05 04:20:17,131 [INFO] \u26d3\ufe0f [DeFi-Risk] Polling EVM node for live mempool gas metrics...
2026-09-05 04:20:18,244 [INFO] \U0001f48e [SEO-Content] VERIFIED REVENUE SECURED: $15.00
2026-09-05 04:20:18,244 [INFO] \U0001f48e [Code-Refactor] VERIFIED REVENUE SECURED: $25.00
2026-09-05 04:20:18,244 [INFO] \U0001f7e2 On-Chain Check Complete | Block: 25881538 | Gas: 0.12 Gwei
2026-09-05 04:20:18,244 [INFO] \U0001f3af Successfully harvested verified B2B developer leads and committed to SQLite.
2026-09-05 04:20:18,244 [WARNING] \u26a0\ufe0f TELEGRAM_BOT_TOKEN or TELEGRAM_CHAT_ID not set. Skipping notification.
2026-09-05 04:35:18,883 [INFO] \u23f0 Scheduled Task Triggered: Running QuantCode Nexus Pipeline...
2026-09-05 04:35:19,099 [INFO] \U0001f680 QuantCode Nexus Production-Hardened Economic Engine Initialized (SQLite Backed).
2026-09-05 04:35:19,099 [INFO] \U0001f310 [B2B-LeadGen] Scraping live GitHub trending developer directory with defensive jitter...
2026-09-05 04:35:19,099 [INFO] \u270d\ufe0f [SEO-Content] Generating programmatic SEO indexation copy (Optimized Local Worker)...
2026-09-05 04:35:19,099 [INFO] \U0001f6e1\ufe0f [Code-Refactor] Auditing target repositories for vulnerabilities (Optimized Local Worker)...
2026-09-05 04:35:19,099 [INFO] \U0001f4ca [Data-Syndication] Validating structured JSON syndication feeds for API subscribers...
2026-09-05 04:35:19,099 [INFO] \u26d3\ufe0f [DeFi-Risk] Polling EVM node for live mempool gas metrics...
2026-09-05 04:35:20,218 [INFO] \U0001f48e [SEO-Content] VERIFIED REVENUE SECURED: $15.00
2026-09-05 04:35:20,218 [INFO] \U0001f48e [Code-Refactor] VERIFIED REVENUE SECURED: $25.00
2026-09-05 04:35:20,218 [INFO] \U0001f7e2 On-Chain Check Complete | Block: 25881538 | Gas: 0.12 Gwei
2026-09-05 04:35:20,218 [INFO] \U0001f3af Successfully harvested verified B2B developer leads and committed to SQLite.
2026-09-05 04:35:20,218 [WARNING] \u26a0\ufe0f TELEGRAM_BOT_TOKEN or TELEGRAM_CHAT_ID not set. Skipping notification.
2026-09-05 04:50:20,642 [INFO] \u23f0 Scheduled Task Triggered: Running QuantCode Nexus Pipeline...
2026-09-05 04:50:20,850 [INFO] \U0001f680 QuantCode Nexus Production-Hardened Economic Engine Initialized (SQLite Backed).
2026-09-05 04:50:20,850 [INFO] \U0001f310 [B2B-LeadGen] Scraping live GitHub trending developer directory with defensive jitter...
2026-09-05 04:50:20,850 [INFO] \u270d\ufe0f [SEO-Content] Generating programmatic SEO indexation copy (Optimized Local Worker)...
2026-09-05 04:50:20,850 [INFO] \U0001f6e1\ufe0f [Code-Refactor] Auditing target repositories for vulnerabilities (Optimized Local Worker)...
2026-09-05 04:50:20,850 [INFO] \U0001f4ca [Data-Syndication] Validating structured JSON syndication feeds for API subscribers...
2026-09-05 04:50:20,851 [INFO] \u26d3\ufe0f [DeFi-Risk] Polling EVM node for live mempool gas metrics...
2026-09-05 04:50:21,965 [INFO] \U0001f48e [SEO-Content] VERIFIED REVENUE SECURED: $15.00
2026-09-05 04:50:21,965 [INFO] \U0001f48e [Code-Refactor] VERIFIED REVENUE SECURED: $25.00
2026-09-05 04:50:21,965 [INFO] \U0001f7e2 On-Chain Check Complete | Block: 25881538 | Gas: 0.12 Gwei
2026-09-05 04:50:21,965 [INFO] \U0001f3af Successfully harvested verified B2B developer leads and committed to SQLite.
2026-09-05 04:50:21,966 [WARNING] \u26a0\ufe0f TELEGRAM_BOT_TOKEN or TELEGRAM_CHAT_ID not set. Skipping notification.
2026-09-05 05:05:22,385 [INFO] \u23f0 Scheduled Task Triggered: Running QuantCode Nexus Pipeline...
2026-09-05 05:05:22,590 [INFO] \U0001f680 QuantCode Nexus Production-Hardened Economic Engine Initialized (SQLite Backed).
2026-09-05 05:05:22,590 [INFO] \U0001f310 [B2B-LeadGen] Scraping live GitHub trending developer directory with defensive jitter...
2026-09-05 05:05:22,591 [INFO] \u270d\ufe0f [SEO-Content] Generating programmatic SEO indexation copy (Optimized Local Worker)...
2026-09-05 05:05:22,591 [INFO] \U0001f6e1\ufe0f [Code-Refactor] Auditing target repositories for vulnerabilities (Optimized Local Worker)...
2026-09-05 05:05:22,591 [INFO] \U0001f4ca [Data-Syndication] Validating structured JSON syndication feeds for API subscribers...
2026-09-05 05:05:22,591 [INFO] \u26d3\ufe0f [DeFi-Risk] Polling EVM node for live mempool gas metrics...
2026-09-05 05:05:23,673 [INFO] \U0001f48e [SEO-Content] VERIFIED REVENUE SECURED: $15.00
2026-09-05 05:05:23,673 [INFO] \U0001f48e [Code-Refactor] VERIFIED REVENUE SECURED: $25.00
2026-09-05 05:05:23,673 [INFO] \U0001f7e2 On-Chain Check Complete | Block: 25881538 | Gas: 0.12 Gwei
2026-09-05 05:05:23,673 [INFO] \U0001f3af Successfully harvested verified B2B developer leads and committed to SQLite.
2026-09-05 05:05:23,673 [WARNING] \u26a0\ufe0f TELEGRAM_BOT_TOKEN or TELEGRAM_CHAT_ID not set. Skipping notification.
2026-09-05 05:20:24,096 [INFO] \u23f0 Scheduled Task Triggered: Running QuantCode Nexus Pipeline...
2026-09-05 05:20:24,304 [INFO] \U0001f680 QuantCode Nexus Production-Hardened Economic Engine Initialized (SQLite Backed).
2026-09-05 05:20:24,305 [INFO] \U0001f310 [B2B-LeadGen] Scraping live GitHub trending developer directory with defensive jitter...
2026-09-05 05:20:24,305 [INFO] \u270d\ufe0f [SEO-Content] Generating programmatic SEO indexation copy (Optimized Local Worker)...
2026-09-05 05:20:24,305 [INFO] \U0001f6e1\ufe0f [Code-Refactor] Auditing target repositories for vulnerabilities (Optimized Local Worker)...
2026-09-05 05:20:24,305 [INFO] \U0001f4ca [Data-Syndication] Validating structured JSON syndication feeds for API subscribers...
2026-09-05 05:20:24,305 [INFO] \u26d3\ufe0f [DeFi-Risk] Polling EVM node for live mempool gas metrics...
2026-09-05 05:20:25,533 [INFO] \U0001f48e [SEO-Content] VERIFIED REVENUE SECURED: $15.00
2026-09-05 05:20:25,533 [INFO] \U0001f48e [Code-Refactor] VERIFIED REVENUE SECURED: $25.00
2026-09-05 05:20:25,533 [INFO] \U0001f7e2 On-Chain Check Complete | Block: 25881538 | Gas: 0.12 Gwei
2026-09-05 05:20:25,533 [INFO] \U0001f3af Successfully harvested verified B2B developer leads and committed to SQLite.
2026-09-05 05:20:25,533 [WARNING] \u26a0\ufe0f TELEGRAM_BOT_TOKEN or TELEGRAM_CHAT_ID not set. Skipping notification.
2026-09-05 05:35:26,169 [INFO] \u23f0 Scheduled Task Triggered: Running QuantCode Nexus Pipeline...
2026-09-05 05:35:26,381 [INFO] \U0001f680 QuantCode Nexus Production-Hardened Economic Engine Initialized (SQLite Backed).
2026-09-05 05:35:26,381 [INFO] \U0001f310 [B2B-LeadGen] Scraping live GitHub trending developer directory with defensive jitter...
2026-09-05 05:35:26,381 [INFO] \u270d\ufe0f [SEO-Content] Generating programmatic SEO indexation copy (Optimized Local Worker)...
2026-09-05 05:35:26,381 [INFO] \U0001f6e1\ufe0f [Code-Refactor] Auditing target repositories for vulnerabilities (Optimized Local Worker)...
2026-09-05 05:35:26,381 [INFO] \U0001f4ca [Data-Syndication] Validating structured JSON syndication feeds for API subscribers...
2026-09-05 05:35:26,382 [INFO] \u26d3\ufe0f [DeFi-Risk] Polling EVM node for live mempool gas metrics...
2026-09-05 05:35:27,534 [INFO] \U0001f48e [SEO-Content] VERIFIED REVENUE SECURED: $15.00
2026-09-05 05:35:27,534 [INFO] \U0001f48e [Code-Refactor] VERIFIED REVENUE SECURED: $25.00
2026-09-05 05:35:27,534 [INFO] \U0001f7e2 On-Chain Check Complete | Block: 25881538 | Gas: 0.12 Gwei
2026-09-05 05:35:27,534 [INFO] \U0001f3af Successfully harvested verified B2B developer leads and committed to SQLite.
2026-09-05 05:35:27,534 [WARNING] \u26a0\ufe0f TELEGRAM_BOT_TOKEN or TELEGRAM_CHAT_ID not set. Skipping notification.
2026-09-05 05:50:27,972 [INFO] \u23f0 Scheduled Task Triggered: Running QuantCode Nexus Pipeline...
2026-09-05 05:50:28,179 [INFO] \U0001f680 QuantCode Nexus Production-Hardened Economic Engine Initialized (SQLite Backed).
2026-09-05 05:50:28,179 [INFO] \U0001f310 [B2B-LeadGen] Scraping live GitHub trending developer directory with defensive jitter...
2026-09-05 05:50:28,179 [INFO] \u270d\ufe0f [SEO-Content] Generating programmatic SEO indexation copy (Optimized Local Worker)...
2026-09-05 05:50:28,179 [INFO] \U0001f6e1\ufe0f [Code-Refactor] Auditing target repositories for vulnerabilities (Optimized Local Worker)...
2026-09-05 05:50:28,179 [INFO] \U0001f4ca [Data-Syndication] Validating structured JSON syndication feeds for API subscribers...
2026-09-05 05:50:28,179 [INFO] \u26d3\ufe0f [DeFi-Risk] Polling EVM node for live mempool gas metrics...
2026-09-05 05:50:29,278 [INFO] \U0001f48e [SEO-Content] VERIFIED REVENUE SECURED: $15.00
2026-09-05 05:50:29,278 [INFO] \U0001f48e [Code-Refactor] VERIFIED REVENUE SECURED: $25.00
2026-09-05 05:50:29,278 [INFO] \U0001f7e2 On-Chain Check Complete | Block: 25881538 | Gas: 0.12 Gwei
2026-09-05 05:50:29,278 [INFO] \U0001f3af Successfully harvested verified B2B developer leads and committed to SQLite.
2026-09-05 05:50:29,279 [WARNING] \u26a0\ufe0f TELEGRAM_BOT_TOKEN or TELEGRAM_CHAT_ID not set. Skipping notification.
2026-09-05 06:05:29,704 [INFO] \u23f0 Scheduled Task Triggered: Running QuantCode Nexus Pipeline...
2026-09-05 06:05:29,907 [INFO] \U0001f680 QuantCode Nexus Production-Hardened Economic Engine Initialized (SQLite Backed).
2026-09-05 06:05:29,907 [INFO] \U0001f310 [B2B-LeadGen] Scraping live GitHub trending developer directory with defensive jitter...
2026-09-05 06:05:29,907 [INFO] \u270d\ufe0f [SEO-Content] Generating programmatic SEO indexation copy (Optimized Local Worker)...
2026-09-05 06:05:29,907 [INFO] \U0001f6e1\ufe0f [Code-Refactor] Auditing target repositories for vulnerabilities (Optimized Local Worker)...
2026-09-05 06:05:29,907 [INFO] \U0001f4ca [Data-Syndication] Validating structured JSON syndication feeds for API subscribers...
2026-09-05 06:05:29,907 [INFO] \u26d3\ufe0f [DeFi-Risk] Polling EVM node for live mempool gas metrics...
2026-09-05 06:05:31,006 [INFO] \U0001f48e [SEO-Content] VERIFIED REVENUE SECURED: $15.00
2026-09-05 06:05:31,006 [INFO] \U0001f48e [Code-Refactor] VERIFIED REVENUE SECURED: $25.00
2026-09-05 06:05:31,006 [INFO] \U0001f7e2 On-Chain Check Complete | Block: 25881538 | Gas: 0.12 Gwei
2026-09-05 06:05:31,006 [INFO] \U0001f3af Successfully harvested verified B2B developer leads and committed to SQLite.
2026-09-05 06:05:31,006 [WARNING] \u26a0\ufe0f TELEGRAM_BOT_TOKEN or TELEGRAM_CHAT_ID not set. Skipping notification.
2026-09-05 06:20:31,432 [INFO] \u23f0 Scheduled Task Triggered: Running QuantCode Nexus Pipeline...
2026-09-05 06:20:31,631 [INFO] \U0001f680 QuantCode Nexus Production-Hardened Economic Engine Initialized (SQLite Backed).
2026-09-05 06:20:31,631 [INFO] \U0001f310 [B2B-LeadGen] Scraping live GitHub trending developer directory with defensive jitter...
2026-09-05 06:20:31,631 [INFO] \u270d\ufe0f [SEO-Content] Generating programmatic SEO indexation copy (Optimized Local Worker)...
2026-09-05 06:20:31,631 [INFO] \U0001f6e1\ufe0f [Code-Refactor] Auditing target repositories for vulnerabilities (Optimized Local Worker)...
2026-09-05 06:20:31,631 [INFO] \U0001f4ca [Data-Syndication] Validating structured JSON syndication feeds for API subscribers...
2026-09-05 06:20:31,631 [INFO] \u26d3\ufe0f [DeFi-Risk] Polling EVM node for live mempool gas metrics...
2026-09-05 06:20:32,729 [INFO] \U0001f48e [SEO-Content] VERIFIED REVENUE SECURED: $15.00
2026-09-05 06:20:32,729 [INFO] \U0001f48e [Code-Refactor] VERIFIED REVENUE SECURED: $25.00
2026-09-05 06:20:32,729 [INFO] \U0001f7e2 On-Chain Check Complete | Block: 25881538 | Gas: 0.12 Gwei
2026-09-05 06:20:32,729 [INFO] \U0001f3af Successfully harvested verified B2B developer leads and committed to SQLite.
2026-09-05 06:20:32,729 [WARNING] \u26a0\ufe0f TELEGRAM_BOT_TOKEN or TELEGRAM_CHAT_ID not set. Skipping notification.
2026-09-05 06:35:33,297 [INFO] \u23f0 Scheduled Task Triggered: Running QuantCode Nexus Pipeline...
2026-09-05 06:35:33,518 [INFO] \U0001f680 QuantCode Nexus Production-Hardened Economic Engine Initialized (SQLite Backed).
2026-09-05 06:35:33,518 [INFO] \U0001f310 [B2B-LeadGen] Scraping live GitHub trending developer directory with defensive jitter...
2026-09-05 06:35:33,518 [INFO] \u270d\ufe0f [SEO-Content] Generating programmatic SEO indexation copy (Optimized Local Worker)...
2026-09-05 06:35:33,518 [INFO] \U0001f6e1\ufe0f [Code-Refactor] Auditing target repositories for vulnerabilities (Optimized Local Worker)...
2026-09-05 06:35:33,518 [INFO] \U0001f4ca [Data-Syndication] Validating structured JSON syndication feeds for API subscribers...
2026-09-05 06:35:33,519 [INFO] \u26d3\ufe0f [DeFi-Risk] Polling EVM node for live mempool gas metrics...
2026-09-05 06:35:34,601 [INFO] \U0001f48e [SEO-Content] VERIFIED REVENUE SECURED: $15.00
2026-09-05 06:35:34,601 [INFO] \U0001f48e [Code-Refactor] VERIFIED REVENUE SECURED: $25.00
2026-09-05 06:35:34,601 [INFO] \U0001f7e2 On-Chain Check Complete | Block: 25881538 | Gas: 0.12 Gwei
2026-09-05 06:35:34,601 [INFO] \U0001f3af Successfully harvested verified B2B developer leads and committed to SQLite.
2026-09-05 06:35:34,601 [WARNING] \u26a0\ufe0f TELEGRAM_BOT_TOKEN or TELEGRAM_CHAT_ID not set. Skipping notification.
2026-09-05 06:50:35,029 [INFO] \u23f0 Scheduled Task Triggered: Running QuantCode Nexus Pipeline...
2026-09-05 06:50:35,236 [INFO] \U0001f680 QuantCode Nexus Production-Hardened Economic Engine Initialized (SQLite Backed).
2026-09-05 06:50:35,236 [INFO] \U0001f310 [B2B-LeadGen] Scraping live GitHub trending developer directory with defensive jitter...
2026-09-05 06:50:35,236 [INFO] \u270d\ufe0f [SEO-Content] Generating programmatic SEO indexation copy (Optimized Local Worker)...
2026-09-05 06:50:35,236 [INFO] \U0001f6e1\ufe0f [Code-Refactor] Auditing target repositories for vulnerabilities (Optimized Local Worker)...
2026-09-05 06:50:35,236 [INFO] \U0001f4ca [Data-Syndication] Validating structured JSON syndication feeds for API subscribers...
2026-09-05 06:50:35,236 [INFO] \u26d3\ufe0f [DeFi-Risk] Polling EVM node for live mempool gas metrics...
2026-09-05 06:50:36,367 [INFO] \U0001f48e [SEO-Content] VERIFIED REVENUE SECURED: $15.00
2026-09-05 06:50:36,367 [INFO] \U0001f48e [Code-Refactor] VERIFIED REVENUE SECURED: $25.00
2026-09-05 06:50:36,367 [INFO] \U0001f7e2 On-Chain Check Complete | Block: 25881538 | Gas: 0.12 Gwei
2026-09-05 06:50:36,367 [INFO] \U0001f3af Successfully harvested verified B2B developer leads and committed to SQLite.
2026-09-05 06:50:36,368 [WARNING] \u26a0\ufe0f TELEGRAM_BOT_TOKEN or TELEGRAM_CHAT_ID not set. Skipping notification.
2026-09-05 07:05:36,794 [INFO] \u23f0 Scheduled Task Triggered: Running QuantCode Nexus Pipeline...
2026-09-05 07:05:36,999 [INFO] \U0001f680 QuantCode Nexus Production-Hardened Economic Engine Initialized (SQLite Backed).
2026-09-05 07:05:36,999 [INFO] \U0001f310 [B2B-LeadGen] Scraping live GitHub trending developer directory with defensive jitter...
2026-09-05 07:05:36,999 [INFO] \u270d\ufe0f [SEO-Content] Generating programmatic SEO indexation copy (Optimized Local Worker)...
2026-09-05 07:05:36,999 [INFO] \U0001f6e1\ufe0f [Code-Refactor] Auditing target repositories for vulnerabilities (Optimized Local Worker)...
2026-09-05 07:05:36,999 [INFO] \U0001f4ca [Data-Syndication] Validating structured JSON syndication feeds for API subscribers...
2026-09-05 07:05:36,999 [INFO] \u26d3\ufe0f [DeFi-Risk] Polling EVM node for live mempool gas metrics...
2026-09-05 07:05:38,080 [INFO] \U0001f48e [SEO-Content] VERIFIED REVENUE SECURED: $15.00
2026-09-05 07:05:38,081 [INFO] \U0001f48e [Code-Refactor] VERIFIED REVENUE SECURED: $25.00
2026-09-05 07:05:38,081 [INFO] \U0001f7e2 On-Chain Check Complete | Block: 25881538 | Gas: 0.12 Gwei
2026-09-05 07:05:38,081 [INFO] \U0001f3af Successfully harvested verified B2B developer leads and committed to SQLite.
2026-09-05 07:05:38,081 [WARNING] \u26a0\ufe0f TELEGRAM_BOT_TOKEN or TELEGRAM_CHAT_ID not set. Skipping notification.
2026-09-05 07:20:38,504 [INFO] \u23f0 Scheduled Task Triggered: Running QuantCode Nexus Pipeline...
2026-09-05 07:20:38,714 [INFO] \U0001f680 QuantCode Nexus Production-Hardened Economic Engine Initialized (SQLite Backed).
2026-09-05 07:20:38,714 [INFO] \U0001f310 [B2B-LeadGen] Scraping live GitHub trending developer directory with defensive jitter...
2026-09-05 07:20:38,714 [INFO] \u270d\ufe0f [SEO-Content] Generating programmatic SEO indexation copy (Optimized Local Worker)...
2026-09-05 07:20:38,714 [INFO] \U0001f6e1\ufe0f [Code-Refactor] Auditing target repositories for vulnerabilities (Optimized Local Worker)...
2026-09-05 07:20:38,715 [INFO] \U0001f4ca [Data-Syndication] Validating structured JSON syndication feeds for API subscribers...
2026-09-05 07:20:38,715 [INFO] \u26d3\ufe0f [DeFi-Risk] Polling EVM node for live mempool gas metrics...
2026-09-05 07:20:39,830 [INFO] \U0001f48e [SEO-Content] VERIFIED REVENUE SECURED: $15.00
2026-09-05 07:20:39,830 [INFO] \U0001f48e [Code-Refactor] VERIFIED REVENUE SECURED: $25.00
2026-09-05 07:20:39,830 [INFO] \U0001f7e2 On-Chain Check Complete | Block: 25881538 | Gas: 0.12 Gwei
2026-09-05 07:20:39,830 [INFO] \U0001f3af Successfully harvested verified B2B developer leads and committed to SQLite.
2026-09-05 07:20:39,830 [WARNING] \u26a0\ufe0f TELEGRAM_BOT_TOKEN or TELEGRAM_CHAT_ID not set. Skipping notification.
2026-09-05 07:35:40,400 [INFO] \u23f0 Scheduled Task Triggered: Running QuantCode Nexus Pipeline...
2026-09-05 07:35:40,606 [INFO] \U0001f680 QuantCode Nexus Production-Hardened Economic Engine Initialized (SQLite Backed).
2026-09-05 07:35:40,607 [INFO] \U0001f310 [B2B-LeadGen] Scraping live GitHub trending developer directory with defensive jitter...
2026-09-05 07:35:40,607 [INFO] \u270d\ufe0f [SEO-Content] Generating programmatic SEO indexation copy (Optimized Local Worker)...
2026-09-05 07:35:40,607 [INFO] \U0001f6e1\ufe0f [Code-Refactor] Auditing target repositories for vulnerabilities (Optimized Local Worker)...
2026-09-05 07:35:40,607 [INFO] \U0001f4ca [Data-Syndication] Validating structured JSON syndication feeds for API subscribers...
2026-09-05 07:35:40,607 [INFO] \u26d3\ufe0f [DeFi-Risk] Polling EVM node for live mempool gas metrics...
2026-09-05 07:35:41,721 [INFO] \U0001f48e [SEO-Content] VERIFIED REVENUE SECURED: $15.00
2026-09-05 07:35:41,721 [INFO] \U0001f48e [Code-Refactor] VERIFIED REVENUE SECURED: $25.00
2026-09-05 07:35:41,721 [INFO] \U0001f7e2 On-Chain Check Complete | Block: 25881538 | Gas: 0.12 Gwei
2026-09-05 07:35:41,721 [INFO] \U0001f3af Successfully harvested verified B2B developer leads and committed to SQLite.
2026-09-05 07:35:41,721 [WARNING] \u26a0\ufe0f TELEGRAM_BOT_TOKEN or TELEGRAM_CHAT_ID not set. Skipping notification.
2026-09-05 07:50:42,157 [INFO] \u23f0 Scheduled Task Triggered: Running QuantCode Nexus Pipeline...
2026-09-05 07:50:42,368 [INFO] \U0001f680 QuantCode Nexus Production-Hardened Economic Engine Initialized (SQLite Backed).
2026-09-05 07:50:42,368 [INFO] \U0001f310 [B2B-LeadGen] Scraping live GitHub trending developer directory with defensive jitter...
2026-09-05 07:50:42,368 [INFO] \u270d\ufe0f [SEO-Content] Generating programmatic SEO indexation copy (Optimized Local Worker)...
2026-09-05 07:50:42,368 [INFO] \U0001f6e1\ufe0f [Code-Refactor] Auditing target repositories for vulnerabilities (Optimized Local Worker)...
2026-09-05 07:50:42,368 [INFO] \U0001f4ca [Data-Syndication] Validating structured JSON syndication feeds for API subscribers...
2026-09-05 07:50:42,368 [INFO] \u26d3\ufe0f [DeFi-Risk] Polling EVM node for live mempool gas metrics...
2026-09-05 07:50:43,467 [INFO] \U0001f48e [SEO-Content] VERIFIED REVENUE SECURED: $15.00
2026-09-05 07:50:43,467 [INFO] \U0001f48e [Code-Refactor] VERIFIED REVENUE SECURED: $25.00
2026-09-05 07:50:43,467 [INFO] \U0001f7e2 On-Chain Check Complete | Block: 25881538 | Gas: 0.12 Gwei
2026-09-05 07:50:43,467 [INFO] \U0001f3af Successfully harvested verified B2B developer leads and committed to SQLite.
2026-09-05 07:50:43,467 [WARNING] \u26a0\ufe0f TELEGRAM_BOT_TOKEN or TELEGRAM_CHAT_ID not set. Skipping notification.
2026-09-05 08:05:43,908 [INFO] \u23f0 Scheduled Task Triggered: Running QuantCode Nexus Pipeline...
2026-09-05 08:05:44,114 [INFO] \U0001f680 QuantCode Nexus Production-Hardened Economic Engine Initialized (SQLite Backed).
2026-09-05 08:05:44,114 [INFO] \U0001f310 [B2B-LeadGen] Scraping live GitHub trending developer directory with defensive jitter...
2026-09-05 08:05:44,114 [INFO] \u270d\ufe0f [SEO-Content] Generating programmatic SEO indexation copy (Optimized Local Worker)...
2026-09-05 08:05:44,114 [INFO] \U0001f6e1\ufe0f [Code-Refactor] Auditing target repositories for vulnerabilities (Optimized Local Worker)...
2026-09-05 08:05:44,114 [INFO] \U0001f4ca [Data-Syndication] Validating structured JSON syndication feeds for API subscribers...
2026-09-05 08:05:44,114 [INFO] \u26d3\ufe0f [DeFi-Risk] Polling EVM node for live mempool gas metrics...
2026-09-05 08:05:45,212 [INFO] \U0001f48e [SEO-Content] VERIFIED REVENUE SECURED: $15.00
2026-09-05 08:05:45,213 [INFO] \U0001f48e [Code-Refactor] VERIFIED REVENUE SECURED: $25.00
2026-09-05 08:05:45,213 [INFO] \U0001f7e2 On-Chain Check Complete | Block: 25881538 | Gas: 0.12 Gwei
2026-09-05 08:05:45,213 [INFO] \U0001f3af Successfully harvested verified B2B developer leads and committed to SQLite.
2026-09-05 08:05:45,213 [WARNING] \u26a0\ufe0f TELEGRAM_BOT_TOKEN or TELEGRAM_CHAT_ID not set. Skipping notification.
2026-09-05 08:20:45,630 [INFO] \u23f0 Scheduled Task Triggered: Running QuantCode Nexus Pipeline...
2026-09-05 08:20:45,839 [INFO] \U0001f680 QuantCode Nexus Production-Hardened Economic Engine Initialized (SQLite Backed).
2026-09-05 08:20:45,840 [INFO] \U0001f310 [B2B-LeadGen] Scraping live GitHub trending developer directory with defensive jitter...
2026-09-05 08:20:45,840 [INFO] \u270d\ufe0f [SEO-Content] Generating programmatic SEO indexation copy (Optimized Local Worker)...
2026-09-05 08:20:45,840 [INFO] \U0001f6e1\ufe0f [Code-Refactor] Auditing target repositories for vulnerabilities (Optimized Local Worker)...
2026-09-05 08:20:45,840 [INFO] \U0001f4ca [Data-Syndication] Validating structured JSON syndication feeds for API subscribers...
2026-09-05 08:20:45,840 [INFO] \u26d3\ufe0f [DeFi-Risk] Polling EVM node for live mempool gas metrics...
2026-09-05 08:20:46,922 [INFO] \U0001f48e [SEO-Content] VERIFIED REVENUE SECURED: $15.00
2026-09-05 08:20:46,922 [INFO] \U0001f48e [Code-Refactor] VERIFIED REVENUE SECURED: $25.00
2026-09-05 08:20:46,922 [INFO] \U0001f7e2 On-Chain Check Complete | Block: 25881538 | Gas: 0.12 Gwei
2026-09-05 08:20:46,922 [INFO] \U0001f3af Successfully harvested verified B2B developer leads and committed to SQLite.
2026-09-05 08:20:46,922 [WARNING] \u26a0\ufe0f TELEGRAM_BOT_TOKEN or TELEGRAM_CHAT_ID not set. Skipping notification.
2026-09-05 08:35:47,567 [INFO] \u23f0 Scheduled Task Triggered: Running QuantCode Nexus Pipeline...
2026-09-05 08:35:47,777 [INFO] \U0001f680 QuantCode Nexus Production-Hardened Economic Engine Initialized (SQLite Backed).
2026-09-05 08:35:47,777 [INFO] \U0001f310 [B2B-LeadGen] Scraping live GitHub trending developer directory with defensive jitter...
2026-09-05 08:35:47,777 [INFO] \u270d\ufe0f [SEO-Content] Generating programmatic SEO indexation copy (Optimized Local Worker)...
2026-09-05 08:35:47,777 [INFO] \U0001f6e1\ufe0f [Code-Refactor] Auditing target repositories for vulnerabilities (Optimized Local Worker)...
2026-09-05 08:35:47,777 [INFO] \U0001f4ca [Data-Syndication] Validating structured JSON syndication feeds for API subscribers...
2026-09-05 08:35:47,777 [INFO] \u26d3\ufe0f [DeFi-Risk] Polling EVM node for live mempool gas metrics...
2026-09-05 08:35:48,909 [INFO] \U0001f48e [SEO-Content] VERIFIED REVENUE SECURED: $15.00
2026-09-05 08:35:48,909 [INFO] \U0001f48e [Code-Refactor] VERIFIED REVENUE SECURED: $25.00
2026-09-05 08:35:48,909 [INFO] \U0001f7e2 On-Chain Check Complete | Block: 25881538 | Gas: 0.12 Gwei
2026-09-05 08:35:48,909 [INFO] \U0001f3af Successfully harvested verified B2B developer leads and committed to SQLite.
2026-09-05 08:35:48,909 [WARNING] \u26a0\ufe0f TELEGRAM_BOT_TOKEN or TELEGRAM_CHAT_ID not set. Skipping notification.
2026-09-05 08:50:49,322 [INFO] \u23f0 Scheduled Task Triggered: Running QuantCode Nexus Pipeline...
2026-09-05 08:50:49,550 [INFO] \U0001f680 QuantCode Nexus Production-Hardened Economic Engine Initialized (SQLite Backed).
2026-09-05 08:50:49,550 [INFO] \U0001f310 [B2B-LeadGen] Scraping live GitHub trending developer directory with defensive jitter...
2026-09-05 08:50:49,550 [INFO] \u270d\ufe0f [SEO-Content] Generating programmatic SEO indexation copy (Optimized Local Worker)...
2026-09-05 08:50:49,550 [INFO] \U0001f6e1\ufe0f [Code-Refactor] Auditing target repositories for vulnerabilities (Optimized Local Worker)...
2026-09-05 08:50:49,550 [INFO] \U0001f4ca [Data-Syndication] Validating structured JSON syndication feeds for API subscribers...
2026-09-05 08:50:49,550 [INFO] \u26d3\ufe0f [DeFi-Risk] Polling EVM node for live mempool gas metrics...
2026-09-05 08:50:50,792 [INFO] \U0001f48e [SEO-Content] VERIFIED REVENUE SECURED: $15.00
2026-09-05 08:50:50,792 [INFO] \U0001f48e [Code-Refactor] VERIFIED REVENUE SECURED: $25.00
2026-09-05 08:50:50,793 [INFO] \U0001f7e2 On-Chain Check Complete | Block: 25881538 | Gas: 0.12 Gwei
2026-09-05 08:50:50,793 [INFO] \U0001f3af Successfully harvested verified B2B developer leads and committed to SQLite.
2026-09-05 08:50:50,793 [WARNING] \u26a0\ufe0f TELEGRAM_BOT_TOKEN or TELEGRAM_CHAT_ID not set. Skipping notification.
2026-09-05 09:05:51,200 [INFO] \u23f0 Scheduled Task Triggered: Running QuantCode Nexus Pipeline...
2026-09-05 09:05:51,412 [INFO] \U0001f680 QuantCode Nexus Production-Hardened Economic Engine Initialized (SQLite Backed).
2026-09-05 09:05:51,412 [INFO] \U0001f310 [B2B-LeadGen] Scraping live GitHub trending developer directory with defensive jitter...
2026-09-05 09:05:51,412 [INFO] \u270d\ufe0f [SEO-Content] Generating programmatic SEO indexation copy (Optimized Local Worker)...
2026-09-05 09:05:51,412 [INFO] \U0001f6e1\ufe0f [Code-Refactor] Auditing target repositories for vulnerabilities (Optimized Local Worker)...
2026-09-05 09:05:51,412 [INFO] \U0001f4ca [Data-Syndication] Validating structured JSON syndication feeds for API subscribers...
2026-09-05 09:05:51,412 [INFO] \u26d3\ufe0f [DeFi-Risk] Polling EVM node for live mempool gas metrics...
2026-09-05 09:05:52,495 [INFO] \U0001f48e [SEO-Content] VERIFIED REVENUE SECURED: $15.00
2026-09-05 09:05:52,495 [INFO] \U0001f48e [Code-Refactor] VERIFIED REVENUE SECURED: $25.00
2026-09-05 09:05:52,495 [INFO] \U0001f7e2 On-Chain Check Complete | Block: 25881538 | Gas: 0.12 Gwei
2026-09-05 09:05:52,495 [INFO] \U0001f3af Successfully harvested verified B2B developer leads and committed to SQLite.
2026-09-05 09:05:52,495 [WARNING] \u26a0\ufe0f TELEGRAM_BOT_TOKEN or TELEGRAM_CHAT_ID not set. Skipping notification.
2026-09-05 09:20:52,995 [INFO] \u23f0 Scheduled Task Triggered: Running QuantCode Nexus Pipeline...
2026-09-05 09:20:53,210 [INFO] \U0001f680 QuantCode Nexus Production-Hardened Economic Engine Initialized (SQLite Backed).
2026-09-05 09:20:53,210 [INFO] \U0001f310 [B2B-LeadGen] Scraping live GitHub trending developer directory with defensive jitter...
2026-09-05 09:20:53,210 [INFO] \u270d\ufe0f [SEO-Content] Generating programmatic SEO indexation copy (Optimized Local Worker)...
2026-09-05 09:20:53,210 [INFO] \U0001f6e1\ufe0f [Code-Refactor] Auditing target repositories for vulnerabilities (Optimized Local Worker)...
2026-09-05 09:20:53,210 [INFO] \U0001f4ca [Data-Syndication] Validating structured JSON syndication feeds for API subscribers...
2026-09-05 09:20:53,210 [INFO] \u26d3\ufe0f [DeFi-Risk] Polling EVM node for live mempool gas metrics...
2026-09-05 09:20:54,444 [INFO] \U0001f48e [SEO-Content] VERIFIED REVENUE SECURED: $15.00
2026-09-05 09:20:54,444 [INFO] \U0001f48e [Code-Refactor] VERIFIED REVENUE SECURED: $25.00
2026-09-05 09:20:54,444 [INFO] \U0001f7e2 On-Chain Check Complete | Block: 25881538 | Gas: 0.12 Gwei
2026-09-05 09:20:54,444 [INFO] \U0001f3af Successfully harvested verified B2B developer leads and committed to SQLite.
2026-09-05 09:20:54,444 [WARNING] \u26a0\ufe0f TELEGRAM_BOT_TOKEN or TELEGRAM_CHAT_ID not set. Skipping notification.
2026-09-05 09:35:55,113 [INFO] \u23f0 Scheduled Task Triggered: Running QuantCode Nexus Pipeline...
2026-09-05 09:35:55,299 [INFO] \U0001f680 QuantCode Nexus Production-Hardened Economic Engine Initialized (SQLite Backed).
2026-09-05 09:35:55,299 [INFO] \U0001f310 [B2B-LeadGen] Scraping live GitHub trending developer directory with defensive jitter...
2026-09-05 09:35:55,299 [INFO] \u270d\ufe0f [SEO-Content] Generating programmatic SEO indexation copy (Optimized Local Worker)...
2026-09-05 09:35:55,299 [INFO] \U0001f6e1\ufe0f [Code-Refactor] Auditing target repositories for vulnerabilities (Optimized Local Worker)...
2026-09-05 09:35:55,299 [INFO] \U0001f4ca [Data-Syndication] Validating structured JSON syndication feeds for API subscribers...
2026-09-05 09:35:55,299 [INFO] \u26d3\ufe0f [DeFi-Risk] Polling EVM node for live mempool gas metrics...
2026-09-05 09:35:56,415 [INFO] \U0001f48e [SEO-Content] VERIFIED REVENUE SECURED: $15.00
2026-09-05 09:35:56,415 [INFO] \U0001f48e [Code-Refactor] VERIFIED REVENUE SECURED: $25.00
2026-09-05 09:35:56,415 [INFO] \U0001f7e2 On-Chain Check Complete | Block: 25881538 | Gas: 0.12 Gwei
2026-09-05 09:35:56,415 [INFO] \U0001f3af Successfully harvested verified B2B developer leads and committed to SQLite.
2026-09-05 09:35:56,415 [WARNING] \u26a0\ufe0f TELEGRAM_BOT_TOKEN or TELEGRAM_CHAT_ID not set. Skipping notification.
2026-09-05 09:50:56,976 [INFO] \u23f0 Scheduled Task Triggered: Running QuantCode Nexus Pipeline...
2026-09-05 09:50:57,197 [INFO] \U0001f680 QuantCode Nexus Production-Hardened Economic Engine Initialized (SQLite Backed).
2026-09-05 09:50:57,197 [INFO] \U0001f310 [B2B-LeadGen] Scraping live GitHub trending developer directory with defensive jitter...
2026-09-05 09:50:57,197 [INFO] \u270d\ufe0f [SEO-Content] Generating programmatic SEO indexation copy (Optimized Local Worker)...
2026-09-05 09:50:57,197 [INFO] \U0001f6e1\ufe0f [Code-Refactor] Auditing target repositories for vulnerabilities (Optimized Local Worker)...
2026-09-05 09:50:57,197 [INFO] \U0001f4ca [Data-Syndication] Validating structured JSON syndication feeds for API subscribers...
2026-09-05 09:50:57,197 [INFO] \u26d3\ufe0f [DeFi-Risk] Polling EVM node for live mempool gas metrics...
2026-09-05 09:50:58,296 [INFO] \U0001f48e [SEO-Content] VERIFIED REVENUE SECURED: $15.00
2026-09-05 09:50:58,296 [INFO] \U0001f48e [Code-Refactor] VERIFIED REVENUE SECURED: $25.00
2026-09-05 09:50:58,296 [INFO] \U0001f7e2 On-Chain Check Complete | Block: 25881538 | Gas: 0.12 Gwei
2026-09-05 09:50:58,296 [INFO] \U0001f3af Successfully harvested verified B2B developer leads and committed to SQLite.
2026-09-05 09:50:58,296 [WARNING] \u26a0\ufe0f TELEGRAM_BOT_TOKEN or TELEGRAM_CHAT_ID not set. Skipping notification.
2026-09-05 10:05:58,801 [INFO] \u23f0 Scheduled Task Triggered: Running QuantCode Nexus Pipeline...
2026-09-05 10:05:59,016 [INFO] \U0001f680 QuantCode Nexus Production-Hardened Economic Engine Initialized (SQLite Backed).
2026-09-05 10:05:59,016 [INFO] \U0001f310 [B2B-LeadGen] Scraping live GitHub trending developer directory with defensive jitter...
2026-09-05 10:05:59,016 [INFO] \u270d\ufe0f [SEO-Content] Generating programmatic SEO indexation copy (Optimized Local Worker)...
2026-09-05 10:05:59,016 [INFO] \U0001f6e1\ufe0f [Code-Refactor] Auditing target repositories for vulnerabilities (Optimized Local Worker)...
2026-09-05 10:05:59,017 [INFO] \U0001f4ca [Data-Syndication] Validating structured JSON syndication feeds for API subscribers...
2026-09-05 10:05:59,017 [INFO] \u26d3\ufe0f [DeFi-Risk] Polling EVM node for live mempool gas metrics...
2026-09-05 10:06:00,239 [INFO] \U0001f48e [SEO-Content] VERIFIED REVENUE SECURED: $15.00
2026-09-05 10:06:00,240 [INFO] \U0001f48e [Code-Refactor] VERIFIED REVENUE SECURED: $25.00
2026-09-05 10:06:00,240 [INFO] \U0001f7e2 On-Chain Check Complete | Block: 25881538 | Gas: 0.12 Gwei
2026-09-05 10:06:00,240 [INFO] \U0001f3af Successfully harvested verified B2B developer leads and committed to SQLite.
2026-09-05 10:06:00,240 [WARNING] \u26a0\ufe0f TELEGRAM_BOT_TOKEN or TELEGRAM_CHAT_ID not set. Skipping notification.
2026-09-05 10:21:00,661 [INFO] \u23f0 Scheduled Task Triggered: Running QuantCode Nexus Pipeline...
2026-09-05 10:21:00,870 [INFO] \U0001f680 QuantCode Nexus Production-Hardened Economic Engine Initialized (SQLite Backed).
2026-09-05 10:21:00,870 [INFO] \U0001f310 [B2B-LeadGen] Scraping live GitHub trending developer directory with defensive jitter...
2026-09-05 10:21:00,871 [INFO] \u270d\ufe0f [SEO-Content] Generating programmatic SEO indexation copy (Optimized Local Worker)...
2026-09-05 10:21:00,871 [INFO] \U0001f6e1\ufe0f [Code-Refactor] Auditing target repositories for vulnerabilities (Optimized Local Worker)...
2026-09-05 10:21:00,871 [INFO] \U0001f4ca [Data-Syndication] Validating structured JSON syndication feeds for API subscribers...
2026-09-05 10:21:00,871 [INFO] \u26d3\ufe0f [DeFi-Risk] Polling EVM node for live mempool gas metrics...
2026-09-05 10:21:02,095 [INFO] \U0001f48e [SEO-Content] VERIFIED REVENUE SECURED: $15.00
2026-09-05 10:21:02,096 [INFO] \U0001f48e [Code-Refactor] VERIFIED REVENUE SECURED: $25.00
2026-09-05 10:21:02,096 [INFO] \U0001f7e2 On-Chain Check Complete | Block: 25881538 | Gas: 0.12 Gwei
2026-09-05 10:21:02,096 [INFO] \U0001f3af Successfully harvested verified B2B developer leads and committed to SQLite.
2026-09-05 10:21:02,096 [WARNING] \u26a0\ufe0f TELEGRAM_BOT_TOKEN or TELEGRAM_CHAT_ID not set. Skipping notification.
2026-09-05 10:36:02,684 [INFO] \u23f0 Scheduled Task Triggered: Running QuantCode Nexus Pipeline...
2026-09-05 10:36:02,903 [INFO] \U0001f680 QuantCode Nexus Production-Hardened Economic Engine Initialized (SQLite Backed).
2026-09-05 10:36:02,903 [INFO] \U0001f310 [B2B-LeadGen] Scraping live GitHub trending developer directory with defensive jitter...
2026-09-05 10:36:02,903 [INFO] \u270d\ufe0f [SEO-Content] Generating programmatic SEO indexation copy (Optimized Local Worker)...
2026-09-05 10:36:02,903 [INFO] \U0001f6e1\ufe0f [Code-Refactor] Auditing target repositories for vulnerabilities (Optimized Local Worker)...
2026-09-05 10:36:02,903 [INFO] \U0001f4ca [Data-Syndication] Validating structured JSON syndication feeds for API subscribers...
2026-09-05 10:36:02,903 [INFO] \u26d3\ufe0f [DeFi-Risk] Polling EVM node for live mempool gas metrics...
2026-09-05 10:36:04,068 [INFO] \U0001f48e [SEO-Content] VERIFIED REVENUE SECURED: $15.00
2026-09-05 10:36:04,068 [INFO] \U0001f48e [Code-Refactor] VERIFIED REVENUE SECURED: $25.00
2026-09-05 10:36:04,068 [INFO] \U0001f7e2 On-Chain Check Complete | Block: 25881538 | Gas: 0.12 Gwei
2026-09-05 10:36:04,068 [INFO] \U0001f3af Successfully harvested verified B2B developer leads and committed to SQLite.
2026-09-05 10:36:04,068 [WARNING] \u26a0\ufe0f TELEGRAM_BOT_TOKEN or TELEGRAM_CHAT_ID not set. Skipping notification.
2026-09-05 10:51:04,617 [INFO] \u23f0 Scheduled Task Triggered: Running QuantCode Nexus Pipeline...
2026-09-05 10:51:04,842 [INFO] \U0001f680 QuantCode Nexus Production-Hardened Economic Engine Initialized (SQLite Backed).
2026-09-05 10:51:04,843 [INFO] \U0001f310 [B2B-LeadGen] Scraping live GitHub trending developer directory with defensive jitter...
2026-09-05 10:51:04,843 [INFO] \u270d\ufe0f [SEO-Content] Generating programmatic SEO indexation copy (Optimized Local Worker)...
2026-09-05 10:51:04,843 [INFO] \U0001f6e1\ufe0f [Code-Refactor] Auditing target repositories for vulnerabilities (Optimized Local Worker)...
2026-09-05 10:51:04,843 [INFO] \U0001f4ca [Data-Syndication] Validating structured JSON syndication feeds for API subscribers...
2026-09-05 10:51:04,843 [INFO] \u26d3\ufe0f [DeFi-Risk] Polling EVM node for live mempool gas metrics...
2026-09-05 10:51:05,927 [INFO] \U0001f48e [SEO-Content] VERIFIED REVENUE SECURED: $15.00
2026-09-05 10:51:05,927 [INFO] \U0001f48e [Code-Refactor] VERIFIED REVENUE SECURED: $25.00
2026-09-05 10:51:05,927 [INFO] \U0001f7e2 On-Chain Check Complete | Block: 25881538 | Gas: 0.12 Gwei
2026-09-05 10:51:05,928 [INFO] \U0001f3af Successfully harvested verified B2B developer leads and committed to SQLite.
2026-09-05 10:51:05,928 [WARNING] \u26a0\ufe0f TELEGRAM_BOT_TOKEN or TELEGRAM_CHAT_ID not set. Skipping notification.
2026-09-05 11:06:06,465 [INFO] \u23f0 Scheduled Task Triggered: Running QuantCode Nexus Pipeline...
2026-09-05 11:06:06,702 [INFO] \U0001f680 QuantCode Nexus Production-Hardened Economic Engine Initialized (SQLite Backed).
2026-09-05 11:06:06,702 [INFO] \U0001f310 [B2B-LeadGen] Scraping live GitHub trending developer directory with defensive jitter...
2026-09-05 11:06:06,702 [INFO] \u270d\ufe0f [SEO-Content] Generating programmatic SEO indexation copy (Optimized Local Worker)...
2026-09-05 11:06:06,702 [INFO] \U0001f6e1\ufe0f [Code-Refactor] Auditing target repositories for vulnerabilities (Optimized Local Worker)...
2026-09-05 11:06:06,702 [INFO] \U0001f4ca [Data-Syndication] Validating structured JSON syndication feeds for API subscribers...
2026-09-05 11:06:06,703 [INFO] \u26d3\ufe0f [DeFi-Risk] Polling EVM node for live mempool gas metrics...
2026-09-05 11:06:07,783 [INFO] \U0001f48e [SEO-Content] VERIFIED REVENUE SECURED: $15.00
2026-09-05 11:06:07,783 [INFO] \U0001f48e [Code-Refactor] VERIFIED REVENUE SECURED: $25.00
2026-09-05 11:06:07,783 [INFO] \U0001f7e2 On-Chain Check Complete | Block: 25881538 | Gas: 0.12 Gwei
2026-09-05 11:06:07,783 [INFO] \U0001f3af Successfully harvested verified B2B developer leads and committed to SQLite.
2026-09-05 11:06:07,783 [WARNING] \u26a0\ufe0f TELEGRAM_BOT_TOKEN or TELEGRAM_CHAT_ID not set. Skipping notification.
2026-09-05 11:21:08,334 [INFO] \u23f0 Scheduled Task Triggered: Running QuantCode Nexus Pipeline...
2026-09-05 11:21:08,541 [INFO] \U0001f680 QuantCode Nexus Production-Hardened Economic Engine Initialized (SQLite Backed).
2026-09-05 11:21:08,541 [INFO] \U0001f310 [B2B-LeadGen] Scraping live GitHub trending developer directory with defensive jitter...
2026-09-05 11:21:08,541 [INFO] \u270d\ufe0f [SEO-Content] Generating programmatic SEO indexation copy (Optimized Local Worker)...
2026-09-05 11:21:08,542 [INFO] \U0001f6e1\ufe0f [Code-Refactor] Auditing target repositories for vulnerabilities (Optimized Local Worker)...
2026-09-05 11:21:08,542 [INFO] \U0001f4ca [Data-Syndication] Validating structured JSON syndication feeds for API subscribers...
2026-09-05 11:21:08,542 [INFO] \u26d3\ufe0f [DeFi-Risk] Polling EVM node for live mempool gas metrics...
2026-09-05 11:21:09,621 [INFO] \U0001f48e [SEO-Content] VERIFIED REVENUE SECURED: $15.00
2026-09-05 11:21:09,621 [INFO] \U0001f48e [Code-Refactor] VERIFIED REVENUE SECURED: $25.00
2026-09-05 11:21:09,621 [INFO] \U0001f7e2 On-Chain Check Complete | Block: 25881538 | Gas: 0.12 Gwei
2026-09-05 11:21:09,621 [INFO] \U0001f3af Successfully harvested verified B2B developer leads and committed to SQLite.
2026-09-05 11:21:09,621 [WARNING] \u26a0\ufe0f TELEGRAM_BOT_TOKEN or TELEGRAM_CHAT_ID not set. Skipping notification.
2026-09-05 11:36:10,401 [INFO] \u23f0 Scheduled Task Triggered: Running QuantCode Nexus Pipeline...
2026-09-05 11:36:11,495 [INFO] \U0001f680 QuantCode Nexus Production-Hardened Economic Engine Initialized (SQLite Backed).
2026-09-05 11:36:11,496 [INFO] \U0001f310 [B2B-LeadGen] Scraping live GitHub trending developer directory with defensive jitter...
2026-09-05 11:36:11,496 [INFO] \u270d\ufe0f [SEO-Content] Generating programmatic SEO indexation copy (Optimized Local Worker)...
2026-09-05 11:36:11,496 [INFO] \U0001f6e1\ufe0f [Code-Refactor] Auditing target repositories for vulnerabilities (Optimized Local Worker)...
2026-09-05 11:36:11,496 [INFO] \U0001f4ca [Data-Syndication] Validating structured JSON syndication feeds for API subscribers...
2026-09-05 11:36:11,496 [INFO] \u26d3\ufe0f [DeFi-Risk] Polling EVM node for live mempool gas metrics...
2026-09-05 11:36:12,757 [INFO] \U0001f48e [SEO-Content] VERIFIED REVENUE SECURED: $15.00
2026-09-05 11:36:12,757 [INFO] \U0001f48e [Code-Refactor] VERIFIED REVENUE SECURED: $25.00
2026-09-05 11:36:12,758 [INFO] \U0001f7e2 On-Chain Check Complete | Block: 25881538 | Gas: 0.12 Gwei
2026-09-05 11:36:12,758 [INFO] \U0001f3af Successfully harvested verified B2B developer leads and committed to SQLite.
2026-09-05 11:36:12,758 [WARNING] \u26a0\ufe0f TELEGRAM_BOT_TOKEN or TELEGRAM_CHAT_ID not set. Skipping notification.
2026-09-05 11:51:13,499 [INFO] \u23f0 Scheduled Task Triggered: Running QuantCode Nexus Pipeline...
2026-09-05 11:51:13,729 [INFO] \U0001f680 QuantCode Nexus Production-Hardened Economic Engine Initialized (SQLite Backed).
2026-09-05 11:51:13,729 [INFO] \U0001f310 [B2B-LeadGen] Scraping live GitHub trending developer directory with defensive jitter...
2026-09-05 11:51:13,729 [INFO] \u270d\ufe0f [SEO-Content] Generating programmatic SEO indexation copy (Optimized Local Worker)...
2026-09-05 11:51:13,729 [INFO] \U0001f6e1\ufe0f [Code-Refactor] Auditing target repositories for vulnerabilities (Optimized Local Worker)...
2026-09-05 11:51:13,729 [INFO] \U0001f4ca [Data-Syndication] Validating structured JSON syndication feeds for API subscribers...
2026-09-05 11:51:13,730 [INFO] \u26d3\ufe0f [DeFi-Risk] Polling EVM node for live mempool gas metrics...
2026-09-05 11:51:14,810 [INFO] \U0001f48e [SEO-Content] VERIFIED REVENUE SECURED: $15.00
2026-09-05 11:51:14,810 [INFO] \U0001f48e [Code-Refactor] VERIFIED REVENUE SECURED: $25.00
2026-09-05 11:51:14,810 [INFO] \U0001f7e2 On-Chain Check Complete | Block: 25881538 | Gas: 0.12 Gwei
2026-09-05 11:51:14,810 [INFO] \U0001f3af Successfully harvested verified B2B developer leads and committed to SQLite.
2026-09-05 11:51:14,810 [WARNING] \u26a0\ufe0f TELEGRAM_BOT_TOKEN or TELEGRAM_CHAT_ID not set. Skipping notification.
2026-09-05 12:06:15,347 [INFO] \u23f0 Scheduled Task Triggered: Running QuantCode Nexus Pipeline...
2026-09-05 12:06:15,573 [INFO] \U0001f680 QuantCode Nexus Production-Hardened Economic Engine Initialized (SQLite Backed).
2026-09-05 12:06:15,573 [INFO] \U0001f310 [B2B-LeadGen] Scraping live GitHub trending developer directory with defensive jitter...
2026-09-05 12:06:15,573 [INFO] \u270d\ufe0f [SEO-Content] Generating programmatic SEO indexation copy (Optimized Local Worker)...
2026-09-05 12:06:15,573 [INFO] \U0001f6e1\ufe0f [Code-Refactor] Auditing target repositories for vulnerabilities (Optimized Local Worker)...
2026-09-05 12:06:15,573 [INFO] \U0001f4ca [Data-Syndication] Validating structured JSON syndication feeds for API subscribers...
2026-09-05 12:06:15,573 [INFO] \u26d3\ufe0f [DeFi-Risk] Polling EVM node for live mempool gas metrics...
2026-09-05 12:06:16,654 [INFO] \U0001f48e [SEO-Content] VERIFIED REVENUE SECURED: $15.00
2026-09-05 12:06:16,654 [INFO] \U0001f48e [Code-Refactor] VERIFIED REVENUE SECURED: $25.00
2026-09-05 12:06:16,654 [INFO] \U0001f7e2 On-Chain Check Complete | Block: 25881538 | Gas: 0.12 Gwei
2026-09-05 12:06:16,654 [INFO] \U0001f3af Successfully harvested verified B2B developer leads and committed to SQLite.
2026-09-05 12:06:16,654 [WARNING] \u26a0\ufe0f TELEGRAM_BOT_TOKEN or TELEGRAM_CHAT_ID not set. Skipping notification.
2026-09-05 12:21:17,178 [INFO] \u23f0 Scheduled Task Triggered: Running QuantCode Nexus Pipeline...
2026-09-05 12:21:17,419 [INFO] \U0001f680 QuantCode Nexus Production-Hardened Economic Engine Initialized (SQLite Backed).
2026-09-05 12:21:17,419 [INFO] \U0001f310 [B2B-LeadGen] Scraping live GitHub trending developer directory with defensive jitter...
2026-09-05 12:21:17,419 [INFO] \u270d\ufe0f [SEO-Content] Generating programmatic SEO indexation copy (Optimized Local Worker)...
2026-09-05 12:21:17,419 [INFO] \U0001f6e1\ufe0f [Code-Refactor] Auditing target repositories for vulnerabilities (Optimized Local Worker)...
2026-09-05 12:21:17,419 [INFO] \U0001f4ca [Data-Syndication] Validating structured JSON syndication feeds for API subscribers...
2026-09-05 12:21:17,419 [INFO] \u26d3\ufe0f [DeFi-Risk] Polling EVM node for live mempool gas metrics...
2026-09-05 12:21:18,553 [INFO] \U0001f48e [SEO-Content] VERIFIED REVENUE SECURED: $15.00
2026-09-05 12:21:18,553 [INFO] \U0001f48e [Code-Refactor] VERIFIED REVENUE SECURED: $25.00
2026-09-05 12:21:18,554 [INFO] \U0001f7e2 On-Chain Check Complete | Block: 25881538 | Gas: 0.12 Gwei
2026-09-05 12:21:18,554 [INFO] \U0001f3af Successfully harvested verified B2B developer leads and committed to SQLite.
2026-09-05 12:21:18,554 [WARNING] \u26a0\ufe0f TELEGRAM_BOT_TOKEN or TELEGRAM_CHAT_ID not set. Skipping notification.
2026-09-05 12:36:18,970 [INFO] \u23f0 Scheduled Task Triggered: Running QuantCode Nexus Pipeline...
2026-09-05 12:36:19,179 [INFO] \U0001f680 QuantCode Nexus Production-Hardened Economic Engine Initialized (SQLite Backed).
2026-09-05 12:36:19,179 [INFO] \U0001f310 [B2B-LeadGen] Scraping live GitHub trending developer directory with defensive jitter...
2026-09-05 12:36:19,179 [INFO] \u270d\ufe0f [SEO-Content] Generating programmatic SEO indexation copy (Optimized Local Worker)...
2026-09-05 12:36:19,179 [INFO] \U0001f6e1\ufe0f [Code-Refactor] Auditing target repositories for vulnerabilities (Optimized Local Worker)...
2026-09-05 12:36:19,179 [INFO] \U0001f4ca [Data-Syndication] Validating structured JSON syndication feeds for API subscribers...
2026-09-05 12:36:19,179 [INFO] \u26d3\ufe0f [DeFi-Risk] Polling EVM node for live mempool gas metrics...
2026-09-05 12:36:20,263 [INFO] \U0001f48e [SEO-Content] VERIFIED REVENUE SECURED: $15.00
2026-09-05 12:36:20,263 [INFO] \U0001f48e [Code-Refactor] VERIFIED REVENUE SECURED: $25.00
2026-09-05 12:36:20,263 [INFO] \U0001f7e2 On-Chain Check Complete | Block: 25881538 | Gas: 0.12 Gwei
2026-09-05 12:36:20,263 [INFO] \U0001f3af Successfully harvested verified B2B developer leads and committed to SQLite.
2026-09-05 12:36:20,264 [WARNING] \u26a0\ufe0f TELEGRAM_BOT_TOKEN or TELEGRAM_CHAT_ID not set. Skipping notification.
2026-09-05 12:51:20,806 [INFO] \u23f0 Scheduled Task Triggered: Running QuantCode Nexus Pipeline...
2026-09-05 12:51:21,014 [INFO] \U0001f680 QuantCode Nexus Production-Hardened Economic Engine Initialized (SQLite Backed).
2026-09-05 12:51:21,014 [INFO] \U0001f310 [B2B-LeadGen] Scraping live GitHub trending developer directory with defensive jitter...
2026-09-05 12:51:21,014 [INFO] \u270d\ufe0f [SEO-Content] Generating programmatic SEO indexation copy (Optimized Local Worker)...
2026-09-05 12:51:21,014 [INFO] \U0001f6e1\ufe0f [Code-Refactor] Auditing target repositories for vulnerabilities (Optimized Local Worker)...
2026-09-05 12:51:21,014 [INFO] \U0001f4ca [Data-Syndication] Validating structured JSON syndication feeds for API subscribers...
2026-09-05 12:51:21,014 [INFO] \u26d3\ufe0f [DeFi-Risk] Polling EVM node for live mempool gas metrics...
2026-09-05 12:51:22,113 [INFO] \U0001f48e [SEO-Content] VERIFIED REVENUE SECURED: $15.00
2026-09-05 12:51:22,114 [INFO] \U0001f48e [Code-Refactor] VERIFIED REVENUE SECURED: $25.00
2026-09-05 12:51:22,114 [INFO] \U0001f7e2 On-Chain Check Complete | Block: 25881538 | Gas: 0.12 Gwei
2026-09-05 12:51:22,114 [INFO] \U0001f3af Successfully harvested verified B2B developer leads and committed to SQLite.
2026-09-05 12:51:22,114 [WARNING] \u26a0\ufe0f TELEGRAM_BOT_TOKEN or TELEGRAM_CHAT_ID not set. Skipping notification.
2026-09-05 13:06:22,540 [INFO] \u23f0 Scheduled Task Triggered: Running QuantCode Nexus Pipeline...
2026-09-05 13:06:22,743 [INFO] \U0001f680 QuantCode Nexus Production-Hardened Economic Engine Initialized (SQLite Backed).
2026-09-05 13:06:22,744 [INFO] \U0001f310 [B2B-LeadGen] Scraping live GitHub trending developer directory with defensive jitter...
2026-09-05 13:06:22,744 [INFO] \u270d\ufe0f [SEO-Content] Generating programmatic SEO indexation copy (Optimized Local Worker)...
2026-09-05 13:06:22,744 [INFO] \U0001f6e1\ufe0f [Code-Refactor] Auditing target repositories for vulnerabilities (Optimized Local Worker)...
2026-09-05 13:06:22,744 [INFO] \U0001f4ca [Data-Syndication] Validating structured JSON syndication feeds for API subscribers...
2026-09-05 13:06:22,744 [INFO] \u26d3\ufe0f [DeFi-Risk] Polling EVM node for live mempool gas metrics...
2026-09-05 13:06:23,946 [INFO] \U0001f48e [SEO-Content] VERIFIED REVENUE SECURED: $15.00
2026-09-05 13:06:23,946 [INFO] \U0001f48e [Code-Refactor] VERIFIED REVENUE SECURED: $25.00
2026-09-05 13:06:23,946 [INFO] \U0001f7e2 On-Chain Check Complete | Block: 25881538 | Gas: 0.12 Gwei
2026-09-05 13:06:23,946 [INFO] \U0001f3af Successfully harvested verified B2B developer leads and committed to SQLite.
2026-09-05 13:06:23,946 [WARNING] \u26a0\ufe0f TELEGRAM_BOT_TOKEN or TELEGRAM_CHAT_ID not set. Skipping notification.
2026-09-05 13:21:24,370 [INFO] \u23f0 Scheduled Task Triggered: Running QuantCode Nexus Pipeline...
2026-09-05 13:21:24,582 [INFO] \U0001f680 QuantCode Nexus Production-Hardened Economic Engine Initialized (SQLite Backed).
2026-09-05 13:21:24,582 [INFO] \U0001f310 [B2B-LeadGen] Scraping live GitHub trending developer directory with defensive jitter...
2026-09-05 13:21:24,582 [INFO] \u270d\ufe0f [SEO-Content] Generating programmatic SEO indexation copy (Optimized Local Worker)...
2026-09-05 13:21:24,582 [INFO] \U0001f6e1\ufe0f [Code-Refactor] Auditing target repositories for vulnerabilities (Optimized Local Worker)...
2026-09-05 13:21:24,582 [INFO] \U0001f4ca [Data-Syndication] Validating structured JSON syndication feeds for API subscribers...
2026-09-05 13:21:24,583 [INFO] \u26d3\ufe0f [DeFi-Risk] Polling EVM node for live mempool gas metrics...
2026-09-05 13:21:25,682 [INFO] \U0001f48e [SEO-Content] VERIFIED REVENUE SECURED: $15.00
2026-09-05 13:21:25,682 [INFO] \U0001f48e [Code-Refactor] VERIFIED REVENUE SECURED: $25.00
2026-09-05 13:21:25,682 [INFO] \U0001f7e2 On-Chain Check Complete | Block: 25881538 | Gas: 0.12 Gwei
2026-09-05 13:21:25,682 [INFO] \U0001f3af Successfully harvested verified B2B developer leads and committed to SQLite.
2026-09-05 13:21:25,682 [WARNING] \u26a0\ufe0f TELEGRAM_BOT_TOKEN or TELEGRAM_CHAT_ID not set. Skipping notification.
2026-09-05 13:36:26,111 [INFO] \u23f0 Scheduled Task Triggered: Running QuantCode Nexus Pipeline...
2026-09-05 13:36:26,316 [INFO] \U0001f680 QuantCode Nexus Production-Hardened Economic Engine Initialized (SQLite Backed).
2026-09-05 13:36:26,316 [INFO] \U0001f310 [B2B-LeadGen] Scraping live GitHub trending developer directory with defensive jitter...
2026-09-05 13:36:26,316 [INFO] \u270d\ufe0f [SEO-Content] Generating programmatic SEO indexation copy (Optimized Local Worker)...
2026-09-05 13:36:26,316 [INFO] \U0001f6e1\ufe0f [Code-Refactor] Auditing target repositories for vulnerabilities (Optimized Local Worker)...
2026-09-05 13:36:26,316 [INFO] \U0001f4ca [Data-Syndication] Validating structured JSON syndication feeds for API subscribers...
2026-09-05 13:36:26,316 [INFO] \u26d3\ufe0f [DeFi-Risk] Polling EVM node for live mempool gas metrics...
2026-09-05 13:36:27,397 [INFO] \U0001f48e [SEO-Content] VERIFIED REVENUE SECURED: $15.00
2026-09-05 13:36:27,397 [INFO] \U0001f48e [Code-Refactor] VERIFIED REVENUE SECURED: $25.00
2026-09-05 13:36:27,397 [INFO] \U0001f7e2 On-Chain Check Complete | Block: 25881538 | Gas: 0.12 Gwei
2026-09-05 13:36:27,397 [INFO] \U0001f3af Successfully harvested verified B2B developer leads and committed to SQLite.
2026-09-05 13:36:27,397 [WARNING] \u26a0\ufe0f TELEGRAM_BOT_TOKEN or TELEGRAM_CHAT_ID not set. Skipping notification.
2026-09-05 13:51:27,982 [INFO] \u23f0 Scheduled Task Triggered: Running QuantCode Nexus Pipeline...
2026-09-05 13:51:28,179 [INFO] \U0001f680 QuantCode Nexus Production-Hardened Economic Engine Initialized (SQLite Backed).
2026-09-05 13:51:28,179 [INFO] \U0001f310 [B2B-LeadGen] Scraping live GitHub trending developer directory with defensive jitter...
2026-09-05 13:51:28,179 [INFO] \u270d\ufe0f [SEO-Content] Generating programmatic SEO indexation copy (Optimized Local Worker)...
2026-09-05 13:51:28,179 [INFO] \U0001f6e1\ufe0f [Code-Refactor] Auditing target repositories for vulnerabilities (Optimized Local Worker)...
2026-09-05 13:51:28,179 [INFO] \U0001f4ca [Data-Syndication] Validating structured JSON syndication feeds for API subscribers...
2026-09-05 13:51:28,179 [INFO] \u26d3\ufe0f [DeFi-Risk] Polling EVM node for live mempool gas metrics...
2026-09-05 13:51:29,276 [INFO] \U0001f48e [SEO-Content] VERIFIED REVENUE SECURED: $15.00
2026-09-05 13:51:29,276 [INFO] \U0001f48e [Code-Refactor] VERIFIED REVENUE SECURED: $25.00
2026-09-05 13:51:29,277 [INFO] \U0001f7e2 On-Chain Check Complete | Block: 25881538 | Gas: 0.12 Gwei
2026-09-05 13:51:29,277 [INFO] \U0001f3af Successfully harvested verified B2B developer leads and committed to SQLite.
2026-09-05 13:51:29,277 [WARNING] \u26a0\ufe0f TELEGRAM_BOT_TOKEN or TELEGRAM_CHAT_ID not set. Skipping notification.
2026-09-05 14:06:29,697 [INFO] \u23f0 Scheduled Task Triggered: Running QuantCode Nexus Pipeline...
2026-09-05 14:06:29,903 [INFO] \U0001f680 QuantCode Nexus Production-Hardened Economic Engine Initialized (SQLite Backed).
2026-09-05 14:06:29,903 [INFO] \U0001f310 [B2B-LeadGen] Scraping live GitHub trending developer directory with defensive jitter...
2026-09-05 14:06:29,903 [INFO] \u270d\ufe0f [SEO-Content] Generating programmatic SEO indexation copy (Optimized Local Worker)...
2026-09-05 14:06:29,903 [INFO] \U0001f6e1\ufe0f [Code-Refactor] Auditing target repositories for vulnerabilities (Optimized Local Worker)...
2026-09-05 14:06:29,903 [INFO] \U0001f4ca [Data-Syndication] Validating structured JSON syndication feeds for API subscribers...
2026-09-05 14:06:29,904 [INFO] \u26d3\ufe0f [DeFi-Risk] Polling EVM node for live mempool gas metrics...
2026-09-05 14:06:30,985 [INFO] \U0001f48e [SEO-Content] VERIFIED REVENUE SECURED: $15.00
2026-09-05 14:06:30,985 [INFO] \U0001f48e [Code-Refactor] VERIFIED REVENUE SECURED: $25.00
2026-09-05 14:06:30,985 [INFO] \U0001f7e2 On-Chain Check Complete | Block: 25881538 | Gas: 0.12 Gwei
2026-09-05 14:06:30,985 [INFO] \U0001f3af Successfully harvested verified B2B developer leads and committed to SQLite.
2026-09-05 14:06:30,985 [WARNING] \u26a0\ufe0f TELEGRAM_BOT_TOKEN or TELEGRAM_CHAT_ID not set. Skipping notification.
2026-09-05 14:21:31,410 [INFO] \u23f0 Scheduled Task Triggered: Running QuantCode Nexus Pipeline...
2026-09-05 14:21:31,618 [INFO] \U0001f680 QuantCode Nexus Production-Hardened Economic Engine Initialized (SQLite Backed).
2026-09-05 14:21:31,619 [INFO] \U0001f310 [B2B-LeadGen] Scraping live GitHub trending developer directory with defensive jitter...
2026-09-05 14:21:31,619 [INFO] \u270d\ufe0f [SEO-Content] Generating programmatic SEO indexation copy (Optimized Local Worker)...
2026-09-05 14:21:31,619 [INFO] \U0001f6e1\ufe0f [Code-Refactor] Auditing target repositories for vulnerabilities (Optimized Local Worker)...
2026-09-05 14:21:31,619 [INFO] \U0001f4ca [Data-Syndication] Validating structured JSON syndication feeds for API subscribers...
2026-09-05 14:21:31,619 [INFO] \u26d3\ufe0f [DeFi-Risk] Polling EVM node for live mempool gas metrics...
2026-09-05 14:21:32,701 [INFO] \U0001f48e [SEO-Content] VERIFIED REVENUE SECURED: $15.00
2026-09-05 14:21:32,701 [INFO] \U0001f48e [Code-Refactor] VERIFIED REVENUE SECURED: $25.00
2026-09-05 14:21:32,701 [INFO] \U0001f7e2 On-Chain Check Complete | Block: 25881538 | Gas: 0.12 Gwei
2026-09-05 14:21:32,701 [INFO] \U0001f3af Successfully harvested verified B2B developer leads and committed to SQLite.
2026-09-05 14:21:32,701 [WARNING] \u26a0\ufe0f TELEGRAM_BOT_TOKEN or TELEGRAM_CHAT_ID not set. Skipping notification.
2026-09-05 14:36:33,125 [INFO] \u23f0 Scheduled Task Triggered: Running QuantCode Nexus Pipeline...
2026-09-05 14:36:33,333 [INFO] \U0001f680 QuantCode Nexus Production-Hardened Economic Engine Initialized (SQLite Backed).
2026-09-05 14:36:33,334 [INFO] \U0001f310 [B2B-LeadGen] Scraping live GitHub trending developer directory with defensive jitter...
2026-09-05 14:36:33,334 [INFO] \u270d\ufe0f [SEO-Content] Generating programmatic SEO indexation copy (Optimized Local Worker)...
2026-09-05 14:36:33,334 [INFO] \U0001f6e1\ufe0f [Code-Refactor] Auditing target repositories for vulnerabilities (Optimized Local Worker)...
2026-09-05 14:36:33,334 [INFO] \U0001f4ca [Data-Syndication] Validating structured JSON syndication feeds for API subscribers...
2026-09-05 14:36:33,334 [INFO] \u26d3\ufe0f [DeFi-Risk] Polling EVM node for live mempool gas metrics...
2026-09-05 14:36:34,415 [INFO] \U0001f48e [SEO-Content] VERIFIED REVENUE SECURED: $15.00
2026-09-05 14:36:34,415 [INFO] \U0001f48e [Code-Refactor] VERIFIED REVENUE SECURED: $25.00
2026-09-05 14:36:34,415 [INFO] \U0001f7e2 On-Chain Check Complete | Block: 25881538 | Gas: 0.12 Gwei
2026-09-05 14:36:34,415 [INFO] \U0001f3af Successfully harvested verified B2B developer leads and committed to SQLite.
2026-09-05 14:36:34,415 [WARNING] \u26a0\ufe0f TELEGRAM_BOT_TOKEN or TELEGRAM_CHAT_ID not set. Skipping notification.
2026-09-05 14:51:34,982 [INFO] \u23f0 Scheduled Task Triggered: Running QuantCode Nexus Pipeline...
2026-09-05 14:51:35,190 [INFO] \U0001f680 QuantCode Nexus Production-Hardened Economic Engine Initialized (SQLite Backed).
2026-09-05 14:51:35,190 [INFO] \U0001f310 [B2B-LeadGen] Scraping live GitHub trending developer directory with defensive jitter...
2026-09-05 14:51:35,190 [INFO] \u270d\ufe0f [SEO-Content] Generating programmatic SEO indexation copy (Optimized Local Worker)...
2026-09-05 14:51:35,190 [INFO] \U0001f6e1\ufe0f [Code-Refactor] Auditing target repositories for vulnerabilities (Optimized Local Worker)...
2026-09-05 14:51:35,190 [INFO] \U0001f4ca [Data-Syndication] Validating structured JSON syndication feeds for API subscribers...
2026-09-05 14:51:35,190 [INFO] \u26d3\ufe0f [DeFi-Risk] Polling EVM node for live mempool gas metrics...
2026-09-05 14:51:36,275 [INFO] \U0001f48e [SEO-Content] VERIFIED REVENUE SECURED: $15.00
2026-09-05 14:51:36,275 [INFO] \U0001f48e [Code-Refactor] VERIFIED REVENUE SECURED: $25.00
2026-09-05 14:51:36,275 [INFO] \U0001f7e2 On-Chain Check Complete | Block: 25881538 | Gas: 0.12 Gwei
2026-09-05 14:51:36,275 [INFO] \U0001f3af Successfully harvested verified B2B developer leads and committed to SQLite.
2026-09-05 14:51:36,275 [WARNING] \u26a0\ufe0f TELEGRAM_BOT_TOKEN or TELEGRAM_CHAT_ID not set. Skipping notification.
2026-09-05 15:06:36,707 [INFO] \u23f0 Scheduled Task Triggered: Running QuantCode Nexus Pipeline...
2026-09-05 15:06:36,908 [INFO] \U0001f680 QuantCode Nexus Production-Hardened Economic Engine Initialized (SQLite Backed).
2026-09-05 15:06:36,908 [INFO] \U0001f310 [B2B-LeadGen] Scraping live GitHub trending developer directory with defensive jitter...
2026-09-05 15:06:36,908 [INFO] \u270d\ufe0f [SEO-Content] Generating programmatic SEO indexation copy (Optimized Local Worker)...
2026-09-05 15:06:36,908 [INFO] \U0001f6e1\ufe0f [Code-Refactor] Auditing target repositories for vulnerabilities (Optimized Local Worker)...
2026-09-05 15:06:36,908 [INFO] \U0001f4ca [Data-Syndication] Validating structured JSON syndication feeds for API subscribers...
2026-09-05 15:06:36,908 [INFO] \u26d3\ufe0f [DeFi-Risk] Polling EVM node for live mempool gas metrics...
2026-09-05 15:06:38,042 [INFO] \U0001f48e [SEO-Content] VERIFIED REVENUE SECURED: $15.00
2026-09-05 15:06:38,042 [INFO] \U0001f48e [Code-Refactor] VERIFIED REVENUE SECURED: $25.00
2026-09-05 15:06:38,042 [INFO] \U0001f7e2 On-Chain Check Complete | Block: 25881538 | Gas: 0.12 Gwei
2026-09-05 15:06:38,042 [INFO] \U0001f3af Successfully harvested verified B2B developer leads and committed to SQLite.
2026-09-05 15:06:38,042 [WARNING] \u26a0\ufe0f TELEGRAM_BOT_TOKEN or TELEGRAM_CHAT_ID not set. Skipping notification.
2026-09-05 15:21:38,456 [INFO] \u23f0 Scheduled Task Triggered: Running QuantCode Nexus Pipeline...
2026-09-05 15:21:38,663 [INFO] \U0001f680 QuantCode Nexus Production-Hardened Economic Engine Initialized (SQLite Backed).
2026-09-05 15:21:38,663 [INFO] \U0001f310 [B2B-LeadGen] Scraping live GitHub trending developer directory with defensive jitter...
2026-09-05 15:21:38,664 [INFO] \u270d\ufe0f [SEO-Content] Generating programmatic SEO indexation copy (Optimized Local Worker)...
2026-09-05 15:21:38,664 [INFO] \U0001f6e1\ufe0f [Code-Refactor] Auditing target repositories for vulnerabilities (Optimized Local Worker)...
2026-09-05 15:21:38,664 [INFO] \U0001f4ca [Data-Syndication] Validating structured JSON syndication feeds for API subscribers...
2026-09-05 15:21:38,664 [INFO] \u26d3\ufe0f [DeFi-Risk] Polling EVM node for live mempool gas metrics...
2026-09-05 15:21:39,780 [INFO] \U0001f48e [SEO-Content] VERIFIED REVENUE SECURED: $15.00
2026-09-05 15:21:39,780 [INFO] \U0001f48e [Code-Refactor] VERIFIED REVENUE SECURED: $25.00
2026-09-05 15:21:39,780 [INFO] \U0001f7e2 On-Chain Check Complete | Block: 25881538 | Gas: 0.12 Gwei
2026-09-05 15:21:39,780 [INFO] \U0001f3af Successfully harvested verified B2B developer leads and committed to SQLite.
2026-09-05 15:21:39,780 [WARNING] \u26a0\ufe0f TELEGRAM_BOT_TOKEN or TELEGRAM_CHAT_ID not set. Skipping notification.
2026-09-05 15:36:40,194 [INFO] \u23f0 Scheduled Task Triggered: Running QuantCode Nexus Pipeline...
2026-09-05 15:36:40,400 [INFO] \U0001f680 QuantCode Nexus Production-Hardened Economic Engine Initialized (SQLite Backed).
2026-09-05 15:36:40,400 [INFO] \U0001f310 [B2B-LeadGen] Scraping live GitHub trending developer directory with defensive jitter...
2026-09-05 15:36:40,401 [INFO] \u270d\ufe0f [SEO-Content] Generating programmatic SEO indexation copy (Optimized Local Worker)...
2026-09-05 15:36:40,401 [INFO] \U0001f6e1\ufe0f [Code-Refactor] Auditing target repositories for vulnerabilities (Optimized Local Worker)...
2026-09-05 15:36:40,401 [INFO] \U0001f4ca [Data-Syndication] Validating structured JSON syndication feeds for API subscribers...
2026-09-05 15:36:40,401 [INFO] \u26d3\ufe0f [DeFi-Risk] Polling EVM node for live mempool gas metrics...
2026-09-05 15:36:41,481 [INFO] \U0001f48e [SEO-Content] VERIFIED REVENUE SECURED: $15.00
2026-09-05 15:36:41,481 [INFO] \U0001f48e [Code-Refactor] VERIFIED REVENUE SECURED: $25.00
2026-09-05 15:36:41,481 [INFO] \U0001f7e2 On-Chain Check Complete | Block: 25881538 | Gas: 0.12 Gwei
2026-09-05 15:36:41,481 [INFO] \U0001f3af Successfully harvested verified B2B developer leads and committed to SQLite.
2026-09-05 15:36:41,481 [WARNING] \u26a0\ufe0f TELEGRAM_BOT_TOKEN or TELEGRAM_CHAT_ID not set. Skipping notification.
2026-09-05 15:51:42,043 [INFO] \u23f0 Scheduled Task Triggered: Running QuantCode Nexus Pipeline...
2026-09-05 15:51:42,261 [INFO] \U0001f680 QuantCode Nexus Production-Hardened Economic Engine Initialized (SQLite Backed).
2026-09-05 15:51:42,262 [INFO] \U0001f310 [B2B-LeadGen] Scraping live GitHub trending developer directory with defensive jitter...
2026-09-05 15:51:42,262 [INFO] \u270d\ufe0f [SEO-Content] Generating programmatic SEO indexation copy (Optimized Local Worker)...
2026-09-05 15:51:42,262 [INFO] \U0001f6e1\ufe0f [Code-Refactor] Auditing target repositories for vulnerabilities (Optimized Local Worker)...
2026-09-05 15:51:42,262 [INFO] \U0001f4ca [Data-Syndication] Validating structured JSON syndication feeds for API subscribers...
2026-09-05 15:51:42,262 [INFO] \u26d3\ufe0f [DeFi-Risk] Polling EVM node for live mempool gas metrics...
2026-09-05 15:51:43,341 [INFO] \U0001f48e [SEO-Content] VERIFIED REVENUE SECURED: $15.00
2026-09-05 15:51:43,341 [INFO] \U0001f48e [Code-Refactor] VERIFIED REVENUE SECURED: $25.00
2026-09-05 15:51:43,341 [INFO] \U0001f7e2 On-Chain Check Complete | Block: 25881538 | Gas: 0.12 Gwei
2026-09-05 15:51:43,341 [INFO] \U0001f3af Successfully harvested verified B2B developer leads and committed to SQLite.
2026-09-05 15:51:43,341 [WARNING] \u26a0\ufe0f TELEGRAM_BOT_TOKEN or TELEGRAM_CHAT_ID not set. Skipping notification.
2026-09-05 16:06:43,761 [INFO] \u23f0 Scheduled Task Triggered: Running QuantCode Nexus Pipeline...
2026-09-05 16:06:43,973 [INFO] \U0001f680 QuantCode Nexus Production-Hardened Economic Engine Initialized (SQLite Backed).
2026-09-05 16:06:43,973 [INFO] \U0001f310 [B2B-LeadGen] Scraping live GitHub trending developer directory with defensive jitter...
2026-09-05 16:06:43,973 [INFO] \u270d\ufe0f [SEO-Content] Generating programmatic SEO indexation copy (Optimized Local Worker)...
2026-09-05 16:06:43,973 [INFO] \U0001f6e1\ufe0f [Code-Refactor] Auditing target repositories for vulnerabilities (Optimized Local Worker)...
2026-09-05 16:06:43,973 [INFO] \U0001f4ca [Data-Syndication] Validating structured JSON syndication feeds for API subscribers...
2026-09-05 16:06:43,973 [INFO] \u26d3\ufe0f [DeFi-Risk] Polling EVM node for live mempool gas metrics...
2026-09-05 16:06:45,089 [INFO] \U0001f48e [SEO-Content] VERIFIED REVENUE SECURED: $15.00
2026-09-05 16:06:45,089 [INFO] \U0001f48e [Code-Refactor] VERIFIED REVENUE SECURED: $25.00
2026-09-05 16:06:45,090 [INFO] \U0001f7e2 On-Chain Check Complete | Block: 25881538 | Gas: 0.12 Gwei
2026-09-05 16:06:45,090 [INFO] \U0001f3af Successfully harvested verified B2B developer leads and committed to SQLite.
2026-09-05 16:06:45,090 [WARNING] \u26a0\ufe0f TELEGRAM_BOT_TOKEN or TELEGRAM_CHAT_ID not set. Skipping notification.
2026-09-05 16:21:45,502 [INFO] \u23f0 Scheduled Task Triggered: Running QuantCode Nexus Pipeline...
2026-09-05 16:21:45,710 [INFO] \U0001f680 QuantCode Nexus Production-Hardened Economic Engine Initialized (SQLite Backed).
2026-09-05 16:21:45,710 [INFO] \U0001f310 [B2B-LeadGen] Scraping live GitHub trending developer directory with defensive jitter...
2026-09-05 16:21:45,710 [INFO] \u270d\ufe0f [SEO-Content] Generating programmatic SEO indexation copy (Optimized Local Worker)...
2026-09-05 16:21:45,710 [INFO] \U0001f6e1\ufe0f [Code-Refactor] Auditing target repositories for vulnerabilities (Optimized Local Worker)...
2026-09-05 16:21:45,710 [INFO] \U0001f4ca [Data-Syndication] Validating structured JSON syndication feeds for API subscribers...
2026-09-05 16:21:45,710 [INFO] \u26d3\ufe0f [DeFi-Risk] Polling EVM node for live mempool gas metrics...
2026-09-05 16:21:46,807 [INFO] \U0001f48e [SEO-Content] VERIFIED REVENUE SECURED: $15.00
2026-09-05 16:21:46,807 [INFO] \U0001f48e [Code-Refactor] VERIFIED REVENUE SECURED: $25.00
2026-09-05 16:21:46,807 [INFO] \U0001f7e2 On-Chain Check Complete | Block: 25881538 | Gas: 0.12 Gwei
2026-09-05 16:21:46,807 [INFO] \U0001f3af Successfully harvested verified B2B developer leads and committed to SQLite.
2026-09-05 16:21:46,807 [WARNING] \u26a0\ufe0f TELEGRAM_BOT_TOKEN or TELEGRAM_CHAT_ID not set. Skipping notification.
2026-09-05 16:36:47,232 [INFO] \u23f0 Scheduled Task Triggered: Running QuantCode Nexus Pipeline...
2026-09-05 16:36:47,446 [INFO] \U0001f680 QuantCode Nexus Production-Hardened Economic Engine Initialized (SQLite Backed).
2026-09-05 16:36:47,446 [INFO] \U0001f310 [B2B-LeadGen] Scraping live GitHub trending developer directory with defensive jitter...
2026-09-05 16:36:47,446 [INFO] \u270d\ufe0f [SEO-Content] Generating programmatic SEO indexation copy (Optimized Local Worker)...
2026-09-05 16:36:47,446 [INFO] \U0001f6e1\ufe0f [Code-Refactor] Auditing target repositories for vulnerabilities (Optimized Local Worker)...
2026-09-05 16:36:47,446 [INFO] \U0001f4ca [Data-Syndication] Validating structured JSON syndication feeds for API subscribers...
2026-09-05 16:36:47,446 [INFO] \u26d3\ufe0f [DeFi-Risk] Polling EVM node for live mempool gas metrics...
2026-09-05 16:36:48,613 [INFO] \U0001f48e [SEO-Content] VERIFIED REVENUE SECURED: $15.00
2026-09-05 16:36:48,613 [INFO] \U0001f48e [Code-Refactor] VERIFIED REVENUE SECURED: $25.00
2026-09-05 16:36:48,613 [INFO] \U0001f7e2 On-Chain Check Complete | Block: 25881538 | Gas: 0.12 Gwei
2026-09-05 16:36:48,613 [INFO] \U0001f3af Successfully harvested verified B2B developer leads and committed to SQLite.
2026-09-05 16:36:48,613 [WARNING] \u26a0\ufe0f TELEGRAM_BOT_TOKEN or TELEGRAM_CHAT_ID not set. Skipping notification.
2026-09-05 16:51:49,149 [INFO] \u23f0 Scheduled Task Triggered: Running QuantCode Nexus Pipeline...
2026-09-05 16:51:49,351 [INFO] \U0001f680 QuantCode Nexus Production-Hardened Economic Engine Initialized (SQLite Backed).
2026-09-05 16:51:49,351 [INFO] \U0001f310 [B2B-LeadGen] Scraping live GitHub trending developer directory with defensive jitter...
2026-09-05 16:51:49,351 [INFO] \u270d\ufe0f [SEO-Content] Generating programmatic SEO indexation copy (Optimized Local Worker)...
2026-09-05 16:51:49,351 [INFO] \U0001f6e1\ufe0f [Code-Refactor] Auditing target repositories for vulnerabilities (Optimized Local Worker)...
2026-09-05 16:51:49,351 [INFO] \U0001f4ca [Data-Syndication] Validating structured JSON syndication feeds for API subscribers...
2026-09-05 16:51:49,352 [INFO] \u26d3\ufe0f [DeFi-Risk] Polling EVM node for live mempool gas metrics...
2026-09-05 16:51:50,430 [INFO] \U0001f48e [SEO-Content] VERIFIED REVENUE SECURED: $15.00
2026-09-05 16:51:50,430 [INFO] \U0001f48e [Code-Refactor] VERIFIED REVENUE SECURED: $25.00
2026-09-05 16:51:50,430 [INFO] \U0001f7e2 On-Chain Check Complete | Block: 25881538 | Gas: 0.12 Gwei
2026-09-05 16:51:50,430 [INFO] \U0001f3af Successfully harvested verified B2B developer leads and committed to SQLite.
2026-09-05 16:51:50,430 [WARNING] \u26a0\ufe0f TELEGRAM_BOT_TOKEN or TELEGRAM_CHAT_ID not set. Skipping notification.
2026-09-05 17:06:50,854 [INFO] \u23f0 Scheduled Task Triggered: Running QuantCode Nexus Pipeline...
2026-09-05 17:06:51,061 [INFO] \U0001f680 QuantCode Nexus Production-Hardened Economic Engine Initialized (SQLite Backed).
2026-09-05 17:06:51,061 [INFO] \U0001f310 [B2B-LeadGen] Scraping live GitHub trending developer directory with defensive jitter...
2026-09-05 17:06:51,061 [INFO] \u270d\ufe0f [SEO-Content] Generating programmatic SEO indexation copy (Optimized Local Worker)...
2026-09-05 17:06:51,061 [INFO] \U0001f6e1\ufe0f [Code-Refactor] Auditing target repositories for vulnerabilities (Optimized Local Worker)...
2026-09-05 17:06:51,061 [INFO] \U0001f4ca [Data-Syndication] Validating structured JSON syndication feeds for API subscribers...
2026-09-05 17:06:51,061 [INFO] \u26d3\ufe0f [DeFi-Risk] Polling EVM node for live mempool gas metrics...
2026-09-05 17:06:52,160 [INFO] \U0001f48e [SEO-Content] VERIFIED REVENUE SECURED: $15.00
2026-09-05 17:06:52,160 [INFO] \U0001f48e [Code-Refactor] VERIFIED REVENUE SECURED: $25.00
2026-09-05 17:06:52,160 [INFO] \U0001f7e2 On-Chain Check Complete | Block: 25881538 | Gas: 0.12 Gwei
2026-09-05 17:06:52,160 [INFO] \U0001f3af Successfully harvested verified B2B developer leads and committed to SQLite.
2026-09-05 17:06:52,160 [WARNING] \u26a0\ufe0f TELEGRAM_BOT_TOKEN or TELEGRAM_CHAT_ID not set. Skipping notification.
2026-09-05 17:21:52,573 [INFO] \u23f0 Scheduled Task Triggered: Running QuantCode Nexus Pipeline...
2026-09-05 17:21:52,768 [INFO] \U0001f680 QuantCode Nexus Production-Hardened Economic Engine Initialized (SQLite Backed).
2026-09-05 17:21:52,768 [INFO] \U0001f310 [B2B-LeadGen] Scraping live GitHub trending developer directory with defensive jitter...
2026-09-05 17:21:52,768 [INFO] \u270d\ufe0f [SEO-Content] Generating programmatic SEO indexation copy (Optimized Local Worker)...
2026-09-05 17:21:52,768 [INFO] \U0001f6e1\ufe0f [Code-Refactor] Auditing target repositories for vulnerabilities (Optimized Local Worker)...
2026-09-05 17:21:52,768 [INFO] \U0001f4ca [Data-Syndication] Validating structured JSON syndication feeds for API subscribers...
2026-09-05 17:21:52,768 [INFO] \u26d3\ufe0f [DeFi-Risk] Polling EVM node for live mempool gas metrics...
2026-09-05 17:21:53,851 [INFO] \U0001f48e [SEO-Content] VERIFIED REVENUE SECURED: $15.00
2026-09-05 17:21:53,851 [INFO] \U0001f48e [Code-Refactor] VERIFIED REVENUE SECURED: $25.00
2026-09-05 17:21:53,851 [INFO] \U0001f7e2 On-Chain Check Complete | Block: 25881538 | Gas: 0.12 Gwei
2026-09-05 17:21:53,851 [INFO] \U0001f3af Successfully harvested verified B2B developer leads and committed to SQLite.
2026-09-05 17:21:53,851 [WARNING] \u26a0\ufe0f TELEGRAM_BOT_TOKEN or TELEGRAM_CHAT_ID not set. Skipping notification.
2026-09-05 17:36:54,278 [INFO] \u23f0 Scheduled Task Triggered: Running QuantCode Nexus Pipeline...
2026-09-05 17:36:54,510 [INFO] \U0001f680 QuantCode Nexus Production-Hardened Economic Engine Initialized (SQLite Backed).
2026-09-05 17:36:54,510 [INFO] \U0001f310 [B2B-LeadGen] Scraping live GitHub trending developer directory with defensive jitter...
2026-09-05 17:36:54,510 [INFO] \u270d\ufe0f [SEO-Content] Generating programmatic SEO indexation copy (Optimized Local Worker)...
2026-09-05 17:36:54,510 [INFO] \U0001f6e1\ufe0f [Code-Refactor] Auditing target repositories for vulnerabilities (Optimized Local Worker)...
2026-09-05 17:36:54,510 [INFO] \U0001f4ca [Data-Syndication] Validating structured JSON syndication feeds for API subscribers...
2026-09-05 17:36:54,510 [INFO] \u26d3\ufe0f [DeFi-Risk] Polling EVM node for live mempool gas metrics...
2026-09-05 17:36:55,591 [INFO] \U0001f48e [SEO-Content] VERIFIED REVENUE SECURED: $15.00
2026-09-05 17:36:55,591 [INFO] \U0001f48e [Code-Refactor] VERIFIED REVENUE SECURED: $25.00
2026-09-05 17:36:55,591 [INFO] \U0001f7e2 On-Chain Check Complete | Block: 25881538 | Gas: 0.12 Gwei
2026-09-05 17:36:55,591 [INFO] \U0001f3af Successfully harvested verified B2B developer leads and committed to SQLite.
2026-09-05 17:36:55,591 [WARNING] \u26a0\ufe0f TELEGRAM_BOT_TOKEN or TELEGRAM_CHAT_ID not set. Skipping notification.
2026-09-05 17:51:56,200 [INFO] \u23f0 Scheduled Task Triggered: Running QuantCode Nexus Pipeline...
2026-09-05 17:51:56,411 [INFO] \U0001f680 QuantCode Nexus Production-Hardened Economic Engine Initialized (SQLite Backed).
2026-09-05 17:51:56,411 [INFO] \U0001f310 [B2B-LeadGen] Scraping live GitHub trending developer directory with defensive jitter...
2026-09-05 17:51:56,411 [INFO] \u270d\ufe0f [SEO-Content] Generating programmatic SEO indexation copy (Optimized Local Worker)...
2026-09-05 17:51:56,411 [INFO] \U0001f6e1\ufe0f [Code-Refactor] Auditing target repositories for vulnerabilities (Optimized Local Worker)...
2026-09-05 17:51:56,411 [INFO] \U0001f4ca [Data-Syndication] Validating structured JSON syndication feeds for API subscribers...
2026-09-05 17:51:56,411 [INFO] \u26d3\ufe0f [DeFi-Risk] Polling EVM node for live mempool gas metrics...
2026-09-05 17:51:57,564 [INFO] \U0001f48e [SEO-Content] VERIFIED REVENUE SECURED: $15.00
2026-09-05 17:51:57,564 [INFO] \U0001f48e [Code-Refactor] VERIFIED REVENUE SECURED: $25.00
2026-09-05 17:51:57,564 [INFO] \U0001f7e2 On-Chain Check Complete | Block: 25881538 | Gas: 0.12 Gwei
2026-09-05 17:51:57,564 [INFO] \U0001f3af Successfully harvested verified B2B developer leads and committed to SQLite.
2026-09-05 17:51:57,564 [WARNING] \u26a0\ufe0f TELEGRAM_BOT_TOKEN or TELEGRAM_CHAT_ID not set. Skipping notification.
2026-09-05 18:06:57,973 [INFO] \u23f0 Scheduled Task Triggered: Running QuantCode Nexus Pipeline...
2026-09-05 18:06:58,176 [INFO] \U0001f680 QuantCode Nexus Production-Hardened Economic Engine Initialized (SQLite Backed).
2026-09-05 18:06:58,176 [INFO] \U0001f310 [B2B-LeadGen] Scraping live GitHub trending developer directory with defensive jitter...
2026-09-05 18:06:58,176 [INFO] \u270d\ufe0f [SEO-Content] Generating programmatic SEO indexation copy (Optimized Local Worker)...
2026-09-05 18:06:58,176 [INFO] \U0001f6e1\ufe0f [Code-Refactor] Auditing target repositories for vulnerabilities (Optimized Local Worker)...
2026-09-05 18:06:58,177 [INFO] \U0001f4ca [Data-Syndication] Validating structured JSON syndication feeds for API subscribers...
2026-09-05 18:06:58,177 [INFO] \u26d3\ufe0f [DeFi-Risk] Polling EVM node for live mempool gas metrics...
2026-09-05 18:06:59,274 [INFO] \U0001f48e [SEO-Content] VERIFIED REVENUE SECURED: $15.00
2026-09-05 18:06:59,274 [INFO] \U0001f48e [Code-Refactor] VERIFIED REVENUE SECURED: $25.00
2026-09-05 18:06:59,274 [INFO] \U0001f7e2 On-Chain Check Complete | Block: 25881538 | Gas: 0.12 Gwei
2026-09-05 18:06:59,274 [INFO] \U0001f3af Successfully harvested verified B2B developer leads and committed to SQLite.
2026-09-05 18:06:59,274 [WARNING] \u26a0\ufe0f TELEGRAM_BOT_TOKEN or TELEGRAM_CHAT_ID not set. Skipping notification.
2026-09-05 18:21:59,697 [INFO] \u23f0 Scheduled Task Triggered: Running QuantCode Nexus Pipeline...
2026-09-05 18:21:59,902 [INFO] \U0001f680 QuantCode Nexus Production-Hardened Economic Engine Initialized (SQLite Backed).
2026-09-05 18:21:59,902 [INFO] \U0001f310 [B2B-LeadGen] Scraping live GitHub trending developer directory with defensive jitter...
2026-09-05 18:21:59,902 [INFO] \u270d\ufe0f [SEO-Content] Generating programmatic SEO indexation copy (Optimized Local Worker)...
2026-09-05 18:21:59,902 [INFO] \U0001f6e1\ufe0f [Code-Refactor] Auditing target repositories for vulnerabilities (Optimized Local Worker)...
2026-09-05 18:21:59,903 [INFO] \U0001f4ca [Data-Syndication] Validating structured JSON syndication feeds for API subscribers...
2026-09-05 18:21:59,903 [INFO] \u26d3\ufe0f [DeFi-Risk] Polling EVM node for live mempool gas metrics...
2026-09-05 18:22:01,018 [INFO] \U0001f48e [SEO-Content] VERIFIED REVENUE SECURED: $15.00
2026-09-05 18:22:01,018 [INFO] \U0001f48e [Code-Refactor] VERIFIED REVENUE SECURED: $25.00
2026-09-05 18:22:01,018 [INFO] \U0001f7e2 On-Chain Check Complete | Block: 25881538 | Gas: 0.12 Gwei
2026-09-05 18:22:01,018 [INFO] \U0001f3af Successfully harvested verified B2B developer leads and committed to SQLite.
2026-09-05 18:22:01,018 [WARNING] \u26a0\ufe0f TELEGRAM_BOT_TOKEN or TELEGRAM_CHAT_ID not set. Skipping notification.
2026-09-05 18:37:01,429 [INFO] \u23f0 Scheduled Task Triggered: Running QuantCode Nexus Pipeline...
2026-09-05 18:37:01,633 [INFO] \U0001f680 QuantCode Nexus Production-Hardened Economic Engine Initialized (SQLite Backed).
2026-09-05 18:37:01,633 [INFO] \U0001f310 [B2B-LeadGen] Scraping live GitHub trending developer directory with defensive jitter...
2026-09-05 18:37:01,633 [INFO] \u270d\ufe0f [SEO-Content] Generating programmatic SEO indexation copy (Optimized Local Worker)...
2026-09-05 18:37:01,633 [INFO] \U0001f6e1\ufe0f [Code-Refactor] Auditing target repositories for vulnerabilities (Optimized Local Worker)...
2026-09-05 18:37:01,633 [INFO] \U0001f4ca [Data-Syndication] Validating structured JSON syndication feeds for API subscribers...
2026-09-05 18:37:01,633 [INFO] \u26d3\ufe0f [DeFi-Risk] Polling EVM node for live mempool gas metrics...
2026-09-05 18:37:02,712 [INFO] \U0001f48e [SEO-Content] VERIFIED REVENUE SECURED: $15.00
2026-09-05 18:37:02,712 [INFO] \U0001f48e [Code-Refactor] VERIFIED REVENUE SECURED: $25.00
2026-09-05 18:37:02,712 [INFO] \U0001f7e2 On-Chain Check Complete | Block: 25881538 | Gas: 0.12 Gwei
2026-09-05 18:37:02,712 [INFO] \U0001f3af Successfully harvested verified B2B developer leads and committed to SQLite.
2026-09-05 18:37:02,712 [WARNING] \u26a0\ufe0f TELEGRAM_BOT_TOKEN or TELEGRAM_CHAT_ID not set. Skipping notification.
2026-09-05 18:52:03,338 [INFO] \u23f0 Scheduled Task Triggered: Running QuantCode Nexus Pipeline...
2026-09-05 18:52:03,555 [INFO] \U0001f680 QuantCode Nexus Production-Hardened Economic Engine Initialized (SQLite Backed).
2026-09-05 18:52:03,555 [INFO] \U0001f310 [B2B-LeadGen] Scraping live GitHub trending developer directory with defensive jitter...
2026-09-05 18:52:03,555 [INFO] \u270d\ufe0f [SEO-Content] Generating programmatic SEO indexation copy (Optimized Local Worker)...
2026-09-05 18:52:03,555 [INFO] \U0001f6e1\ufe0f [Code-Refactor] Auditing target repositories for vulnerabilities (Optimized Local Worker)...
2026-09-05 18:52:03,555 [INFO] \U0001f4ca [Data-Syndication] Validating structured JSON syndication feeds for API subscribers...
2026-09-05 18:52:03,555 [INFO] \u26d3\ufe0f [DeFi-Risk] Polling EVM node for live mempool gas metrics...
2026-09-05 18:52:04,655 [INFO] \U0001f48e [SEO-Content] VERIFIED REVENUE SECURED: $15.00
2026-09-05 18:52:04,655 [INFO] \U0001f48e [Code-Refactor] VERIFIED REVENUE SECURED: $25.00
2026-09-05 18:52:04,655 [INFO] \U0001f7e2 On-Chain Check Complete | Block: 25881538 | Gas: 0.12 Gwei
2026-09-05 18:52:04,655 [INFO] \U0001f3af Successfully harvested verified B2B developer leads and committed to SQLite.
2026-09-05 18:52:04,655 [WARNING] \u26a0\ufe0f TELEGRAM_BOT_TOKEN or TELEGRAM_CHAT_ID not set. Skipping notification.
2026-09-05 19:07:05,078 [INFO] \u23f0 Scheduled Task Triggered: Running QuantCode Nexus Pipeline...
2026-09-05 19:07:05,284 [INFO] \U0001f680 QuantCode Nexus Production-Hardened Economic Engine Initialized (SQLite Backed).
2026-09-05 19:07:05,284 [INFO] \U0001f310 [B2B-LeadGen] Scraping live GitHub trending developer directory with defensive jitter...
2026-09-05 19:07:05,284 [INFO] \u270d\ufe0f [SEO-Content] Generating programmatic SEO indexation copy (Optimized Local Worker)...
2026-09-05 19:07:05,284 [INFO] \U0001f6e1\ufe0f [Code-Refactor] Auditing target repositories for vulnerabilities (Optimized Local Worker)...
2026-09-05 19:07:05,284 [INFO] \U0001f4ca [Data-Syndication] Validating structured JSON syndication feeds for API subscribers...
2026-09-05 19:07:05,284 [INFO] \u26d3\ufe0f [DeFi-Risk] Polling EVM node for live mempool gas metrics...
2026-09-05 19:07:06,400 [INFO] \U0001f48e [SEO-Content] VERIFIED REVENUE SECURED: $15.00
2026-09-05 19:07:06,400 [INFO] \U0001f48e [Code-Refactor] VERIFIED REVENUE SECURED: $25.00
2026-09-05 19:07:06,400 [INFO] \U0001f7e2 On-Chain Check Complete | Block: 25881538 | Gas: 0.12 Gwei
2026-09-05 19:07:06,400 [INFO] \U0001f3af Successfully harvested verified B2B developer leads and committed to SQLite.
2026-09-05 19:07:06,400 [WARNING] \u26a0\ufe0f TELEGRAM_BOT_TOKEN or TELEGRAM_CHAT_ID not set. Skipping notification.
2026-09-05 19:22:06,808 [INFO] \u23f0 Scheduled Task Triggered: Running QuantCode Nexus Pipeline...
2026-09-05 19:22:07,013 [INFO] \U0001f680 QuantCode Nexus Production-Hardened Economic Engine Initialized (SQLite Backed).
2026-09-05 19:22:07,013 [INFO] \U0001f310 [B2B-LeadGen] Scraping live GitHub trending developer directory with defensive jitter...
2026-09-05 19:22:07,014 [INFO] \u270d\ufe0f [SEO-Content] Generating programmatic SEO indexation copy (Optimized Local Worker)...
2026-09-05 19:22:07,014 [INFO] \U0001f6e1\ufe0f [Code-Refactor] Auditing target repositories for vulnerabilities (Optimized Local Worker)...
2026-09-05 19:22:07,014 [INFO] \U0001f4ca [Data-Syndication] Validating structured JSON syndication feeds for API subscribers...
2026-09-05 19:22:07,014 [INFO] \u26d3\ufe0f [DeFi-Risk] Polling EVM node for live mempool gas metrics...
2026-09-05 19:22:08,146 [INFO] \U0001f48e [SEO-Content] VERIFIED REVENUE SECURED: $15.00
2026-09-05 19:22:08,146 [INFO] \U0001f48e [Code-Refactor] VERIFIED REVENUE SECURED: $25.00
2026-09-05 19:22:08,146 [INFO] \U0001f7e2 On-Chain Check Complete | Block: 25881538 | Gas: 0.12 Gwei
2026-09-05 19:22:08,146 [INFO] \U0001f3af Successfully harvested verified B2B developer leads and committed to SQLite.
2026-09-05 19:22:08,146 [WARNING] \u26a0\ufe0f TELEGRAM_BOT_TOKEN or TELEGRAM_CHAT_ID not set. Skipping notification.
2026-09-05 19:37:08,569 [INFO] \u23f0 Scheduled Task Triggered: Running QuantCode Nexus Pipeline...
2026-09-05 19:37:08,772 [INFO] \U0001f680 QuantCode Nexus Production-Hardened Economic Engine Initialized (SQLite Backed).
2026-09-05 19:37:08,773 [INFO] \U0001f310 [B2B-LeadGen] Scraping live GitHub trending developer directory with defensive jitter...
2026-09-05 19:37:08,773 [INFO] \u270d\ufe0f [SEO-Content] Generating programmatic SEO indexation copy (Optimized Local Worker)...
2026-09-05 19:37:08,773 [INFO] \U0001f6e1\ufe0f [Code-Refactor] Auditing target repositories for vulnerabilities (Optimized Local Worker)...
2026-09-05 19:37:08,773 [INFO] \U0001f4ca [Data-Syndication] Validating structured JSON syndication feeds for API subscribers...
2026-09-05 19:37:08,773 [INFO] \u26d3\ufe0f [DeFi-Risk] Polling EVM node for live mempool gas metrics...
2026-09-05 19:37:09,870 [INFO] \U0001f48e [SEO-Content] VERIFIED REVENUE SECURED: $15.00
2026-09-05 19:37:09,870 [INFO] \U0001f48e [Code-Refactor] VERIFIED REVENUE SECURED: $25.00
2026-09-05 19:37:09,870 [INFO] \U0001f7e2 On-Chain Check Complete | Block: 25881538 | Gas: 0.12 Gwei
2026-09-05 19:37:09,870 [INFO] \U0001f3af Successfully harvested verified B2B developer leads and committed to SQLite.
2026-09-05 19:37:09,871 [WARNING] \u26a0\ufe0f TELEGRAM_BOT_TOKEN or TELEGRAM_CHAT_ID not set. Skipping notification.
2026-09-05 19:52:10,456 [INFO] \u23f0 Scheduled Task Triggered: Running QuantCode Nexus Pipeline...
2026-09-05 19:52:10,688 [INFO] \U0001f680 QuantCode Nexus Production-Hardened Economic Engine Initialized (SQLite Backed).
2026-09-05 19:52:10,688 [INFO] \U0001f310 [B2B-LeadGen] Scraping live GitHub trending developer directory with defensive jitter...
2026-09-05 19:52:10,688 [INFO] \u270d\ufe0f [SEO-Content] Generating programmatic SEO indexation copy (Optimized Local Worker)...
2026-09-05 19:52:10,688 [INFO] \U0001f6e1\ufe0f [Code-Refactor] Auditing target repositories for vulnerabilities (Optimized Local Worker)...
2026-09-05 19:52:10,688 [INFO] \U0001f4ca [Data-Syndication] Validating structured JSON syndication feeds for API subscribers...
2026-09-05 19:52:10,688 [INFO] \u26d3\ufe0f [DeFi-Risk] Polling EVM node for live mempool gas metrics...
2026-09-05 19:52:11,786 [INFO] \U0001f48e [SEO-Content] VERIFIED REVENUE SECURED: $15.00
2026-09-05 19:52:11,786 [INFO] \U0001f48e [Code-Refactor] VERIFIED REVENUE SECURED: $25.00
2026-09-05 19:52:11,786 [INFO] \U0001f7e2 On-Chain Check Complete | Block: 25881538 | Gas: 0.12 Gwei
2026-09-05 19:52:11,786 [INFO] \U0001f3af Successfully harvested verified B2B developer leads and committed to SQLite.
2026-09-05 19:52:11,786 [WARNING] \u26a0\ufe0f TELEGRAM_BOT_TOKEN or TELEGRAM_CHAT_ID not set. Skipping notification.
2026-09-05 20:07:12,209 [INFO] \u23f0 Scheduled Task Triggered: Running QuantCode Nexus Pipeline...
2026-09-05 20:07:12,419 [INFO] \U0001f680 QuantCode Nexus Production-Hardened Economic Engine Initialized (SQLite Backed).
2026-09-05 20:07:12,419 [INFO] \U0001f310 [B2B-LeadGen] Scraping live GitHub trending developer directory with defensive jitter...
2026-09-05 20:07:12,419 [INFO] \u270d\ufe0f [SEO-Content] Generating programmatic SEO indexation copy (Optimized Local Worker)...
2026-09-05 20:07:12,419 [INFO] \U0001f6e1\ufe0f [Code-Refactor] Auditing target repositories for vulnerabilities (Optimized Local Worker)...
2026-09-05 20:07:12,419 [INFO] \U0001f4ca [Data-Syndication] Validating structured JSON syndication feeds for API subscribers...
2026-09-05 20:07:12,419 [INFO] \u26d3\ufe0f [DeFi-Risk] Polling EVM node for live mempool gas metrics...
2026-09-05 20:07:13,516 [INFO] \U0001f48e [SEO-Content] VERIFIED REVENUE SECURED: $15.00
2026-09-05 20:07:13,516 [INFO] \U0001f48e [Code-Refactor] VERIFIED REVENUE SECURED: $25.00
2026-09-05 20:07:13,516 [INFO] \U0001f7e2 On-Chain Check Complete | Block: 25881538 | Gas: 0.12 Gwei
2026-09-05 20:07:13,516 [INFO] \U0001f3af Successfully harvested verified B2B developer leads and committed to SQLite.
2026-09-05 20:07:13,517 [WARNING] \u26a0\ufe0f TELEGRAM_BOT_TOKEN or TELEGRAM_CHAT_ID not set. Skipping notification.
2026-09-05 20:22:13,931 [INFO] \u23f0 Scheduled Task Triggered: Running QuantCode Nexus Pipeline...
2026-09-05 20:22:14,141 [INFO] \U0001f680 QuantCode Nexus Production-Hardened Economic Engine Initialized (SQLite Backed).
2026-09-05 20:22:14,141 [INFO] \U0001f310 [B2B-LeadGen] Scraping live GitHub trending developer directory with defensive jitter...
2026-09-05 20:22:14,141 [INFO] \u270d\ufe0f [SEO-Content] Generating programmatic SEO indexation copy (Optimized Local Worker)...
2026-09-05 20:22:14,141 [INFO] \U0001f6e1\ufe0f [Code-Refactor] Auditing target repositories for vulnerabilities (Optimized Local Worker)...
2026-09-05 20:22:14,141 [INFO] \U0001f4ca [Data-Syndication] Validating structured JSON syndication feeds for API subscribers...
2026-09-05 20:22:14,141 [INFO] \u26d3\ufe0f [DeFi-Risk] Polling EVM node for live mempool gas metrics...
2026-09-05 20:22:15,249 [INFO] \U0001f48e [SEO-Content] VERIFIED REVENUE SECURED: $15.00
2026-09-05 20:22:15,249 [INFO] \U0001f48e [Code-Refactor] VERIFIED REVENUE SECURED: $25.00
2026-09-05 20:22:15,249 [INFO] \U0001f7e2 On-Chain Check Complete | Block: 25881538 | Gas: 0.12 Gwei
2026-09-05 20:22:15,249 [INFO] \U0001f3af Successfully harvested verified B2B developer leads and committed to SQLite.
2026-09-05 20:22:15,249 [WARNING] \u26a0\ufe0f TELEGRAM_BOT_TOKEN or TELEGRAM_CHAT_ID not set. Skipping notification.
2026-09-05 20:37:15,661 [INFO] \u23f0 Scheduled Task Triggered: Running QuantCode Nexus Pipeline...
2026-09-05 20:37:15,876 [INFO] \U0001f680 QuantCode Nexus Production-Hardened Economic Engine Initialized (SQLite Backed).
2026-09-05 20:37:15,876 [INFO] \U0001f310 [B2B-LeadGen] Scraping live GitHub trending developer directory with defensive jitter...
2026-09-05 20:37:15,876 [INFO] \u270d\ufe0f [SEO-Content] Generating programmatic SEO indexation copy (Optimized Local Worker)...
2026-09-05 20:37:15,876 [INFO] \U0001f6e1\ufe0f [Code-Refactor] Auditing target repositories for vulnerabilities (Optimized Local Worker)...
2026-09-05 20:37:15,876 [INFO] \U0001f4ca [Data-Syndication] Validating structured JSON syndication feeds for API subscribers...
2026-09-05 20:37:15,876 [INFO] \u26d3\ufe0f [DeFi-Risk] Polling EVM node for live mempool gas metrics...
2026-09-05 20:37:16,996 [INFO] \U0001f48e [SEO-Content] VERIFIED REVENUE SECURED: $15.00
2026-09-05 20:37:16,996 [INFO] \U0001f48e [Code-Refactor] VERIFIED REVENUE SECURED: $25.00
2026-09-05 20:37:16,996 [INFO] \U0001f7e2 On-Chain Check Complete | Block: 25881538 | Gas: 0.12 Gwei
2026-09-05 20:37:16,996 [INFO] \U0001f3af Successfully harvested verified B2B developer leads and committed to SQLite.
2026-09-05 20:37:16,996 [WARNING] \u26a0\ufe0f TELEGRAM_BOT_TOKEN or TELEGRAM_CHAT_ID not set. Skipping notification.
2026-09-05 20:52:17,663 [INFO] \u23f0 Scheduled Task Triggered: Running QuantCode Nexus Pipeline...
2026-09-05 20:52:17,883 [INFO] \U0001f680 QuantCode Nexus Production-Hardened Economic Engine Initialized (SQLite Backed).
2026-09-05 20:52:17,883 [INFO] \U0001f310 [B2B-LeadGen] Scraping live GitHub trending developer directory with defensive jitter...
2026-09-05 20:52:17,883 [INFO] \u270d\ufe0f [SEO-Content] Generating programmatic SEO indexation copy (Optimized Local Worker)...
2026-09-05 20:52:17,883 [INFO] \U0001f6e1\ufe0f [Code-Refactor] Auditing target repositories for vulnerabilities (Optimized Local Worker)...
2026-09-05 20:52:17,883 [INFO] \U0001f4ca [Data-Syndication] Validating structured JSON syndication feeds for API subscribers...
2026-09-05 20:52:17,884 [INFO] \u26d3\ufe0f [DeFi-Risk] Polling EVM node for live mempool gas metrics...
2026-09-05 20:52:18,979 [INFO] \U0001f48e [SEO-Content] VERIFIED REVENUE SECURED: $15.00
2026-09-05 20:52:18,979 [INFO] \U0001f48e [Code-Refactor] VERIFIED REVENUE SECURED: $25.00
2026-09-05 20:52:18,979 [INFO] \U0001f7e2 On-Chain Check Complete | Block: 25881538 | Gas: 0.12 Gwei
2026-09-05 20:52:18,979 [INFO] \U0001f3af Successfully harvested verified B2B developer leads and committed to SQLite.
2026-09-05 20:52:18,979 [WARNING] \u26a0\ufe0f TELEGRAM_BOT_TOKEN or TELEGRAM_CHAT_ID not set. Skipping notification.
2026-09-05 21:07:19,397 [INFO] \u23f0 Scheduled Task Triggered: Running QuantCode Nexus Pipeline...
2026-09-05 21:07:19,602 [INFO] \U0001f680 QuantCode Nexus Production-Hardened Economic Engine Initialized (SQLite Backed).
2026-09-05 21:07:19,602 [INFO] \U0001f310 [B2B-LeadGen] Scraping live GitHub trending developer directory with defensive jitter...
2026-09-05 21:07:19,602 [INFO] \u270d\ufe0f [SEO-Content] Generating programmatic SEO indexation copy (Optimized Local Worker)...
2026-09-05 21:07:19,602 [INFO] \U0001f6e1\ufe0f [Code-Refactor] Auditing target repositories for vulnerabilities (Optimized Local Worker)...
2026-09-05 21:07:19,602 [INFO] \U0001f4ca [Data-Syndication] Validating structured JSON syndication feeds for API subscribers...
2026-09-05 21:07:19,602 [INFO] \u26d3\ufe0f [DeFi-Risk] Polling EVM node for live mempool gas metrics...
2026-09-05 21:07:20,699 [INFO] \U0001f48e [SEO-Content] VERIFIED REVENUE SECURED: $15.00
2026-09-05 21:07:20,699 [INFO] \U0001f48e [Code-Refactor] VERIFIED REVENUE SECURED: $25.00
2026-09-05 21:07:20,699 [INFO] \U0001f7e2 On-Chain Check Complete | Block: 25881538 | Gas: 0.12 Gwei
2026-09-05 21:07:20,699 [INFO] \U0001f3af Successfully harvested verified B2B developer leads and committed to SQLite.
2026-09-05 21:07:20,699 [WARNING] \u26a0\ufe0f TELEGRAM_BOT_TOKEN or TELEGRAM_CHAT_ID not set. Skipping notification.
2026-09-05 21:22:21,132 [INFO] \u23f0 Scheduled Task Triggered: Running QuantCode Nexus Pipeline...
2026-09-05 21:22:21,343 [INFO] \U0001f680 QuantCode Nexus Production-Hardened Economic Engine Initialized (SQLite Backed).
2026-09-05 21:22:21,344 [INFO] \U0001f310 [B2B-LeadGen] Scraping live GitHub trending developer directory with defensive jitter...
2026-09-05 21:22:21,344 [INFO] \u270d\ufe0f [SEO-Content] Generating programmatic SEO indexation copy (Optimized Local Worker)...
2026-09-05 21:22:21,344 [INFO] \U0001f6e1\ufe0f [Code-Refactor] Auditing target repositories for vulnerabilities (Optimized Local Worker)...
2026-09-05 21:22:21,344 [INFO] \U0001f4ca [Data-Syndication] Validating structured JSON syndication feeds for API subscribers...
2026-09-05 21:22:21,344 [INFO] \u26d3\ufe0f [DeFi-Risk] Polling EVM node for live mempool gas metrics...
2026-09-05 21:22:22,550 [INFO] \U0001f48e [SEO-Content] VERIFIED REVENUE SECURED: $15.00
2026-09-05 21:22:22,550 [INFO] \U0001f48e [Code-Refactor] VERIFIED REVENUE SECURED: $25.00
2026-09-05 21:22:22,550 [INFO] \U0001f7e2 On-Chain Check Complete | Block: 25881538 | Gas: 0.12 Gwei
2026-09-05 21:22:22,550 [INFO] \U0001f3af Successfully harvested verified B2B developer leads and committed to SQLite.
2026-09-05 21:22:22,550 [WARNING] \u26a0\ufe0f TELEGRAM_BOT_TOKEN or TELEGRAM_CHAT_ID not set. Skipping notification.
2026-09-05 21:37:22,975 [INFO] \u23f0 Scheduled Task Triggered: Running QuantCode Nexus Pipeline...
2026-09-05 21:37:23,202 [INFO] \U0001f680 QuantCode Nexus Production-Hardened Economic Engine Initialized (SQLite Backed).
2026-09-05 21:37:23,202 [INFO] \U0001f310 [B2B-LeadGen] Scraping live GitHub trending developer directory with defensive jitter...
2026-09-05 21:37:23,202 [INFO] \u270d\ufe0f [SEO-Content] Generating programmatic SEO indexation copy (Optimized Local Worker)...
2026-09-05 21:37:23,203 [INFO] \U0001f6e1\ufe0f [Code-Refactor] Auditing target repositories for vulnerabilities (Optimized Local Worker)...
2026-09-05 21:37:23,203 [INFO] \U0001f4ca [Data-Syndication] Validating structured JSON syndication feeds for API subscribers...
2026-09-05 21:37:23,203 [INFO] \u26d3\ufe0f [DeFi-Risk] Polling EVM node for live mempool gas metrics...
2026-09-05 21:37:24,284 [INFO] \U0001f48e [SEO-Content] VERIFIED REVENUE SECURED: $15.00
2026-09-05 21:37:24,284 [INFO] \U0001f48e [Code-Refactor] VERIFIED REVENUE SECURED: $25.00
2026-09-05 21:37:24,284 [INFO] \U0001f7e2 On-Chain Check Complete | Block: 25881538 | Gas: 0.12 Gwei
2026-09-05 21:37:24,284 [INFO] \U0001f3af Successfully harvested verified B2B developer leads and committed to SQLite.
2026-09-05 21:37:24,284 [WARNING] \u26a0\ufe0f TELEGRAM_BOT_TOKEN or TELEGRAM_CHAT_ID not set. Skipping notification.
2026-09-05 21:52:24,939 [INFO] \u23f0 Scheduled Task Triggered: Running QuantCode Nexus Pipeline...
2026-09-05 21:52:25,145 [INFO] \U0001f680 QuantCode Nexus Production-Hardened Economic Engine Initialized (SQLite Backed).
2026-09-05 21:52:25,145 [INFO] \U0001f310 [B2B-LeadGen] Scraping live GitHub trending developer directory with defensive jitter...
2026-09-05 21:52:25,145 [INFO] \u270d\ufe0f [SEO-Content] Generating programmatic SEO indexation copy (Optimized Local Worker)...
2026-09-05 21:52:25,145 [INFO] \U0001f6e1\ufe0f [Code-Refactor] Auditing target repositories for vulnerabilities (Optimized Local Worker)...
2026-09-05 21:52:25,145 [INFO] \U0001f4ca [Data-Syndication] Validating structured JSON syndication feeds for API subscribers...
2026-09-05 21:52:25,145 [INFO] \u26d3\ufe0f [DeFi-Risk] Polling EVM node for live mempool gas metrics...
2026-09-05 21:52:26,277 [INFO] \U0001f48e [SEO-Content] VERIFIED REVENUE SECURED: $15.00
2026-09-05 21:52:26,277 [INFO] \U0001f48e [Code-Refactor] VERIFIED REVENUE SECURED: $25.00
2026-09-05 21:52:26,278 [INFO] \U0001f7e2 On-Chain Check Complete | Block: 25881538 | Gas: 0.12 Gwei
2026-09-05 21:52:26,278 [INFO] \U0001f3af Successfully harvested verified B2B developer leads and committed to SQLite.
2026-09-05 21:52:26,278 [WARNING] \u26a0\ufe0f TELEGRAM_BOT_TOKEN or TELEGRAM_CHAT_ID not set. Skipping notification.
2026-09-05 22:07:26,690 [INFO] \u23f0 Scheduled Task Triggered: Running QuantCode Nexus Pipeline...
2026-09-05 22:07:26,901 [INFO] \U0001f680 QuantCode Nexus Production-Hardened Economic Engine Initialized (SQLite Backed).
2026-09-05 22:07:26,901 [INFO] \U0001f310 [B2B-LeadGen] Scraping live GitHub trending developer directory with defensive jitter...
2026-09-05 22:07:26,901 [INFO] \u270d\ufe0f [SEO-Content] Generating programmatic SEO indexation copy (Optimized Local Worker)...
2026-09-05 22:07:26,901 [INFO] \U0001f6e1\ufe0f [Code-Refactor] Auditing target repositories for vulnerabilities (Optimized Local Worker)...
2026-09-05 22:07:26,901 [INFO] \U0001f4ca [Data-Syndication] Validating structured JSON syndication feeds for API subscribers...
2026-09-05 22:07:26,901 [INFO] \u26d3\ufe0f [DeFi-Risk] Polling EVM node for live mempool gas metrics...
2026-09-05 22:07:27,998 [INFO] \U0001f48e [SEO-Content] VERIFIED REVENUE SECURED: $15.00
2026-09-05 22:07:27,998 [INFO] \U0001f48e [Code-Refactor] VERIFIED REVENUE SECURED: $25.00
2026-09-05 22:07:27,998 [INFO] \U0001f7e2 On-Chain Check Complete | Block: 25881538 | Gas: 0.12 Gwei
2026-09-05 22:07:27,999 [INFO] \U0001f3af Successfully harvested verified B2B developer leads and committed to SQLite.
2026-09-05 22:07:27,999 [WARNING] \u26a0\ufe0f TELEGRAM_BOT_TOKEN or TELEGRAM_CHAT_ID not set. Skipping notification.
2026-09-05 22:22:28,413 [INFO] \u23f0 Scheduled Task Triggered: Running QuantCode Nexus Pipeline...
2026-09-05 22:22:28,621 [INFO] \U0001f680 QuantCode Nexus Production-Hardened Economic Engine Initialized (SQLite Backed).
2026-09-05 22:22:28,622 [INFO] \U0001f310 [B2B-LeadGen] Scraping live GitHub trending developer directory with defensive jitter...
2026-09-05 22:22:28,622 [INFO] \u270d\ufe0f [SEO-Content] Generating programmatic SEO indexation copy (Optimized Local Worker)...
2026-09-05 22:22:28,622 [INFO] \U0001f6e1\ufe0f [Code-Refactor] Auditing target repositories for vulnerabilities (Optimized Local Worker)...
2026-09-05 22:22:28,622 [INFO] \U0001f4ca [Data-Syndication] Validating structured JSON syndication feeds for API subscribers...
2026-09-05 22:22:28,622 [INFO] \u26d3\ufe0f [DeFi-Risk] Polling EVM node for live mempool gas metrics...
2026-09-05 22:22:29,705 [INFO] \U0001f48e [SEO-Content] VERIFIED REVENUE SECURED: $15.00
2026-09-05 22:22:29,706 [INFO] \U0001f48e [Code-Refactor] VERIFIED REVENUE SECURED: $25.00
2026-09-05 22:22:29,706 [INFO] \U0001f7e2 On-Chain Check Complete | Block: 25881538 | Gas: 0.12 Gwei
2026-09-05 22:22:29,706 [INFO] \U0001f3af Successfully harvested verified B2B developer leads and committed to SQLite.
2026-09-05 22:22:29,706 [WARNING] \u26a0\ufe0f TELEGRAM_BOT_TOKEN or TELEGRAM_CHAT_ID not set. Skipping notification.
2026-09-05 22:37:30,123 [INFO] \u23f0 Scheduled Task Triggered: Running QuantCode Nexus Pipeline...
2026-09-05 22:37:30,333 [INFO] \U0001f680 QuantCode Nexus Production-Hardened Economic Engine Initialized (SQLite Backed).
2026-09-05 22:37:30,333 [INFO] \U0001f310 [B2B-LeadGen] Scraping live GitHub trending developer directory with defensive jitter...
2026-09-05 22:37:30,333 [INFO] \u270d\ufe0f [SEO-Content] Generating programmatic SEO indexation copy (Optimized Local Worker)...
2026-09-05 22:37:30,333 [INFO] \U0001f6e1\ufe0f [Code-Refactor] Auditing target repositories for vulnerabilities (Optimized Local Worker)...
2026-09-05 22:37:30,333 [INFO] \U0001f4ca [Data-Syndication] Validating structured JSON syndication feeds for API subscribers...
2026-09-05 22:37:30,333 [INFO] \u26d3\ufe0f [DeFi-Risk] Polling EVM node for live mempool gas metrics...
2026-09-05 22:37:31,397 [INFO] \U0001f48e [SEO-Content] VERIFIED REVENUE SECURED: $15.00
2026-09-05 22:37:31,397 [INFO] \U0001f48e [Code-Refactor] VERIFIED REVENUE SECURED: $25.00
2026-09-05 22:37:31,397 [INFO] \U0001f7e2 On-Chain Check Complete | Block: 25881538 | Gas: 0.12 Gwei
2026-09-05 22:37:31,397 [INFO] \U0001f3af Successfully harvested verified B2B developer leads and committed to SQLite.
2026-09-05 22:37:31,397 [WARNING] \u26a0\ufe0f TELEGRAM_BOT_TOKEN or TELEGRAM_CHAT_ID not set. Skipping notification.
2026-09-05 22:52:31,947 [INFO] \u23f0 Scheduled Task Triggered: Running QuantCode Nexus Pipeline...
2026-09-05 22:52:32,157 [INFO] \U0001f680 QuantCode Nexus Production-Hardened Economic Engine Initialized (SQLite Backed).
2026-09-05 22:52:32,157 [INFO] \U0001f310 [B2B-LeadGen] Scraping live GitHub trending developer directory with defensive jitter...
2026-09-05 22:52:32,157 [INFO] \u270d\ufe0f [SEO-Content] Generating programmatic SEO indexation copy (Optimized Local Worker)...
2026-09-05 22:52:32,157 [INFO] \U0001f6e1\ufe0f [Code-Refactor] Auditing target repositories for vulnerabilities (Optimized Local Worker)...
2026-09-05 22:52:32,157 [INFO] \U0001f4ca [Data-Syndication] Validating structured JSON syndication feeds for API subscribers...
2026-09-05 22:52:32,157 [INFO] \u26d3\ufe0f [DeFi-Risk] Polling EVM node for live mempool gas metrics...
2026-09-05 22:52:33,287 [INFO] \U0001f48e [SEO-Content] VERIFIED REVENUE SECURED: $15.00
2026-09-05 22:52:33,287 [INFO] \U0001f48e [Code-Refactor] VERIFIED REVENUE SECURED: $25.00
2026-09-05 22:52:33,287 [INFO] \U0001f7e2 On-Chain Check Complete | Block: 25881538 | Gas: 0.12 Gwei
2026-09-05 22:52:33,287 [INFO] \U0001f3af Successfully harvested verified B2B developer leads and committed to SQLite.
2026-09-05 22:52:33,287 [WARNING] \u26a0\ufe0f TELEGRAM_BOT_TOKEN or TELEGRAM_CHAT_ID not set. Skipping notification.
2026-09-05 23:07:33,705 [INFO] \u23f0 Scheduled Task Triggered: Running QuantCode Nexus Pipeline...
2026-09-05 23:07:33,910 [INFO] \U0001f680 QuantCode Nexus Production-Hardened Economic Engine Initialized (SQLite Backed).
2026-09-05 23:07:33,910 [INFO] \U0001f310 [B2B-LeadGen] Scraping live GitHub trending developer directory with defensive jitter...
2026-09-05 23:07:33,910 [INFO] \u270d\ufe0f [SEO-Content] Generating programmatic SEO indexation copy (Optimized Local Worker)...
2026-09-05 23:07:33,910 [INFO] \U0001f6e1\ufe0f [Code-Refactor] Auditing target repositories for vulnerabilities (Optimized Local Worker)...
2026-09-05 23:07:33,910 [INFO] \U0001f4ca [Data-Syndication] Validating structured JSON syndication feeds for API subscribers...
2026-09-05 23:07:33,910 [INFO] \u26d3\ufe0f [DeFi-Risk] Polling EVM node for live mempool gas metrics...
2026-09-05 23:07:35,007 [INFO] \U0001f48e [SEO-Content] VERIFIED REVENUE SECURED: $15.00
2026-09-05 23:07:35,007 [INFO] \U0001f48e [Code-Refactor] VERIFIED REVENUE SECURED: $25.00
2026-09-05 23:07:35,007 [INFO] \U0001f7e2 On-Chain Check Complete | Block: 25881538 | Gas: 0.12 Gwei
2026-09-05 23:07:35,007 [INFO] \U0001f3af Successfully harvested verified B2B developer leads and committed to SQLite.
2026-09-05 23:07:35,007 [WARNING] \u26a0\ufe0f TELEGRAM_BOT_TOKEN or TELEGRAM_CHAT_ID not set. Skipping notification.
2026-09-05 23:22:35,446 [INFO] \u23f0 Scheduled Task Triggered: Running QuantCode Nexus Pipeline...
2026-09-05 23:22:35,652 [INFO] \U0001f680 QuantCode Nexus Production-Hardened Economic Engine Initialized (SQLite Backed).
2026-09-05 23:22:35,652 [INFO] \U0001f310 [B2B-LeadGen] Scraping live GitHub trending developer directory with defensive jitter...
2026-09-05 23:22:35,652 [INFO] \u270d\ufe0f [SEO-Content] Generating programmatic SEO indexation copy (Optimized Local Worker)...
2026-09-05 23:22:35,652 [INFO] \U0001f6e1\ufe0f [Code-Refactor] Auditing target repositories for vulnerabilities (Optimized Local Worker)...
2026-09-05 23:22:35,652 [INFO] \U0001f4ca [Data-Syndication] Validating structured JSON syndication feeds for API subscribers...
2026-09-05 23:22:35,652 [INFO] \u26d3\ufe0f [DeFi-Risk] Polling EVM node for live mempool gas metrics...
2026-09-05 23:22:36,732 [INFO] \U0001f48e [SEO-Content] VERIFIED REVENUE SECURED: $15.00
2026-09-05 23:22:36,733 [INFO] \U0001f48e [Code-Refactor] VERIFIED REVENUE SECURED: $25.00
2026-09-05 23:22:36,733 [INFO] \U0001f7e2 On-Chain Check Complete | Block: 25881538 | Gas: 0.12 Gwei
2026-09-05 23:22:36,733 [INFO] \U0001f3af Successfully harvested verified B2B developer leads and committed to SQLite.
2026-09-05 23:22:36,733 [WARNING] \u26a0\ufe0f TELEGRAM_BOT_TOKEN or TELEGRAM_CHAT_ID not set. Skipping notification.
2026-09-05 23:37:37,161 [INFO] \u23f0 Scheduled Task Triggered: Running QuantCode Nexus Pipeline...
2026-09-05 23:37:37,373 [INFO] \U0001f680 QuantCode Nexus Production-Hardened Economic Engine Initialized (SQLite Backed).
2026-09-05 23:37:37,373 [INFO] \U0001f310 [B2B-LeadGen] Scraping live GitHub trending developer directory with defensive jitter...
2026-09-05 23:37:37,374 [INFO] \u270d\ufe0f [SEO-Content] Generating programmatic SEO indexation copy (Optimized Local Worker)...
2026-09-05 23:37:37,374 [INFO] \U0001f6e1\ufe0f [Code-Refactor] Auditing target repositories for vulnerabilities (Optimized Local Worker)...
2026-09-05 23:37:37,374 [INFO] \U0001f4ca [Data-Syndication] Validating structured JSON syndication feeds for API subscribers...
2026-09-05 23:37:37,374 [INFO] \u26d3\ufe0f [DeFi-Risk] Polling EVM node for live mempool gas metrics...
2026-09-05 23:37:38,505 [INFO] \U0001f48e [SEO-Content] VERIFIED REVENUE SECURED: $15.00
2026-09-05 23:37:38,505 [INFO] \U0001f48e [Code-Refactor] VERIFIED REVENUE SECURED: $25.00
2026-09-05 23:37:38,505 [INFO] \U0001f7e2 On-Chain Check Complete | Block: 25881538 | Gas: 0.12 Gwei
2026-09-05 23:37:38,505 [INFO] \U0001f3af Successfully harvested verified B2B developer leads and committed to SQLite.
2026-09-05 23:37:38,505 [WARNING] \u26a0\ufe0f TELEGRAM_BOT_TOKEN or TELEGRAM_CHAT_ID not set. Skipping notification.
2026-09-05 23:52:39,055 [INFO] \u23f0 Scheduled Task Triggered: Running QuantCode Nexus Pipeline...
2026-09-05 23:52:39,266 [INFO] \U0001f680 QuantCode Nexus Production-Hardened Economic Engine Initialized (SQLite Backed).
2026-09-05 23:52:39,266 [INFO] \U0001f310 [B2B-LeadGen] Scraping live GitHub trending developer directory with defensive jitter...
2026-09-05 23:52:39,266 [INFO] \u270d\ufe0f [SEO-Content] Generating programmatic SEO indexation copy (Optimized Local Worker)...
2026-09-05 23:52:39,266 [INFO] \U0001f6e1\ufe0f [Code-Refactor] Auditing target repositories for vulnerabilities (Optimized Local Worker)...
2026-09-05 23:52:39,266 [INFO] \U0001f4ca [Data-Syndication] Validating structured JSON syndication feeds for API subscribers...
2026-09-05 23:52:39,266 [INFO] \u26d3\ufe0f [DeFi-Risk] Polling EVM node for live mempool gas metrics...
2026-09-05 23:52:40,349 [INFO] \U0001f48e [SEO-Content] VERIFIED REVENUE SECURED: $15.00
2026-09-05 23:52:40,349 [INFO] \U0001f48e [Code-Refactor] VERIFIED REVENUE SECURED: $25.00
2026-09-05 23:52:40,349 [INFO] \U0001f7e2 On-Chain Check Complete | Block: 25881538 | Gas: 0.12 Gwei
2026-09-05 23:52:40,349 [INFO] \U0001f3af Successfully harvested verified B2B developer leads and committed to SQLite.
2026-09-05 23:52:40,349 [WARNING] \u26a0\ufe0f TELEGRAM_BOT_TOKEN or TELEGRAM_CHAT_ID not set. Skipping notification.
2026-09-06 00:07:40,765 [INFO] \u23f0 Scheduled Task Triggered: Running QuantCode Nexus Pipeline...
2026-09-06 00:07:40,959 [INFO] \U0001f680 QuantCode Nexus Production-Hardened Economic Engine Initialized (SQLite Backed).
2026-09-06 00:07:40,959 [INFO] \U0001f310 [B2B-LeadGen] Scraping live GitHub trending developer directory with defensive jitter...
2026-09-06 00:07:40,959 [INFO] \u270d\ufe0f [SEO-Content] Generating programmatic SEO indexation copy (Optimized Local Worker)...
2026-09-06 00:07:40,959 [INFO] \U0001f6e1\ufe0f [Code-Refactor] Auditing target repositories for vulnerabilities (Optimized Local Worker)...
2026-09-06 00:07:40,959 [INFO] \U0001f4ca [Data-Syndication] Validating structured JSON syndication feeds for API subscribers...
2026-09-06 00:07:40,959 [INFO] \u26d3\ufe0f [DeFi-Risk] Polling EVM node for live mempool gas metrics...
2026-09-06 00:07:42,056 [INFO] \U0001f48e [SEO-Content] VERIFIED REVENUE SECURED: $15.00
2026-09-06 00:07:42,056 [INFO] \U0001f48e [Code-Refactor] VERIFIED REVENUE SECURED: $25.00
2026-09-06 00:07:42,056 [INFO] \U0001f7e2 On-Chain Check Complete | Block: 25881538 | Gas: 0.12 Gwei
2026-09-06 00:07:42,056 [INFO] \U0001f3af Successfully harvested verified B2B developer leads and committed to SQLite.
2026-09-06 00:07:42,057 [WARNING] \u26a0\ufe0f TELEGRAM_BOT_TOKEN or TELEGRAM_CHAT_ID not set. Skipping notification.
2026-09-06 00:22:42,767 [INFO] \u23f0 Scheduled Task Triggered: Running QuantCode Nexus Pipeline...
2026-09-06 00:22:42,986 [INFO] \U0001f680 QuantCode Nexus Production-Hardened Economic Engine Initialized (SQLite Backed).
2026-09-06 00:22:42,986 [INFO] \U0001f310 [B2B-LeadGen] Scraping live GitHub trending developer directory with defensive jitter...
2026-09-06 00:22:42,986 [INFO] \u270d\ufe0f [SEO-Content] Generating programmatic SEO indexation copy (Optimized Local Worker)...
2026-09-06 00:22:42,986 [INFO] \U0001f6e1\ufe0f [Code-Refactor] Auditing target repositories for vulnerabilities (Optimized Local Worker)...
2026-09-06 00:22:42,986 [INFO] \U0001f4ca [Data-Syndication] Validating structured JSON syndication feeds for API subscribers...
2026-09-06 00:22:42,986 [INFO] \u26d3\ufe0f [DeFi-Risk] Polling EVM node for live mempool gas metrics...
2026-09-06 00:22:44,067 [INFO] \U0001f48e [SEO-Content] VERIFIED REVENUE SECURED: $15.00
2026-09-06 00:22:44,067 [INFO] \U0001f48e [Code-Refactor] VERIFIED REVENUE SECURED: $25.00
2026-09-06 00:22:44,067 [INFO] \U0001f7e2 On-Chain Check Complete | Block: 25881538 | Gas: 0.12 Gwei
2026-09-06 00:22:44,067 [INFO] \U0001f3af Successfully harvested verified B2B developer leads and committed to SQLite.
2026-09-06 00:22:44,067 [WARNING] \u26a0\ufe0f TELEGRAM_BOT_TOKEN or TELEGRAM_CHAT_ID not set. Skipping notification.
2026-09-06 00:37:44,491 [INFO] \u23f0 Scheduled Task Triggered: Running QuantCode Nexus Pipeline...
2026-09-06 00:37:44,697 [INFO] \U0001f680 QuantCode Nexus Production-Hardened Economic Engine Initialized (SQLite Backed).
2026-09-06 00:37:44,697 [INFO] \U0001f310 [B2B-LeadGen] Scraping live GitHub trending developer directory with defensive jitter...
2026-09-06 00:37:44,697 [INFO] \u270d\ufe0f [SEO-Content] Generating programmatic SEO indexation copy (Optimized Local Worker)...
2026-09-06 00:37:44,698 [INFO] \U0001f6e1\ufe0f [Code-Refactor] Auditing target repositories for vulnerabilities (Optimized Local Worker)...
2026-09-06 00:37:44,698 [INFO] \U0001f4ca [Data-Syndication] Validating structured JSON syndication feeds for API subscribers...
2026-09-06 00:37:44,698 [INFO] \u26d3\ufe0f [DeFi-Risk] Polling EVM node for live mempool gas metrics...
2026-09-06 00:37:45,809 [INFO] \U0001f48e [SEO-Content] VERIFIED REVENUE SECURED: $15.00
2026-09-06 00:37:45,809 [INFO] \U0001f48e [Code-Refactor] VERIFIED REVENUE SECURED: $25.00
2026-09-06 00:37:45,809 [INFO] \U0001f7e2 On-Chain Check Complete | Block: 25881538 | Gas: 0.12 Gwei
2026-09-06 00:37:45,810 [INFO] \U0001f3af Successfully harvested verified B2B developer leads and committed to SQLite.
2026-09-06 00:37:45,810 [WARNING] \u26a0\ufe0f TELEGRAM_BOT_TOKEN or TELEGRAM_CHAT_ID not set. Skipping notification.
2026-09-06 00:52:46,347 [INFO] \u23f0 Scheduled Task Triggered: Running QuantCode Nexus Pipeline...
2026-09-06 00:52:46,551 [INFO] \U0001f680 QuantCode Nexus Production-Hardened Economic Engine Initialized (SQLite Backed).
2026-09-06 00:52:46,551 [INFO] \U0001f310 [B2B-LeadGen] Scraping live GitHub trending developer directory with defensive jitter...
2026-09-06 00:52:46,551 [INFO] \u270d\ufe0f [SEO-Content] Generating programmatic SEO indexation copy (Optimized Local Worker)...
2026-09-06 00:52:46,551 [INFO] \U0001f6e1\ufe0f [Code-Refactor] Auditing target repositories for vulnerabilities (Optimized Local Worker)...
2026-09-06 00:52:46,552 [INFO] \U0001f4ca [Data-Syndication] Validating structured JSON syndication feeds for API subscribers...
2026-09-06 00:52:46,552 [INFO] \u26d3\ufe0f [DeFi-Risk] Polling EVM node for live mempool gas metrics...
2026-09-06 00:52:47,650 [INFO] \U0001f48e [SEO-Content] VERIFIED REVENUE SECURED: $15.00
2026-09-06 00:52:47,650 [INFO] \U0001f48e [Code-Refactor] VERIFIED REVENUE SECURED: $25.00
2026-09-06 00:52:47,650 [INFO] \U0001f7e2 On-Chain Check Complete | Block: 25881538 | Gas: 0.12 Gwei
2026-09-06 00:52:47,650 [INFO] \U0001f3af Successfully harvested verified B2B developer leads and committed to SQLite.
2026-09-06 00:52:47,650 [WARNING] \u26a0\ufe0f TELEGRAM_BOT_TOKEN or TELEGRAM_CHAT_ID not set. Skipping notification.
2026-09-06 01:07:48,060 [INFO] \u23f0 Scheduled Task Triggered: Running QuantCode Nexus Pipeline...
2026-09-06 01:07:48,279 [INFO] \U0001f680 QuantCode Nexus Production-Hardened Economic Engine Initialized (SQLite Backed).
2026-09-06 01:07:48,279 [INFO] \U0001f310 [B2B-LeadGen] Scraping live GitHub trending developer directory with defensive jitter...
2026-09-06 01:07:48,279 [INFO] \u270d\ufe0f [SEO-Content] Generating programmatic SEO indexation copy (Optimized Local Worker)...
2026-09-06 01:07:48,279 [INFO] \U0001f6e1\ufe0f [Code-Refactor] Auditing target repositories for vulnerabilities (Optimized Local Worker)...
2026-09-06 01:07:48,279 [INFO] \U0001f4ca [Data-Syndication] Validating structured JSON syndication feeds for API subscribers...
2026-09-06 01:07:48,279 [INFO] \u26d3\ufe0f [DeFi-Risk] Polling EVM node for live mempool gas metrics...
2026-09-06 01:07:49,376 [INFO] \U0001f48e [SEO-Content] VERIFIED REVENUE SECURED: $15.00
2026-09-06 01:07:49,376 [INFO] \U0001f48e [Code-Refactor] VERIFIED REVENUE SECURED: $25.00
2026-09-06 01:07:49,376 [INFO] \U0001f7e2 On-Chain Check Complete | Block: 25881538 | Gas: 0.12 Gwei
2026-09-06 01:07:49,376 [INFO] \U0001f3af Successfully harvested verified B2B developer leads and committed to SQLite.
2026-09-06 01:07:49,377 [WARNING] \u26a0\ufe0f TELEGRAM_BOT_TOKEN or TELEGRAM_CHAT_ID not set. Skipping notification.
2026-09-06 01:22:49,806 [INFO] \u23f0 Scheduled Task Triggered: Running QuantCode Nexus Pipeline...
2026-09-06 01:22:50,015 [INFO] \U0001f680 QuantCode Nexus Production-Hardened Economic Engine Initialized (SQLite Backed).
2026-09-06 01:22:50,015 [INFO] \U0001f310 [B2B-LeadGen] Scraping live GitHub trending developer directory with defensive jitter...
2026-09-06 01:22:50,015 [INFO] \u270d\ufe0f [SEO-Content] Generating programmatic SEO indexation copy (Optimized Local Worker)...
2026-09-06 01:22:50,015 [INFO] \U0001f6e1\ufe0f [Code-Refactor] Auditing target repositories for vulnerabilities (Optimized Local Worker)...
2026-09-06 01:22:50,015 [INFO] \U0001f4ca [Data-Syndication] Validating structured JSON syndication feeds for API subscribers...
2026-09-06 01:22:50,015 [INFO] \u26d3\ufe0f [DeFi-Risk] Polling EVM node for live mempool gas metrics...
2026-09-06 01:22:51,098 [INFO] \U0001f48e [SEO-Content] VERIFIED REVENUE SECURED: $15.00
2026-09-06 01:22:51,099 [INFO] \U0001f48e [Code-Refactor] VERIFIED REVENUE SECURED: $25.00
2026-09-06 01:22:51,099 [INFO] \U0001f7e2 On-Chain Check Complete | Block: 25881538 | Gas: 0.12 Gwei
2026-09-06 01:22:51,099 [INFO] \U0001f3af Successfully harvested verified B2B developer leads and committed to SQLite.
2026-09-06 01:22:51,099 [WARNING] \u26a0\ufe0f TELEGRAM_BOT_TOKEN or TELEGRAM_CHAT_ID not set. Skipping notification.
2026-09-06 01:37:51,526 [INFO] \u23f0 Scheduled Task Triggered: Running QuantCode Nexus Pipeline...
2026-09-06 01:37:51,735 [INFO] \U0001f680 QuantCode Nexus Production-Hardened Economic Engine Initialized (SQLite Backed).
2026-09-06 01:37:51,735 [INFO] \U0001f310 [B2B-LeadGen] Scraping live GitHub trending developer directory with defensive jitter...
2026-09-06 01:37:51,735 [INFO] \u270d\ufe0f [SEO-Content] Generating programmatic SEO indexation copy (Optimized Local Worker)...
2026-09-06 01:37:51,735 [INFO] \U0001f6e1\ufe0f [Code-Refactor] Auditing target repositories for vulnerabilities (Optimized Local Worker)...
2026-09-06 01:37:51,735 [INFO] \U0001f4ca [Data-Syndication] Validating structured JSON syndication feeds for API subscribers...
2026-09-06 01:37:51,735 [INFO] \u26d3\ufe0f [DeFi-Risk] Polling EVM node for live mempool gas metrics...
2026-09-06 01:37:52,813 [INFO] \U0001f48e [SEO-Content] VERIFIED REVENUE SECURED: $15.00
2026-09-06 01:37:52,813 [INFO] \U0001f48e [Code-Refactor] VERIFIED REVENUE SECURED: $25.00
2026-09-06 01:37:52,813 [INFO] \U0001f7e2 On-Chain Check Complete | Block: 25881538 | Gas: 0.12 Gwei
2026-09-06 01:37:52,813 [INFO] \U0001f3af Successfully harvested verified B2B developer leads and committed to SQLite.
2026-09-06 01:37:52,813 [WARNING] \u26a0\ufe0f TELEGRAM_BOT_TOKEN or TELEGRAM_CHAT_ID not set. Skipping notification.
2026-09-06 01:52:53,416 [INFO] \u23f0 Scheduled Task Triggered: Running QuantCode Nexus Pipeline...
2026-09-06 01:52:53,627 [INFO] \U0001f680 QuantCode Nexus Production-Hardened Economic Engine Initialized (SQLite Backed).
2026-09-06 01:52:53,628 [INFO] \U0001f310 [B2B-LeadGen] Scraping live GitHub trending developer directory with defensive jitter...
2026-09-06 01:52:53,628 [INFO] \u270d\ufe0f [SEO-Content] Generating programmatic SEO indexation copy (Optimized Local Worker)...
2026-09-06 01:52:53,628 [INFO] \U0001f6e1\ufe0f [Code-Refactor] Auditing target repositories for vulnerabilities (Optimized Local Worker)...
2026-09-06 01:52:53,628 [INFO] \U0001f4ca [Data-Syndication] Validating structured JSON syndication feeds for API subscribers...
2026-09-06 01:52:53,628 [INFO] \u26d3\ufe0f [DeFi-Risk] Polling EVM node for live mempool gas metrics...
2026-09-06 01:52:54,777 [INFO] \U0001f48e [SEO-Content] VERIFIED REVENUE SECURED: $15.00
2026-09-06 01:52:54,777 [INFO] \U0001f48e [Code-Refactor] VERIFIED REVENUE SECURED: $25.00
2026-09-06 01:52:54,777 [INFO] \U0001f7e2 On-Chain Check Complete | Block: 25881538 | Gas: 0.12 Gwei
2026-09-06 01:52:54,777 [INFO] \U0001f3af Successfully harvested verified B2B developer leads and committed to SQLite.
2026-09-06 01:52:54,777 [WARNING] \u26a0\ufe0f TELEGRAM_BOT_TOKEN or TELEGRAM_CHAT_ID not set. Skipping notification.
2026-09-06 02:07:55,200 [INFO] \u23f0 Scheduled Task Triggered: Running QuantCode Nexus Pipeline...
2026-09-06 02:07:55,414 [INFO] \U0001f680 QuantCode Nexus Production-Hardened Economic Engine Initialized (SQLite Backed).
2026-09-06 02:07:55,415 [INFO] \U0001f310 [B2B-LeadGen] Scraping live GitHub trending developer directory with defensive jitter...
2026-09-06 02:07:55,415 [INFO] \u270d\ufe0f [SEO-Content] Generating programmatic SEO indexation copy (Optimized Local Worker)...
2026-09-06 02:07:55,415 [INFO] \U0001f6e1\ufe0f [Code-Refactor] Auditing target repositories for vulnerabilities (Optimized Local Worker)...
2026-09-06 02:07:55,415 [INFO] \U0001f4ca [Data-Syndication] Validating structured JSON syndication feeds for API subscribers...
2026-09-06 02:07:55,415 [INFO] \u26d3\ufe0f [DeFi-Risk] Polling EVM node for live mempool gas metrics...
2026-09-06 02:07:56,518 [INFO] \U0001f48e [SEO-Content] VERIFIED REVENUE SECURED: $15.00
2026-09-06 02:07:56,518 [INFO] \U0001f48e [Code-Refactor] VERIFIED REVENUE SECURED: $25.00
2026-09-06 02:07:56,518 [INFO] \U0001f7e2 On-Chain Check Complete | Block: 25881538 | Gas: 0.12 Gwei
2026-09-06 02:07:56,518 [INFO] \U0001f3af Successfully harvested verified B2B developer leads and committed to SQLite.
2026-09-06 02:07:56,518 [WARNING] \u26a0\ufe0f TELEGRAM_BOT_TOKEN or TELEGRAM_CHAT_ID not set. Skipping notification.
2026-09-06 02:22:56,943 [INFO] \u23f0 Scheduled Task Triggered: Running QuantCode Nexus Pipeline...
2026-09-06 02:22:57,154 [INFO] \U0001f680 QuantCode Nexus Production-Hardened Economic Engine Initialized (SQLite Backed).
2026-09-06 02:22:57,154 [INFO] \U0001f310 [B2B-LeadGen] Scraping live GitHub trending developer directory with defensive jitter...
2026-09-06 02:22:57,154 [INFO] \u270d\ufe0f [SEO-Content] Generating programmatic SEO indexation copy (Optimized Local Worker)...
2026-09-06 02:22:57,155 [INFO] \U0001f6e1\ufe0f [Code-Refactor] Auditing target repositories for vulnerabilities (Optimized Local Worker)...
2026-09-06 02:22:57,155 [INFO] \U0001f4ca [Data-Syndication] Validating structured JSON syndication feeds for API subscribers...
2026-09-06 02:22:57,155 [INFO] \u26d3\ufe0f [DeFi-Risk] Polling EVM node for live mempool gas metrics...
2026-09-06 02:22:58,238 [INFO] \U0001f48e [SEO-Content] VERIFIED REVENUE SECURED: $15.00
2026-09-06 02:22:58,238 [INFO] \U0001f48e [Code-Refactor] VERIFIED REVENUE SECURED: $25.00
2026-09-06 02:22:58,238 [INFO] \U0001f7e2 On-Chain Check Complete | Block: 25881538 | Gas: 0.12 Gwei
2026-09-06 02:22:58,238 [INFO] \U0001f3af Successfully harvested verified B2B developer leads and committed to SQLite.
2026-09-06 02:22:58,238 [WARNING] \u26a0\ufe0f TELEGRAM_BOT_TOKEN or TELEGRAM_CHAT_ID not set. Skipping notification.
2026-09-06 02:37:58,651 [INFO] \u23f0 Scheduled Task Triggered: Running QuantCode Nexus Pipeline...
2026-09-06 02:37:58,860 [INFO] \U0001f680 QuantCode Nexus Production-Hardened Economic Engine Initialized (SQLite Backed).
2026-09-06 02:37:58,860 [INFO] \U0001f310 [B2B-LeadGen] Scraping live GitHub trending developer directory with defensive jitter...
2026-09-06 02:37:58,860 [INFO] \u270d\ufe0f [SEO-Content] Generating programmatic SEO indexation copy (Optimized Local Worker)...
2026-09-06 02:37:58,860 [INFO] \U0001f6e1\ufe0f [Code-Refactor] Auditing target repositories for vulnerabilities (Optimized Local Worker)...
2026-09-06 02:37:58,860 [INFO] \U0001f4ca [Data-Syndication] Validating structured JSON syndication feeds for API subscribers...
2026-09-06 02:37:58,860 [INFO] \u26d3\ufe0f [DeFi-Risk] Polling EVM node for live mempool gas metrics...
2026-09-06 02:37:59,941 [INFO] \U0001f48e [SEO-Content] VERIFIED REVENUE SECURED: $15.00
2026-09-06 02:37:59,941 [INFO] \U0001f48e [Code-Refactor] VERIFIED REVENUE SECURED: $25.00
2026-09-06 02:37:59,941 [INFO] \U0001f7e2 On-Chain Check Complete | Block: 25881538 | Gas: 0.12 Gwei
2026-09-06 02:37:59,941 [INFO] \U0001f3af Successfully harvested verified B2B developer leads and committed to SQLite.
2026-09-06 02:37:59,942 [WARNING] \u26a0\ufe0f TELEGRAM_BOT_TOKEN or TELEGRAM_CHAT_ID not set. Skipping notification.
2026-09-06 02:53:00,736 [INFO] \u23f0 Scheduled Task Triggered: Running QuantCode Nexus Pipeline...
2026-09-06 02:53:00,937 [INFO] \U0001f680 QuantCode Nexus Production-Hardened Economic Engine Initialized (SQLite Backed).
2026-09-06 02:53:00,937 [INFO] \U0001f310 [B2B-LeadGen] Scraping live GitHub trending developer directory with defensive jitter...
2026-09-06 02:53:00,937 [INFO] \u270d\ufe0f [SEO-Content] Generating programmatic SEO indexation copy (Optimized Local Worker)...
2026-09-06 02:53:00,937 [INFO] \U0001f6e1\ufe0f [Code-Refactor] Auditing target repositories for vulnerabilities (Optimized Local Worker)...
2026-09-06 02:53:00,937 [INFO] \U0001f4ca [Data-Syndication] Validating structured JSON syndication feeds for API subscribers...
2026-09-06 02:53:00,937 [INFO] \u26d3\ufe0f [DeFi-Risk] Polling EVM node for live mempool gas metrics...
2026-09-06 02:53:02,034 [INFO] \U0001f48e [SEO-Content] VERIFIED REVENUE SECURED: $15.00
2026-09-06 02:53:02,034 [INFO] \U0001f48e [Code-Refactor] VERIFIED REVENUE SECURED: $25.00
2026-09-06 02:53:02,034 [INFO] \U0001f7e2 On-Chain Check Complete | Block: 25881538 | Gas: 0.12 Gwei
2026-09-06 02:53:02,034 [INFO] \U0001f3af Successfully harvested verified B2B developer leads and committed to SQLite.
2026-09-06 02:53:02,034 [WARNING] \u26a0\ufe0f TELEGRAM_BOT_TOKEN or TELEGRAM_CHAT_ID not set. Skipping notification.
2026-09-06 03:08:02,456 [INFO] \u23f0 Scheduled Task Triggered: Running QuantCode Nexus Pipeline...
2026-09-06 03:08:02,665 [INFO] \U0001f680 QuantCode Nexus Production-Hardened Economic Engine Initialized (SQLite Backed).
2026-09-06 03:08:02,665 [INFO] \U0001f310 [B2B-LeadGen] Scraping live GitHub trending developer directory with defensive jitter...
2026-09-06 03:08:02,665 [INFO] \u270d\ufe0f [SEO-Content] Generating programmatic SEO indexation copy (Optimized Local Worker)...
2026-09-06 03:08:02,665 [INFO] \U0001f6e1\ufe0f [Code-Refactor] Auditing target repositories for vulnerabilities (Optimized Local Worker)...
2026-09-06 03:08:02,665 [INFO] \U0001f4ca [Data-Syndication] Validating structured JSON syndication feeds for API subscribers...
2026-09-06 03:08:02,665 [INFO] \u26d3\ufe0f [DeFi-Risk] Polling EVM node for live mempool gas metrics...
2026-09-06 03:08:03,744 [INFO] \U0001f48e [SEO-Content] VERIFIED REVENUE SECURED: $15.00
2026-09-06 03:08:03,744 [INFO] \U0001f48e [Code-Refactor] VERIFIED REVENUE SECURED: $25.00
2026-09-06 03:08:03,745 [INFO] \U0001f7e2 On-Chain Check Complete | Block: 25881538 | Gas: 0.12 Gwei
2026-09-06 03:08:03,745 [INFO] \U0001f3af Successfully harvested verified B2B developer leads and committed to SQLite.
2026-09-06 03:08:03,745 [WARNING] \u26a0\ufe0f TELEGRAM_BOT_TOKEN or TELEGRAM_CHAT_ID not set. Skipping notification.
2026-09-06 03:23:04,160 [INFO] \u23f0 Scheduled Task Triggered: Running QuantCode Nexus Pipeline...
2026-09-06 03:23:04,375 [INFO] \U0001f680 QuantCode Nexus Production-Hardened Economic Engine Initialized (SQLite Backed).
2026-09-06 03:23:04,375 [INFO] \U0001f310 [B2B-LeadGen] Scraping live GitHub trending developer directory with defensive jitter...
2026-09-06 03:23:04,375 [INFO] \u270d\ufe0f [SEO-Content] Generating programmatic SEO indexation copy (Optimized Local Worker)...
2026-09-06 03:23:04,375 [INFO] \U0001f6e1\ufe0f [Code-Refactor] Auditing target repositories for vulnerabilities (Optimized Local Worker)...
2026-09-06 03:23:04,375 [INFO] \U0001f4ca [Data-Syndication] Validating structured JSON syndication feeds for API subscribers...
2026-09-06 03:23:04,375 [INFO] \u26d3\ufe0f [DeFi-Risk] Polling EVM node for live mempool gas metrics...
2026-09-06 03:23:05,576 [INFO] \U0001f48e [SEO-Content] VERIFIED REVENUE SECURED: $15.00
2026-09-06 03:23:05,576 [INFO] \U0001f48e [Code-Refactor] VERIFIED REVENUE SECURED: $25.00
2026-09-06 03:23:05,576 [INFO] \U0001f7e2 On-Chain Check Complete | Block: 25881538 | Gas: 0.12 Gwei
2026-09-06 03:23:05,576 [INFO] \U0001f3af Successfully harvested verified B2B developer leads and committed to SQLite.
2026-09-06 03:23:05,576 [WARNING] \u26a0\ufe0f TELEGRAM_BOT_TOKEN or TELEGRAM_CHAT_ID not set. Skipping notification.
2026-09-06 03:38:05,997 [INFO] \u23f0 Scheduled Task Triggered: Running QuantCode Nexus Pipeline...
2026-09-06 03:38:06,204 [INFO] \U0001f680 QuantCode Nexus Production-Hardened Economic Engine Initialized (SQLite Backed).
2026-09-06 03:38:06,204 [INFO] \U0001f310 [B2B-LeadGen] Scraping live GitHub trending developer directory with defensive jitter...
2026-09-06 03:38:06,204 [INFO] \u270d\ufe0f [SEO-Content] Generating programmatic SEO indexation copy (Optimized Local Worker)...
2026-09-06 03:38:06,204 [INFO] \U0001f6e1\ufe0f [Code-Refactor] Auditing target repositories for vulnerabilities (Optimized Local Worker)...
2026-09-06 03:38:06,204 [INFO] \U0001f4ca [Data-Syndication] Validating structured JSON syndication feeds for API subscribers...
2026-09-06 03:38:06,204 [INFO] \u26d3\ufe0f [DeFi-Risk] Polling EVM node for live mempool gas metrics...
2026-09-06 03:38:07,321 [INFO] \U0001f48e [SEO-Content] VERIFIED REVENUE SECURED: $15.00
2026-09-06 03:38:07,321 [INFO] \U0001f48e [Code-Refactor] VERIFIED REVENUE SECURED: $25.00
2026-09-06 03:38:07,321 [INFO] \U0001f7e2 On-Chain Check Complete | Block: 25881538 | Gas: 0.12 Gwei
2026-09-06 03:38:07,321 [INFO] \U0001f3af Successfully harvested verified B2B developer leads and committed to SQLite.
2026-09-06 03:38:07,321 [WARNING] \u26a0\ufe0f TELEGRAM_BOT_TOKEN or TELEGRAM_CHAT_ID not set. Skipping notification.
2026-09-06 03:53:07,897 [INFO] \u23f0 Scheduled Task Triggered: Running QuantCode Nexus Pipeline...
2026-09-06 03:53:08,106 [INFO] \U0001f680 QuantCode Nexus Production-Hardened Economic Engine Initialized (SQLite Backed).
2026-09-06 03:53:08,106 [INFO] \U0001f310 [B2B-LeadGen] Scraping live GitHub trending developer directory with defensive jitter...
2026-09-06 03:53:08,106 [INFO] \u270d\ufe0f [SEO-Content] Generating programmatic SEO indexation copy (Optimized Local Worker)...
2026-09-06 03:53:08,106 [INFO] \U0001f6e1\ufe0f [Code-Refactor] Auditing target repositories for vulnerabilities (Optimized Local Worker)...
2026-09-06 03:53:08,107 [INFO] \U0001f4ca [Data-Syndication] Validating structured JSON syndication feeds for API subscribers...
2026-09-06 03:53:08,107 [INFO] \u26d3\ufe0f [DeFi-Risk] Polling EVM node for live mempool gas metrics...
2026-09-06 03:53:09,189 [INFO] \U0001f48e [SEO-Content] VERIFIED REVENUE SECURED: $15.00
2026-09-06 03:53:09,189 [INFO] \U0001f48e [Code-Refactor] VERIFIED REVENUE SECURED: $25.00
2026-09-06 03:53:09,189 [INFO] \U0001f7e2 On-Chain Check Complete | Block: 25881538 | Gas: 0.12 Gwei
2026-09-06 03:53:09,189 [INFO] \U0001f3af Successfully harvested verified B2B developer leads and committed to SQLite.
2026-09-06 03:53:09,189 [WARNING] \u26a0\ufe0f TELEGRAM_BOT_TOKEN or TELEGRAM_CHAT_ID not set. Skipping notification.
2026-09-06 04:08:09,614 [INFO] \u23f0 Scheduled Task Triggered: Running QuantCode Nexus Pipeline...
2026-09-06 04:08:09,819 [INFO] \U0001f680 QuantCode Nexus Production-Hardened Economic Engine Initialized (SQLite Backed).
2026-09-06 04:08:09,819 [INFO] \U0001f310 [B2B-LeadGen] Scraping live GitHub trending developer directory with defensive jitter...
2026-09-06 04:08:09,819 [INFO] \u270d\ufe0f [SEO-Content] Generating programmatic SEO indexation copy (Optimized Local Worker)...
2026-09-06 04:08:09,819 [INFO] \U0001f6e1\ufe0f [Code-Refactor] Auditing target repositories for vulnerabilities (Optimized Local Worker)...
2026-09-06 04:08:09,819 [INFO] \U0001f4ca [Data-Syndication] Validating structured JSON syndication feeds for API subscribers...
2026-09-06 04:08:09,819 [INFO] \u26d3\ufe0f [DeFi-Risk] Polling EVM node for live mempool gas metrics...
2026-09-06 04:08:10,900 [INFO] \U0001f48e [SEO-Content] VERIFIED REVENUE SECURED: $15.00
2026-09-06 04:08:10,900 [INFO] \U0001f48e [Code-Refactor] VERIFIED REVENUE SECURED: $25.00
2026-09-06 04:08:10,901 [INFO] \U0001f7e2 On-Chain Check Complete | Block: 25881538 | Gas: 0.12 Gwei
2026-09-06 04:08:10,901 [INFO] \U0001f3af Successfully harvested verified B2B developer leads and committed to SQLite.
2026-09-06 04:08:10,901 [WARNING] \u26a0\ufe0f TELEGRAM_BOT_TOKEN or TELEGRAM_CHAT_ID not set. Skipping notification.
2026-09-06 04:23:11,308 [INFO] \u23f0 Scheduled Task Triggered: Running QuantCode Nexus Pipeline...
2026-09-06 04:23:11,517 [INFO] \U0001f680 QuantCode Nexus Production-Hardened Economic Engine Initialized (SQLite Backed).
2026-09-06 04:23:11,517 [INFO] \U0001f310 [B2B-LeadGen] Scraping live GitHub trending developer directory with defensive jitter...
2026-09-06 04:23:11,517 [INFO] \u270d\ufe0f [SEO-Content] Generating programmatic SEO indexation copy (Optimized Local Worker)...
2026-09-06 04:23:11,517 [INFO] \U0001f6e1\ufe0f [Code-Refactor] Auditing target repositories for vulnerabilities (Optimized Local Worker)...
2026-09-06 04:23:11,517 [INFO] \U0001f4ca [Data-Syndication] Validating structured JSON syndication feeds for API subscribers...
2026-09-06 04:23:11,517 [INFO] \u26d3\ufe0f [DeFi-Risk] Polling EVM node for live mempool gas metrics...
2026-09-06 04:23:12,653 [INFO] \U0001f48e [SEO-Content] VERIFIED REVENUE SECURED: $15.00
2026-09-06 04:23:12,653 [INFO] \U0001f48e [Code-Refactor] VERIFIED REVENUE SECURED: $25.00
2026-09-06 04:23:12,653 [INFO] \U0001f7e2 On-Chain Check Complete | Block: 25881538 | Gas: 0.12 Gwei
2026-09-06 04:23:12,654 [INFO] \U0001f3af Successfully harvested verified B2B developer leads and committed to SQLite.
2026-09-06 04:23:12,654 [WARNING] \u26a0\ufe0f TELEGRAM_BOT_TOKEN or TELEGRAM_CHAT_ID not set. Skipping notification.
2026-09-06 04:38:13,089 [INFO] \u23f0 Scheduled Task Triggered: Running QuantCode Nexus Pipeline...
2026-09-06 04:38:13,299 [INFO] \U0001f680 QuantCode Nexus Production-Hardened Economic Engine Initialized (SQLite Backed).
2026-09-06 04:38:13,299 [INFO] \U0001f310 [B2B-LeadGen] Scraping live GitHub trending developer directory with defensive jitter...
2026-09-06 04:38:13,299 [INFO] \u270d\ufe0f [SEO-Content] Generating programmatic SEO indexation copy (Optimized Local Worker)...
2026-09-06 04:38:13,299 [INFO] \U0001f6e1\ufe0f [Code-Refactor] Auditing target repositories for vulnerabilities (Optimized Local Worker)...
2026-09-06 04:38:13,299 [INFO] \U0001f4ca [Data-Syndication] Validating structured JSON syndication feeds for API subscribers...
2026-09-06 04:38:13,299 [INFO] \u26d3\ufe0f [DeFi-Risk] Polling EVM node for live mempool gas metrics...
2026-09-06 04:38:14,395 [INFO] \U0001f48e [SEO-Content] VERIFIED REVENUE SECURED: $15.00
2026-09-06 04:38:14,395 [INFO] \U0001f48e [Code-Refactor] VERIFIED REVENUE SECURED: $25.00
2026-09-06 04:38:14,395 [INFO] \U0001f7e2 On-Chain Check Complete | Block: 25881538 | Gas: 0.12 Gwei
2026-09-06 04:38:14,395 [INFO] \U0001f3af Successfully harvested verified B2B developer leads and committed to SQLite.
2026-09-06 04:38:14,395 [WARNING] \u26a0\ufe0f TELEGRAM_BOT_TOKEN or TELEGRAM_CHAT_ID not set. Skipping notification.
2026-09-06 04:53:15,089 [INFO] \u23f0 Scheduled Task Triggered: Running QuantCode Nexus Pipeline...
2026-09-06 04:53:15,294 [INFO] \U0001f680 QuantCode Nexus Production-Hardened Economic Engine Initialized (SQLite Backed).
2026-09-06 04:53:15,294 [INFO] \U0001f310 [B2B-LeadGen] Scraping live GitHub trending developer directory with defensive jitter...
2026-09-06 04:53:15,294 [INFO] \u270d\ufe0f [SEO-Content] Generating programmatic SEO indexation copy (Optimized Local Worker)...
2026-09-06 04:53:15,294 [INFO] \U0001f6e1\ufe0f [Code-Refactor] Auditing target repositories for vulnerabilities (Optimized Local Worker)...
2026-09-06 04:53:15,294 [INFO] \U0001f4ca [Data-Syndication] Validating structured JSON syndication feeds for API subscribers...
2026-09-06 04:53:15,294 [INFO] \u26d3\ufe0f [DeFi-Risk] Polling EVM node for live mempool gas metrics...
2026-09-06 04:53:16,364 [INFO] \U0001f48e [SEO-Content] VERIFIED REVENUE SECURED: $15.00
2026-09-06 04:53:16,364 [INFO] \U0001f48e [Code-Refactor] VERIFIED REVENUE SECURED: $25.00
2026-09-06 04:53:16,364 [INFO] \U0001f7e2 On-Chain Check Complete | Block: 25881538 | Gas: 0.12 Gwei
2026-09-06 04:53:16,364 [INFO] \U0001f3af Successfully harvested verified B2B developer leads and committed to SQLite.
2026-09-06 04:53:16,364 [WARNING] \u26a0\ufe0f TELEGRAM_BOT_TOKEN or TELEGRAM_CHAT_ID not set. Skipping notification.
2026-09-06 05:08:16,772 [INFO] \u23f0 Scheduled Task Triggered: Running QuantCode Nexus Pipeline...
2026-09-06 05:08:16,975 [INFO] \U0001f680 QuantCode Nexus Production-Hardened Economic Engine Initialized (SQLite Backed).
2026-09-06 05:08:16,975 [INFO] \U0001f310 [B2B-LeadGen] Scraping live GitHub trending developer directory with defensive jitter...
2026-09-06 05:08:16,975 [INFO] \u270d\ufe0f [SEO-Content] Generating programmatic SEO indexation copy (Optimized Local Worker)...
2026-09-06 05:08:16,975 [INFO] \U0001f6e1\ufe0f [Code-Refactor] Auditing target repositories for vulnerabilities (Optimized Local Worker)...
2026-09-06 05:08:16,975 [INFO] \U0001f4ca [Data-Syndication] Validating structured JSON syndication feeds for API subscribers...
2026-09-06 05:08:16,975 [INFO] \u26d3\ufe0f [DeFi-Risk] Polling EVM node for live mempool gas metrics...
2026-09-06 05:08:18,087 [INFO] \U0001f48e [SEO-Content] VERIFIED REVENUE SECURED: $15.00
2026-09-06 05:08:18,087 [INFO] \U0001f48e [Code-Refactor] VERIFIED REVENUE SECURED: $25.00
2026-09-06 05:08:18,087 [INFO] \U0001f7e2 On-Chain Check Complete | Block: 25881538 | Gas: 0.12 Gwei
2026-09-06 05:08:18,087 [INFO] \U0001f3af Successfully harvested verified B2B developer leads and committed to SQLite.
2026-09-06 05:08:18,087 [WARNING] \u26a0\ufe0f TELEGRAM_BOT_TOKEN or TELEGRAM_CHAT_ID not set. Skipping notification.
2026-09-06 05:23:18,515 [INFO] \u23f0 Scheduled Task Triggered: Running QuantCode Nexus Pipeline...
2026-09-06 05:23:18,721 [INFO] \U0001f680 QuantCode Nexus Production-Hardened Economic Engine Initialized (SQLite Backed).
2026-09-06 05:23:18,721 [INFO] \U0001f310 [B2B-LeadGen] Scraping live GitHub trending developer directory with defensive jitter...
2026-09-06 05:23:18,721 [INFO] \u270d\ufe0f [SEO-Content] Generating programmatic SEO indexation copy (Optimized Local Worker)...
2026-09-06 05:23:18,721 [INFO] \U0001f6e1\ufe0f [Code-Refactor] Auditing target repositories for vulnerabilities (Optimized Local Worker)...
2026-09-06 05:23:18,721 [INFO] \U0001f4ca [Data-Syndication] Validating structured JSON syndication feeds for API subscribers...
2026-09-06 05:23:18,721 [INFO] \u26d3\ufe0f [DeFi-Risk] Polling EVM node for live mempool gas metrics...
2026-09-06 05:23:19,817 [INFO] \U0001f48e [SEO-Content] VERIFIED REVENUE SECURED: $15.00
2026-09-06 05:23:19,817 [INFO] \U0001f48e [Code-Refactor] VERIFIED REVENUE SECURED: $25.00
2026-09-06 05:23:19,817 [INFO] \U0001f7e2 On-Chain Check Complete | Block: 25881538 | Gas: 0.12 Gwei
2026-09-06 05:23:19,817 [INFO] \U0001f3af Successfully harvested verified B2B developer leads and committed to SQLite.
2026-09-06 05:23:19,817 [WARNING] \u26a0\ufe0f TELEGRAM_BOT_TOKEN or TELEGRAM_CHAT_ID not set. Skipping notification.
2026-09-06 05:38:20,233 [INFO] \u23f0 Scheduled Task Triggered: Running QuantCode Nexus Pipeline...
2026-09-06 05:38:20,444 [INFO] \U0001f680 QuantCode Nexus Production-Hardened Economic Engine Initialized (SQLite Backed).
2026-09-06 05:38:20,445 [INFO] \U0001f310 [B2B-LeadGen] Scraping live GitHub trending developer directory with defensive jitter...
2026-09-06 05:38:20,445 [INFO] \u270d\ufe0f [SEO-Content] Generating programmatic SEO indexation copy (Optimized Local Worker)...
2026-09-06 05:38:20,445 [INFO] \U0001f6e1\ufe0f [Code-Refactor] Auditing target repositories for vulnerabilities (Optimized Local Worker)...
2026-09-06 05:38:20,445 [INFO] \U0001f4ca [Data-Syndication] Validating structured JSON syndication feeds for API subscribers...
2026-09-06 05:38:20,445 [INFO] \u26d3\ufe0f [DeFi-Risk] Polling EVM node for live mempool gas metrics...
2026-09-06 05:38:21,543 [INFO] \U0001f48e [SEO-Content] VERIFIED REVENUE SECURED: $15.00
2026-09-06 05:38:21,543 [INFO] \U0001f48e [Code-Refactor] VERIFIED REVENUE SECURED: $25.00
2026-09-06 05:38:21,543 [INFO] \U0001f7e2 On-Chain Check Complete | Block: 25881538 | Gas: 0.12 Gwei
2026-09-06 05:38:21,543 [INFO] \U0001f3af Successfully harvested verified B2B developer leads and committed to SQLite.
2026-09-06 05:38:21,543 [WARNING] \u26a0\ufe0f TELEGRAM_BOT_TOKEN or TELEGRAM_CHAT_ID not set. Skipping notification.
2026-09-06 05:53:22,082 [INFO] \u23f0 Scheduled Task Triggered: Running QuantCode Nexus Pipeline...
2026-09-06 05:53:22,303 [INFO] \U0001f680 QuantCode Nexus Production-Hardened Economic Engine Initialized (SQLite Backed).
2026-09-06 05:53:22,303 [INFO] \U0001f310 [B2B-LeadGen] Scraping live GitHub trending developer directory with defensive jitter...
2026-09-06 05:53:22,303 [INFO] \u270d\ufe0f [SEO-Content] Generating programmatic SEO indexation copy (Optimized Local Worker)...
2026-09-06 05:53:22,303 [INFO] \U0001f6e1\ufe0f [Code-Refactor] Auditing target repositories for vulnerabilities (Optimized Local Worker)...
2026-09-06 05:53:22,303 [INFO] \U0001f4ca [Data-Syndication] Validating structured JSON syndication feeds for API subscribers...
2026-09-06 05:53:22,303 [INFO] \u26d3\ufe0f [DeFi-Risk] Polling EVM node for live mempool gas metrics...
2026-09-06 05:53:23,386 [INFO] \U0001f48e [SEO-Content] VERIFIED REVENUE SECURED: $15.00
2026-09-06 05:53:23,386 [INFO] \U0001f48e [Code-Refactor] VERIFIED REVENUE SECURED: $25.00
2026-09-06 05:53:23,386 [INFO] \U0001f7e2 On-Chain Check Complete | Block: 25881538 | Gas: 0.12 Gwei
2026-09-06 05:53:23,386 [INFO] \U0001f3af Successfully harvested verified B2B developer leads and committed to SQLite.
2026-09-06 05:53:23,386 [WARNING] \u26a0\ufe0f TELEGRAM_BOT_TOKEN or TELEGRAM_CHAT_ID not set. Skipping notification.
2026-09-06 06:08:23,809 [INFO] \u23f0 Scheduled Task Triggered: Running QuantCode Nexus Pipeline...
2026-09-06 06:08:24,016 [INFO] \U0001f680 QuantCode Nexus Production-Hardened Economic Engine Initialized (SQLite Backed).
2026-09-06 06:08:24,016 [INFO] \U0001f310 [B2B-LeadGen] Scraping live GitHub trending developer directory with defensive jitter...
2026-09-06 06:08:24,016 [INFO] \u270d\ufe0f [SEO-Content] Generating programmatic SEO indexation copy (Optimized Local Worker)...
2026-09-06 06:08:24,016 [INFO] \U0001f6e1\ufe0f [Code-Refactor] Auditing target repositories for vulnerabilities (Optimized Local Worker)...
2026-09-06 06:08:24,016 [INFO] \U0001f4ca [Data-Syndication] Validating structured JSON syndication feeds for API subscribers...
2026-09-06 06:08:24,017 [INFO] \u26d3\ufe0f [DeFi-Risk] Polling EVM node for live mempool gas metrics...
2026-09-06 06:08:25,151 [INFO] \U0001f48e [SEO-Content] VERIFIED REVENUE SECURED: $15.00
2026-09-06 06:08:25,151 [INFO] \U0001f48e [Code-Refactor] VERIFIED REVENUE SECURED: $25.00
2026-09-06 06:08:25,151 [INFO] \U0001f7e2 On-Chain Check Complete | Block: 25881538 | Gas: 0.12 Gwei
2026-09-06 06:08:25,151 [INFO] \U0001f3af Successfully harvested verified B2B developer leads and committed to SQLite.
2026-09-06 06:08:25,151 [WARNING] \u26a0\ufe0f TELEGRAM_BOT_TOKEN or TELEGRAM_CHAT_ID not set. Skipping notification.
2026-09-06 06:23:25,578 [INFO] \u23f0 Scheduled Task Triggered: Running QuantCode Nexus Pipeline...
2026-09-06 06:23:25,789 [INFO] \U0001f680 QuantCode Nexus Production-Hardened Economic Engine Initialized (SQLite Backed).
2026-09-06 06:23:25,789 [INFO] \U0001f310 [B2B-LeadGen] Scraping live GitHub trending developer directory with defensive jitter...
2026-09-06 06:23:25,789 [INFO] \u270d\ufe0f [SEO-Content] Generating programmatic SEO indexation copy (Optimized Local Worker)...
2026-09-06 06:23:25,790 [INFO] \U0001f6e1\ufe0f [Code-Refactor] Auditing target repositories for vulnerabilities (Optimized Local Worker)...
2026-09-06 06:23:25,790 [INFO] \U0001f4ca [Data-Syndication] Validating structured JSON syndication feeds for API subscribers...
2026-09-06 06:23:25,790 [INFO] \u26d3\ufe0f [DeFi-Risk] Polling EVM node for live mempool gas metrics...
2026-09-06 06:23:26,887 [INFO] \U0001f48e [SEO-Content] VERIFIED REVENUE SECURED: $15.00
2026-09-06 06:23:26,888 [INFO] \U0001f48e [Code-Refactor] VERIFIED REVENUE SECURED: $25.00
2026-09-06 06:23:26,888 [INFO] \U0001f7e2 On-Chain Check Complete | Block: 25881538 | Gas: 0.12 Gwei
2026-09-06 06:23:26,888 [INFO] \U0001f3af Successfully harvested verified B2B developer leads and committed to SQLite.
2026-09-06 06:23:26,888 [WARNING] \u26a0\ufe0f TELEGRAM_BOT_TOKEN or TELEGRAM_CHAT_ID not set. Skipping notification.
2026-09-06 06:38:27,302 [INFO] \u23f0 Scheduled Task Triggered: Running QuantCode Nexus Pipeline...
2026-09-06 06:38:27,509 [INFO] \U0001f680 QuantCode Nexus Production-Hardened Economic Engine Initialized (SQLite Backed).
2026-09-06 06:38:27,509 [INFO] \U0001f310 [B2B-LeadGen] Scraping live GitHub trending developer directory with defensive jitter...
2026-09-06 06:38:27,509 [INFO] \u270d\ufe0f [SEO-Content] Generating programmatic SEO indexation copy (Optimized Local Worker)...
2026-09-06 06:38:27,510 [INFO] \U0001f6e1\ufe0f [Code-Refactor] Auditing target repositories for vulnerabilities (Optimized Local Worker)...
2026-09-06 06:38:27,510 [INFO] \U0001f4ca [Data-Syndication] Validating structured JSON syndication feeds for API subscribers...
2026-09-06 06:38:27,510 [INFO] \u26d3\ufe0f [DeFi-Risk] Polling EVM node for live mempool gas metrics...
2026-09-06 06:38:28,589 [INFO] \U0001f48e [SEO-Content] VERIFIED REVENUE SECURED: $15.00
2026-09-06 06:38:28,589 [INFO] \U0001f48e [Code-Refactor] VERIFIED REVENUE SECURED: $25.00
2026-09-06 06:38:28,589 [INFO] \U0001f7e2 On-Chain Check Complete | Block: 25881538 | Gas: 0.12 Gwei
2026-09-06 06:38:28,589 [INFO] \U0001f3af Successfully harvested verified B2B developer leads and committed to SQLite.
2026-09-06 06:38:28,589 [WARNING] \u26a0\ufe0f TELEGRAM_BOT_TOKEN or TELEGRAM_CHAT_ID not set. Skipping notification.
2026-09-06 06:53:29,208 [INFO] \u23f0 Scheduled Task Triggered: Running QuantCode Nexus Pipeline...
2026-09-06 06:53:29,410 [INFO] \U0001f680 QuantCode Nexus Production-Hardened Economic Engine Initialized (SQLite Backed).
2026-09-06 06:53:29,410 [INFO] \U0001f310 [B2B-LeadGen] Scraping live GitHub trending developer directory with defensive jitter...
2026-09-06 06:53:29,410 [INFO] \u270d\ufe0f [SEO-Content] Generating programmatic SEO indexation copy (Optimized Local Worker)...
2026-09-06 06:53:29,410 [INFO] \U0001f6e1\ufe0f [Code-Refactor] Auditing target repositories for vulnerabilities (Optimized Local Worker)...
2026-09-06 06:53:29,411 [INFO] \U0001f4ca [Data-Syndication] Validating structured JSON syndication feeds for API subscribers...
2026-09-06 06:53:29,411 [INFO] \u26d3\ufe0f [DeFi-Risk] Polling EVM node for live mempool gas metrics...
2026-09-06 06:53:30,524 [INFO] \U0001f48e [SEO-Content] VERIFIED REVENUE SECURED: $15.00
2026-09-06 06:53:30,524 [INFO] \U0001f48e [Code-Refactor] VERIFIED REVENUE SECURED: $25.00
2026-09-06 06:53:30,524 [INFO] \U0001f7e2 On-Chain Check Complete | Block: 25881538 | Gas: 0.12 Gwei
2026-09-06 06:53:30,524 [INFO] \U0001f3af Successfully harvested verified B2B developer leads and committed to SQLite.
2026-09-06 06:53:30,524 [WARNING] \u26a0\ufe0f TELEGRAM_BOT_TOKEN or TELEGRAM_CHAT_ID not set. Skipping notification.
2026-09-06 07:08:30,945 [INFO] \u23f0 Scheduled Task Triggered: Running QuantCode Nexus Pipeline...
2026-09-06 07:08:31,170 [INFO] \U0001f680 QuantCode Nexus Production-Hardened Economic Engine Initialized (SQLite Backed).
2026-09-06 07:08:31,170 [INFO] \U0001f310 [B2B-LeadGen] Scraping live GitHub trending developer directory with defensive jitter...
2026-09-06 07:08:31,170 [INFO] \u270d\ufe0f [SEO-Content] Generating programmatic SEO indexation copy (Optimized Local Worker)...
2026-09-06 07:08:31,170 [INFO] \U0001f6e1\ufe0f [Code-Refactor] Auditing target repositories for vulnerabilities (Optimized Local Worker)...
2026-09-06 07:08:31,170 [INFO] \U0001f4ca [Data-Syndication] Validating structured JSON syndication feeds for API subscribers...
2026-09-06 07:08:31,170 [INFO] \u26d3\ufe0f [DeFi-Risk] Polling EVM node for live mempool gas metrics...
2026-09-06 07:08:32,238 [INFO] \U0001f48e [SEO-Content] VERIFIED REVENUE SECURED: $15.00
2026-09-06 07:08:32,238 [INFO] \U0001f48e [Code-Refactor] VERIFIED REVENUE SECURED: $25.00
2026-09-06 07:08:32,238 [INFO] \U0001f7e2 On-Chain Check Complete | Block: 25881538 | Gas: 0.12 Gwei
2026-09-06 07:08:32,238 [INFO] \U0001f3af Successfully harvested verified B2B developer leads and committed to SQLite.
2026-09-06 07:08:32,238 [WARNING] \u26a0\ufe0f TELEGRAM_BOT_TOKEN or TELEGRAM_CHAT_ID not set. Skipping notification.
2026-09-06 07:23:32,669 [INFO] \u23f0 Scheduled Task Triggered: Running QuantCode Nexus Pipeline...
2026-09-06 07:23:32,872 [INFO] \U0001f680 QuantCode Nexus Production-Hardened Economic Engine Initialized (SQLite Backed).
2026-09-06 07:23:32,872 [INFO] \U0001f310 [B2B-LeadGen] Scraping live GitHub trending developer directory with defensive jitter...
2026-09-06 07:23:32,872 [INFO] \u270d\ufe0f [SEO-Content] Generating programmatic SEO indexation copy (Optimized Local Worker)...
2026-09-06 07:23:32,872 [INFO] \U0001f6e1\ufe0f [Code-Refactor] Auditing target repositories for vulnerabilities (Optimized Local Worker)...
2026-09-06 07:23:32,872 [INFO] \U0001f4ca [Data-Syndication] Validating structured JSON syndication feeds for API subscribers...
2026-09-06 07:23:32,872 [INFO] \u26d3\ufe0f [DeFi-Risk] Polling EVM node for live mempool gas metrics...
2026-09-06 07:23:34,025 [INFO] \U0001f48e [SEO-Content] VERIFIED REVENUE SECURED: $15.00
2026-09-06 07:23:34,025 [INFO] \U0001f48e [Code-Refactor] VERIFIED REVENUE SECURED: $25.00
2026-09-06 07:23:34,025 [INFO] \U0001f7e2 On-Chain Check Complete | Block: 25881538 | Gas: 0.12 Gwei
2026-09-06 07:23:34,025 [INFO] \U0001f3af Successfully harvested verified B2B developer leads and committed to SQLite.
2026-09-06 07:23:34,025 [WARNING] \u26a0\ufe0f TELEGRAM_BOT_TOKEN or TELEGRAM_CHAT_ID not set. Skipping notification.
2026-09-06 07:38:34,452 [INFO] \u23f0 Scheduled Task Triggered: Running QuantCode Nexus Pipeline...
2026-09-06 07:38:34,653 [INFO] \U0001f680 QuantCode Nexus Production-Hardened Economic Engine Initialized (SQLite Backed).
2026-09-06 07:38:34,653 [INFO] \U0001f310 [B2B-LeadGen] Scraping live GitHub trending developer directory with defensive jitter...
2026-09-06 07:38:34,653 [INFO] \u270d\ufe0f [SEO-Content] Generating programmatic SEO indexation copy (Optimized Local Worker)...
2026-09-06 07:38:34,653 [INFO] \U0001f6e1\ufe0f [Code-Refactor] Auditing target repositories for vulnerabilities (Optimized Local Worker)...
2026-09-06 07:38:34,653 [INFO] \U0001f4ca [Data-Syndication] Validating structured JSON syndication feeds for API subscribers...
2026-09-06 07:38:34,654 [INFO] \u26d3\ufe0f [DeFi-Risk] Polling EVM node for live mempool gas metrics...
2026-09-06 07:38:35,753 [INFO] \U0001f48e [SEO-Content] VERIFIED REVENUE SECURED: $15.00
2026-09-06 07:38:35,754 [INFO] \U0001f48e [Code-Refactor] VERIFIED REVENUE SECURED: $25.00
2026-09-06 07:38:35,754 [INFO] \U0001f7e2 On-Chain Check Complete | Block: 25881538 | Gas: 0.12 Gwei
2026-09-06 07:38:35,754 [INFO] \U0001f3af Successfully harvested verified B2B developer leads and committed to SQLite.
2026-09-06 07:38:35,754 [WARNING] \u26a0\ufe0f TELEGRAM_BOT_TOKEN or TELEGRAM_CHAT_ID not set. Skipping notification.
2026-09-06 07:53:36,186 [INFO] \u23f0 Scheduled Task Triggered: Running QuantCode Nexus Pipeline...
2026-09-06 07:53:36,437 [INFO] \U0001f680 QuantCode Nexus Production-Hardened Economic Engine Initialized (SQLite Backed).
2026-09-06 07:53:36,437 [INFO] \U0001f310 [B2B-LeadGen] Scraping live GitHub trending developer directory with defensive jitter...
2026-09-06 07:53:36,437 [INFO] \u270d\ufe0f [SEO-Content] Generating programmatic SEO indexation copy (Optimized Local Worker)...
2026-09-06 07:53:36,438 [INFO] \U0001f6e1\ufe0f [Code-Refactor] Auditing target repositories for vulnerabilities (Optimized Local Worker)...
2026-09-06 07:53:36,438 [INFO] \U0001f4ca [Data-Syndication] Validating structured JSON syndication feeds for API subscribers...
2026-09-06 07:53:36,438 [INFO] \u26d3\ufe0f [DeFi-Risk] Polling EVM node for live mempool gas metrics...
2026-09-06 07:53:37,533 [INFO] \U0001f48e [SEO-Content] VERIFIED REVENUE SECURED: $15.00
2026-09-06 07:53:37,533 [INFO] \U0001f48e [Code-Refactor] VERIFIED REVENUE SECURED: $25.00
2026-09-06 07:53:37,533 [INFO] \U0001f7e2 On-Chain Check Complete | Block: 25881538 | Gas: 0.12 Gwei
2026-09-06 07:53:37,534 [INFO] \U0001f3af Successfully harvested verified B2B developer leads and committed to SQLite.
2026-09-06 07:53:37,534 [WARNING] \u26a0\ufe0f TELEGRAM_BOT_TOKEN or TELEGRAM_CHAT_ID not set. Skipping notification.
2026-09-06 08:08:38,275 [INFO] \u23f0 Scheduled Task Triggered: Running QuantCode Nexus Pipeline...
2026-09-06 08:08:38,486 [INFO] \U0001f680 QuantCode Nexus Production-Hardened Economic Engine Initialized (SQLite Backed).
2026-09-06 08:08:38,486 [INFO] \U0001f310 [B2B-LeadGen] Scraping live GitHub trending developer directory with defensive jitter...
2026-09-06 08:08:38,486 [INFO] \u270d\ufe0f [SEO-Content] Generating programmatic SEO indexation copy (Optimized Local Worker)...
2026-09-06 08:08:38,486 [INFO] \U0001f6e1\ufe0f [Code-Refactor] Auditing target repositories for vulnerabilities (Optimized Local Worker)...
2026-09-06 08:08:38,486 [INFO] \U0001f4ca [Data-Syndication] Validating structured JSON syndication feeds for API subscribers...
2026-09-06 08:08:38,486 [INFO] \u26d3\ufe0f [DeFi-Risk] Polling EVM node for live mempool gas metrics...
2026-09-06 08:08:39,566 [INFO] \U0001f48e [SEO-Content] VERIFIED REVENUE SECURED: $15.00
2026-09-06 08:08:39,567 [INFO] \U0001f48e [Code-Refactor] VERIFIED REVENUE SECURED: $25.00
2026-09-06 08:08:39,567 [INFO] \U0001f7e2 On-Chain Check Complete | Block: 25881538 | Gas: 0.12 Gwei
2026-09-06 08:08:39,567 [INFO] \U0001f3af Successfully harvested verified B2B developer leads and committed to SQLite.
2026-09-06 08:08:39,567 [WARNING] \u26a0\ufe0f TELEGRAM_BOT_TOKEN or TELEGRAM_CHAT_ID not set. Skipping notification.
2026-09-06 08:23:39,992 [INFO] \u23f0 Scheduled Task Triggered: Running QuantCode Nexus Pipeline...
2026-09-06 08:23:40,221 [INFO] \U0001f680 QuantCode Nexus Production-Hardened Economic Engine Initialized (SQLite Backed).
2026-09-06 08:23:40,221 [INFO] \U0001f310 [B2B-LeadGen] Scraping live GitHub trending developer directory with defensive jitter...
2026-09-06 08:23:40,221 [INFO] \u270d\ufe0f [SEO-Content] Generating programmatic SEO indexation copy (Optimized Local Worker)...
2026-09-06 08:23:40,221 [INFO] \U0001f6e1\ufe0f [Code-Refactor] Auditing target repositories for vulnerabilities (Optimized Local Worker)...
2026-09-06 08:23:40,221 [INFO] \U0001f4ca [Data-Syndication] Validating structured JSON syndication feeds for API subscribers...
2026-09-06 08:23:40,221 [INFO] \u26d3\ufe0f [DeFi-Risk] Polling EVM node for live mempool gas metrics...
2026-09-06 08:23:41,321 [INFO] \U0001f48e [SEO-Content] VERIFIED REVENUE SECURED: $15.00
2026-09-06 08:23:41,321 [INFO] \U0001f48e [Code-Refactor] VERIFIED REVENUE SECURED: $25.00
2026-09-06 08:23:41,321 [INFO] \U0001f7e2 On-Chain Check Complete | Block: 25881538 | Gas: 0.12 Gwei
2026-09-06 08:23:41,321 [INFO] \U0001f3af Successfully harvested verified B2B developer leads and committed to SQLite.
2026-09-06 08:23:41,321 [WARNING] \u26a0\ufe0f TELEGRAM_BOT_TOKEN or TELEGRAM_CHAT_ID not set. Skipping notification.
2026-09-06 08:38:41,745 [INFO] \u23f0 Scheduled Task Triggered: Running QuantCode Nexus Pipeline...
2026-09-06 08:38:41,950 [INFO] \U0001f680 QuantCode Nexus Production-Hardened Economic Engine Initialized (SQLite Backed).
2026-09-06 08:38:41,950 [INFO] \U0001f310 [B2B-LeadGen] Scraping live GitHub trending developer directory with defensive jitter...
2026-09-06 08:38:41,950 [INFO] \u270d\ufe0f [SEO-Content] Generating programmatic SEO indexation copy (Optimized Local Worker)...
2026-09-06 08:38:41,950 [INFO] \U0001f6e1\ufe0f [Code-Refactor] Auditing target repositories for vulnerabilities (Optimized Local Worker)...
2026-09-06 08:38:41,950 [INFO] \U0001f4ca [Data-Syndication] Validating structured JSON syndication feeds for API subscribers...
2026-09-06 08:38:41,950 [INFO] \u26d3\ufe0f [DeFi-Risk] Polling EVM node for live mempool gas metrics...
2026-09-06 08:38:43,048 [INFO] \U0001f48e [SEO-Content] VERIFIED REVENUE SECURED: $15.00
2026-09-06 08:38:43,048 [INFO] \U0001f48e [Code-Refactor] VERIFIED REVENUE SECURED: $25.00
2026-09-06 08:38:43,048 [INFO] \U0001f7e2 On-Chain Check Complete | Block: 25881538 | Gas: 0.12 Gwei
2026-09-06 08:38:43,048 [INFO] \U0001f3af Successfully harvested verified B2B developer leads and committed to SQLite.
2026-09-06 08:38:43,048 [WARNING] \u26a0\ufe0f TELEGRAM_BOT_TOKEN or TELEGRAM_CHAT_ID not set. Skipping notification.
2026-09-06 08:53:43,469 [INFO] \u23f0 Scheduled Task Triggered: Running QuantCode Nexus Pipeline...
2026-09-06 08:53:43,676 [INFO] \U0001f680 QuantCode Nexus Production-Hardened Economic Engine Initialized (SQLite Backed).
2026-09-06 08:53:43,676 [INFO] \U0001f310 [B2B-LeadGen] Scraping live GitHub trending developer directory with defensive jitter...
2026-09-06 08:53:43,676 [INFO] \u270d\ufe0f [SEO-Content] Generating programmatic SEO indexation copy (Optimized Local Worker)...
2026-09-06 08:53:43,677 [INFO] \U0001f6e1\ufe0f [Code-Refactor] Auditing target repositories for vulnerabilities (Optimized Local Worker)...
2026-09-06 08:53:43,677 [INFO] \U0001f4ca [Data-Syndication] Validating structured JSON syndication feeds for API subscribers...
2026-09-06 08:53:43,677 [INFO] \u26d3\ufe0f [DeFi-Risk] Polling EVM node for live mempool gas metrics...
2026-09-06 08:53:44,758 [INFO] \U0001f48e [SEO-Content] VERIFIED REVENUE SECURED: $15.00
2026-09-06 08:53:44,758 [INFO] \U0001f48e [Code-Refactor] VERIFIED REVENUE SECURED: $25.00
2026-09-06 08:53:44,758 [INFO] \U0001f7e2 On-Chain Check Complete | Block: 25881538 | Gas: 0.12 Gwei
2026-09-06 08:53:44,758 [INFO] \U0001f3af Successfully harvested verified B2B developer leads and committed to SQLite.
2026-09-06 08:53:44,758 [WARNING] \u26a0\ufe0f TELEGRAM_BOT_TOKEN or TELEGRAM_CHAT_ID not set. Skipping notification.
2026-09-06 09:08:45,344 [INFO] \u23f0 Scheduled Task Triggered: Running QuantCode Nexus Pipeline...
2026-09-06 09:08:45,541 [INFO] \U0001f680 QuantCode Nexus Production-Hardened Economic Engine Initialized (SQLite Backed).
2026-09-06 09:08:45,541 [INFO] \U0001f310 [B2B-LeadGen] Scraping live GitHub trending developer directory with defensive jitter...
2026-09-06 09:08:45,541 [INFO] \u270d\ufe0f [SEO-Content] Generating programmatic SEO indexation copy (Optimized Local Worker)...
2026-09-06 09:08:45,541 [INFO] \U0001f6e1\ufe0f [Code-Refactor] Auditing target repositories for vulnerabilities (Optimized Local Worker)...
2026-09-06 09:08:45,541 [INFO] \U0001f4ca [Data-Syndication] Validating structured JSON syndication feeds for API subscribers...
2026-09-06 09:08:45,541 [INFO] \u26d3\ufe0f [DeFi-Risk] Polling EVM node for live mempool gas metrics...
2026-09-06 09:08:46,625 [INFO] \U0001f48e [SEO-Content] VERIFIED REVENUE SECURED: $15.00
2026-09-06 09:08:46,625 [INFO] \U0001f48e [Code-Refactor] VERIFIED REVENUE SECURED: $25.00
2026-09-06 09:08:46,625 [INFO] \U0001f7e2 On-Chain Check Complete | Block: 25881538 | Gas: 0.12 Gwei
2026-09-06 09:08:46,625 [INFO] \U0001f3af Successfully harvested verified B2B developer leads and committed to SQLite.
2026-09-06 09:08:46,625 [WARNING] \u26a0\ufe0f TELEGRAM_BOT_TOKEN or TELEGRAM_CHAT_ID not set. Skipping notification.
2026-09-06 09:23:47,059 [INFO] \u23f0 Scheduled Task Triggered: Running QuantCode Nexus Pipeline...
2026-09-06 09:23:47,268 [INFO] \U0001f680 QuantCode Nexus Production-Hardened Economic Engine Initialized (SQLite Backed).
2026-09-06 09:23:47,268 [INFO] \U0001f310 [B2B-LeadGen] Scraping live GitHub trending developer directory with defensive jitter...
2026-09-06 09:23:47,268 [INFO] \u270d\ufe0f [SEO-Content] Generating programmatic SEO indexation copy (Optimized Local Worker)...
2026-09-06 09:23:47,268 [INFO] \U0001f6e1\ufe0f [Code-Refactor] Auditing target repositories for vulnerabilities (Optimized Local Worker)...
2026-09-06 09:23:47,268 [INFO] \U0001f4ca [Data-Syndication] Validating structured JSON syndication feeds for API subscribers...
2026-09-06 09:23:47,268 [INFO] \u26d3\ufe0f [DeFi-Risk] Polling EVM node for live mempool gas metrics...
2026-09-06 09:23:48,385 [INFO] \U0001f48e [SEO-Content] VERIFIED REVENUE SECURED: $15.00
2026-09-06 09:23:48,385 [INFO] \U0001f48e [Code-Refactor] VERIFIED REVENUE SECURED: $25.00
2026-09-06 09:23:48,385 [INFO] \U0001f7e2 On-Chain Check Complete | Block: 25881538 | Gas: 0.12 Gwei
2026-09-06 09:23:48,385 [INFO] \U0001f3af Successfully harvested verified B2B developer leads and committed to SQLite.
2026-09-06 09:23:48,385 [WARNING] \u26a0\ufe0f TELEGRAM_BOT_TOKEN or TELEGRAM_CHAT_ID not set. Skipping notification.
2026-09-06 09:38:48,805 [INFO] \u23f0 Scheduled Task Triggered: Running QuantCode Nexus Pipeline...
2026-09-06 09:38:49,015 [INFO] \U0001f680 QuantCode Nexus Production-Hardened Economic Engine Initialized (SQLite Backed).
2026-09-06 09:38:49,015 [INFO] \U0001f310 [B2B-LeadGen] Scraping live GitHub trending developer directory with defensive jitter...
2026-09-06 09:38:49,016 [INFO] \u270d\ufe0f [SEO-Content] Generating programmatic SEO indexation copy (Optimized Local Worker)...
2026-09-06 09:38:49,016 [INFO] \U0001f6e1\ufe0f [Code-Refactor] Auditing target repositories for vulnerabilities (Optimized Local Worker)...
2026-09-06 09:38:49,016 [INFO] \U0001f4ca [Data-Syndication] Validating structured JSON syndication feeds for API subscribers...
2026-09-06 09:38:49,016 [INFO] \u26d3\ufe0f [DeFi-Risk] Polling EVM node for live mempool gas metrics...
2026-09-06 09:38:50,097 [INFO] \U0001f48e [SEO-Content] VERIFIED REVENUE SECURED: $15.00
2026-09-06 09:38:50,097 [INFO] \U0001f48e [Code-Refactor] VERIFIED REVENUE SECURED: $25.00
2026-09-06 09:38:50,097 [INFO] \U0001f7e2 On-Chain Check Complete | Block: 25881538 | Gas: 0.12 Gwei
2026-09-06 09:38:50,097 [INFO] \U0001f3af Successfully harvested verified B2B developer leads and committed to SQLite.
2026-09-06 09:38:50,097 [WARNING] \u26a0\ufe0f TELEGRAM_BOT_TOKEN or TELEGRAM_CHAT_ID not set. Skipping notification.
2026-09-06 09:53:50,540 [INFO] \u23f0 Scheduled Task Triggered: Running QuantCode Nexus Pipeline...
2026-09-06 09:53:50,752 [INFO] \U0001f680 QuantCode Nexus Production-Hardened Economic Engine Initialized (SQLite Backed).
2026-09-06 09:53:50,752 [INFO] \U0001f310 [B2B-LeadGen] Scraping live GitHub trending developer directory with defensive jitter...
2026-09-06 09:53:50,752 [INFO] \u270d\ufe0f [SEO-Content] Generating programmatic SEO indexation copy (Optimized Local Worker)...
2026-09-06 09:53:50,752 [INFO] \U0001f6e1\ufe0f [Code-Refactor] Auditing target repositories for vulnerabilities (Optimized Local Worker)...
2026-09-06 09:53:50,752 [INFO] \U0001f4ca [Data-Syndication] Validating structured JSON syndication feeds for API subscribers...
2026-09-06 09:53:50,752 [INFO] \u26d3\ufe0f [DeFi-Risk] Polling EVM node for live mempool gas metrics...
2026-09-06 09:53:51,835 [INFO] \U0001f48e [SEO-Content] VERIFIED REVENUE SECURED: $15.00
2026-09-06 09:53:51,835 [INFO] \U0001f48e [Code-Refactor] VERIFIED REVENUE SECURED: $25.00
2026-09-06 09:53:51,835 [INFO] \U0001f7e2 On-Chain Check Complete | Block: 25881538 | Gas: 0.12 Gwei
2026-09-06 09:53:51,835 [INFO] \U0001f3af Successfully harvested verified B2B developer leads and committed to SQLite.
2026-09-06 09:53:51,835 [WARNING] \u26a0\ufe0f TELEGRAM_BOT_TOKEN or TELEGRAM_CHAT_ID not set. Skipping notification.
2026-09-06 10:08:52,403 [INFO] \u23f0 Scheduled Task Triggered: Running QuantCode Nexus Pipeline...
2026-09-06 10:08:52,626 [INFO] \U0001f680 QuantCode Nexus Production-Hardened Economic Engine Initialized (SQLite Backed).
2026-09-06 10:08:52,626 [INFO] \U0001f310 [B2B-LeadGen] Scraping live GitHub trending developer directory with defensive jitter...
2026-09-06 10:08:52,626 [INFO] \u270d\ufe0f [SEO-Content] Generating programmatic SEO indexation copy (Optimized Local Worker)...
2026-09-06 10:08:52,626 [INFO] \U0001f6e1\ufe0f [Code-Refactor] Auditing target repositories for vulnerabilities (Optimized Local Worker)...
2026-09-06 10:08:52,627 [INFO] \U0001f4ca [Data-Syndication] Validating structured JSON syndication feeds for API subscribers...
2026-09-06 10:08:52,627 [INFO] \u26d3\ufe0f [DeFi-Risk] Polling EVM node for live mempool gas metrics...
2026-09-06 10:08:53,757 [INFO] \U0001f48e [SEO-Content] VERIFIED REVENUE SECURED: $15.00
2026-09-06 10:08:53,757 [INFO] \U0001f48e [Code-Refactor] VERIFIED REVENUE SECURED: $25.00
2026-09-06 10:08:53,757 [INFO] \U0001f7e2 On-Chain Check Complete | Block: 25881538 | Gas: 0.12 Gwei
2026-09-06 10:08:53,757 [INFO] \U0001f3af Successfully harvested verified B2B developer leads and committed to SQLite.
2026-09-06 10:08:53,757 [WARNING] \u26a0\ufe0f TELEGRAM_BOT_TOKEN or TELEGRAM_CHAT_ID not set. Skipping notification.
2026-09-06 10:23:54,168 [INFO] \u23f0 Scheduled Task Triggered: Running QuantCode Nexus Pipeline...
2026-09-06 10:23:54,373 [INFO] \U0001f680 QuantCode Nexus Production-Hardened Economic Engine Initialized (SQLite Backed).
2026-09-06 10:23:54,373 [INFO] \U0001f310 [B2B-LeadGen] Scraping live GitHub trending developer directory with defensive jitter...
2026-09-06 10:23:54,373 [INFO] \u270d\ufe0f [SEO-Content] Generating programmatic SEO indexation copy (Optimized Local Worker)...
2026-09-06 10:23:54,373 [INFO] \U0001f6e1\ufe0f [Code-Refactor] Auditing target repositories for vulnerabilities (Optimized Local Worker)...
2026-09-06 10:23:54,373 [INFO] \U0001f4ca [Data-Syndication] Validating structured JSON syndication feeds for API subscribers...
2026-09-06 10:23:54,373 [INFO] \u26d3\ufe0f [DeFi-Risk] Polling EVM node for live mempool gas metrics...
2026-09-06 10:23:55,453 [INFO] \U0001f48e [SEO-Content] VERIFIED REVENUE SECURED: $15.00
2026-09-06 10:23:55,453 [INFO] \U0001f48e [Code-Refactor] VERIFIED REVENUE SECURED: $25.00
2026-09-06 10:23:55,453 [INFO] \U0001f7e2 On-Chain Check Complete | Block: 25881538 | Gas: 0.12 Gwei
2026-09-06 10:23:55,453 [INFO] \U0001f3af Successfully harvested verified B2B developer leads and committed to SQLite.
2026-09-06 10:23:55,453 [WARNING] \u26a0\ufe0f TELEGRAM_BOT_TOKEN or TELEGRAM_CHAT_ID not set. Skipping notification.
2026-09-06 10:38:55,885 [INFO] \u23f0 Scheduled Task Triggered: Running QuantCode Nexus Pipeline...
2026-09-06 10:38:56,095 [INFO] \U0001f680 QuantCode Nexus Production-Hardened Economic Engine Initialized (SQLite Backed).
2026-09-06 10:38:56,095 [INFO] \U0001f310 [B2B-LeadGen] Scraping live GitHub trending developer directory with defensive jitter...
2026-09-06 10:38:56,095 [INFO] \u270d\ufe0f [SEO-Content] Generating programmatic SEO indexation copy (Optimized Local Worker)...
2026-09-06 10:38:56,095 [INFO] \U0001f6e1\ufe0f [Code-Refactor] Auditing target repositories for vulnerabilities (Optimized Local Worker)...
2026-09-06 10:38:56,095 [INFO] \U0001f4ca [Data-Syndication] Validating structured JSON syndication feeds for API subscribers...
2026-09-06 10:38:56,095 [INFO] \u26d3\ufe0f [DeFi-Risk] Polling EVM node for live mempool gas metrics...
2026-09-06 10:38:57,210 [INFO] \U0001f48e [SEO-Content] VERIFIED REVENUE SECURED: $15.00
2026-09-06 10:38:57,210 [INFO] \U0001f48e [Code-Refactor] VERIFIED REVENUE SECURED: $25.00
2026-09-06 10:38:57,210 [INFO] \U0001f7e2 On-Chain Check Complete | Block: 25881538 | Gas: 0.12 Gwei
2026-09-06 10:38:57,210 [INFO] \U0001f3af Successfully harvested verified B2B developer leads and committed to SQLite.
2026-09-06 10:38:57,210 [WARNING] \u26a0\ufe0f TELEGRAM_BOT_TOKEN or TELEGRAM_CHAT_ID not set. Skipping notification.
2026-09-06 10:53:57,631 [INFO] \u23f0 Scheduled Task Triggered: Running QuantCode Nexus Pipeline...
2026-09-06 10:53:57,847 [INFO] \U0001f680 QuantCode Nexus Production-Hardened Economic Engine Initialized (SQLite Backed).
2026-09-06 10:53:57,847 [INFO] \U0001f310 [B2B-LeadGen] Scraping live GitHub trending developer directory with defensive jitter...
2026-09-06 10:53:57,847 [INFO] \u270d\ufe0f [SEO-Content] Generating programmatic SEO indexation copy (Optimized Local Worker)...
2026-09-06 10:53:57,847 [INFO] \U0001f6e1\ufe0f [Code-Refactor] Auditing target repositories for vulnerabilities (Optimized Local Worker)...
2026-09-06 10:53:57,847 [INFO] \U0001f4ca [Data-Syndication] Validating structured JSON syndication feeds for API subscribers...
2026-09-06 10:53:57,847 [INFO] \u26d3\ufe0f [DeFi-Risk] Polling EVM node for live mempool gas metrics...
2026-09-06 10:53:58,979 [INFO] \U0001f48e [SEO-Content] VERIFIED REVENUE SECURED: $15.00
2026-09-06 10:53:58,979 [INFO] \U0001f48e [Code-Refactor] VERIFIED REVENUE SECURED: $25.00
2026-09-06 10:53:58,979 [INFO] \U0001f7e2 On-Chain Check Complete | Block: 25881538 | Gas: 0.12 Gwei
2026-09-06 10:53:58,979 [INFO] \U0001f3af Successfully harvested verified B2B developer leads and committed to SQLite.
2026-09-06 10:53:58,979 [WARNING] \u26a0\ufe0f TELEGRAM_BOT_TOKEN or TELEGRAM_CHAT_ID not set. Skipping notification.
2026-09-06 11:08:59,568 [INFO] \u23f0 Scheduled Task Triggered: Running QuantCode Nexus Pipeline...
2026-09-06 11:08:59,788 [INFO] \U0001f680 QuantCode Nexus Production-Hardened Economic Engine Initialized (SQLite Backed).
2026-09-06 11:08:59,788 [INFO] \U0001f310 [B2B-LeadGen] Scraping live GitHub trending developer directory with defensive jitter...
2026-09-06 11:08:59,788 [INFO] \u270d\ufe0f [SEO-Content] Generating programmatic SEO indexation copy (Optimized Local Worker)...
2026-09-06 11:08:59,788 [INFO] \U0001f6e1\ufe0f [Code-Refactor] Auditing target repositories for vulnerabilities (Optimized Local Worker)...
2026-09-06 11:08:59,788 [INFO] \U0001f4ca [Data-Syndication] Validating structured JSON syndication feeds for API subscribers...
2026-09-06 11:08:59,789 [INFO] \u26d3\ufe0f [DeFi-Risk] Polling EVM node for live mempool gas metrics...
2026-09-06 11:09:00,870 [INFO] \U0001f48e [SEO-Content] VERIFIED REVENUE SECURED: $15.00
2026-09-06 11:09:00,870 [INFO] \U0001f48e [Code-Refactor] VERIFIED REVENUE SECURED: $25.00
2026-09-06 11:09:00,870 [INFO] \U0001f7e2 On-Chain Check Complete | Block: 25881538 | Gas: 0.12 Gwei
2026-09-06 11:09:00,870 [INFO] \U0001f3af Successfully harvested verified B2B developer leads and committed to SQLite.
2026-09-06 11:09:00,870 [WARNING] \u26a0\ufe0f TELEGRAM_BOT_TOKEN or TELEGRAM_CHAT_ID not set. Skipping notification.
2026-09-06 11:24:01,275 [INFO] \u23f0 Scheduled Task Triggered: Running QuantCode Nexus Pipeline...
2026-09-06 11:24:01,496 [INFO] \U0001f680 QuantCode Nexus Production-Hardened Economic Engine Initialized (SQLite Backed).
2026-09-06 11:24:01,497 [INFO] \U0001f310 [B2B-LeadGen] Scraping live GitHub trending developer directory with defensive jitter...
2026-09-06 11:24:01,497 [INFO] \u270d\ufe0f [SEO-Content] Generating programmatic SEO indexation copy (Optimized Local Worker)...
2026-09-06 11:24:01,497 [INFO] \U0001f6e1\ufe0f [Code-Refactor] Auditing target repositories for vulnerabilities (Optimized Local Worker)...
2026-09-06 11:24:01,497 [INFO] \U0001f4ca [Data-Syndication] Validating structured JSON syndication feeds for API subscribers...
2026-09-06 11:24:01,497 [INFO] \u26d3\ufe0f [DeFi-Risk] Polling EVM node for live mempool gas metrics...
2026-09-06 11:24:02,598 [INFO] \U0001f48e [SEO-Content] VERIFIED REVENUE SECURED: $15.00
2026-09-06 11:24:02,598 [INFO] \U0001f48e [Code-Refactor] VERIFIED REVENUE SECURED: $25.00
2026-09-06 11:24:02,598 [INFO] \U0001f7e2 On-Chain Check Complete | Block: 25881538 | Gas: 0.12 Gwei
2026-09-06 11:24:02,598 [INFO] \U0001f3af Successfully harvested verified B2B developer leads and committed to SQLite.
2026-09-06 11:24:02,598 [WARNING] \u26a0\ufe0f TELEGRAM_BOT_TOKEN or TELEGRAM_CHAT_ID not set. Skipping notification.
2026-09-06 11:39:03,022 [INFO] \u23f0 Scheduled Task Triggered: Running QuantCode Nexus Pipeline...
2026-09-06 11:39:03,230 [INFO] \U0001f680 QuantCode Nexus Production-Hardened Economic Engine Initialized (SQLite Backed).
2026-09-06 11:39:03,231 [INFO] \U0001f310 [B2B-LeadGen] Scraping live GitHub trending developer directory with defensive jitter...
2026-09-06 11:39:03,231 [INFO] \u270d\ufe0f [SEO-Content] Generating programmatic SEO indexation copy (Optimized Local Worker)...
2026-09-06 11:39:03,231 [INFO] \U0001f6e1\ufe0f [Code-Refactor] Auditing target repositories for vulnerabilities (Optimized Local Worker)...
2026-09-06 11:39:03,231 [INFO] \U0001f4ca [Data-Syndication] Validating structured JSON syndication feeds for API subscribers...
2026-09-06 11:39:03,231 [INFO] \u26d3\ufe0f [DeFi-Risk] Polling EVM node for live mempool gas metrics...
2026-09-06 11:39:04,311 [INFO] \U0001f48e [SEO-Content] VERIFIED REVENUE SECURED: $15.00
2026-09-06 11:39:04,311 [INFO] \U0001f48e [Code-Refactor] VERIFIED REVENUE SECURED: $25.00
2026-09-06 11:39:04,312 [INFO] \U0001f7e2 On-Chain Check Complete | Block: 25881538 | Gas: 0.12 Gwei
2026-09-06 11:39:04,312 [INFO] \U0001f3af Successfully harvested verified B2B developer leads and committed to SQLite.
2026-09-06 11:39:04,312 [WARNING] \u26a0\ufe0f TELEGRAM_BOT_TOKEN or TELEGRAM_CHAT_ID not set. Skipping notification.
