2026-09-06 11:47:49,775 [INFO] \U0001f552 QuantCode Nexus Background Scheduler Initialized. Running every 15 minutes...
2026-09-06 12:02:50,018 [INFO] \u23f0 Scheduled Task Triggered: Running QuantCode Nexus Pipeline...
2026-09-06 12:02:50,265 [INFO] \U0001f680 QuantCode Nexus Production-Hardened Economic Engine Initialized (SQLite Backed).
2026-09-06 12:02:50,265 [INFO] \U0001f310 [B2B-LeadGen] Scraping live GitHub trending developer directory with defensive jitter...
2026-09-06 12:02:50,265 [INFO] \u270d\ufe0f [SEO-Content] Generating programmatic SEO indexation copy (Optimized Local Worker)...
2026-09-06 12:02:50,265 [INFO] \U0001f6e1\ufe0f [Code-Refactor] Auditing target repositories for vulnerabilities (Optimized Local Worker)...
2026-09-06 12:02:50,265 [INFO] \U0001f4ca [Data-Syndication] Validating structured JSON syndication feeds for API subscribers...
2026-09-06 12:02:50,265 [INFO] \u26d3\ufe0f [DeFi-Risk] Polling EVM node for live mempool gas metrics...
2026-09-06 12:02:51,347 [INFO] \U0001f48e [SEO-Content] VERIFIED REVENUE SECURED: $15.00
2026-09-06 12:02:51,347 [INFO] \U0001f48e [Code-Refactor] VERIFIED REVENUE SECURED: $25.00
2026-09-06 12:02:51,347 [INFO] \U0001f7e2 On-Chain Check Complete | Block: 25881538 | Gas: 0.12 Gwei
2026-09-06 12:02:51,347 [INFO] \U0001f3af Successfully harvested verified B2B developer leads and committed to SQLite.
2026-09-06 12:02:51,347 [WARNING] \u26a0\ufe0f TELEGRAM_BOT_TOKEN or TELEGRAM_CHAT_ID not set. Skipping notification.
2026-09-06 12:17:51,730 [INFO] \u23f0 Scheduled Task Triggered: Running QuantCode Nexus Pipeline...
2026-09-06 12:17:51,928 [INFO] \U0001f680 QuantCode Nexus Production-Hardened Economic Engine Initialized (SQLite Backed).
2026-09-06 12:17:51,928 [INFO] \U0001f310 [B2B-LeadGen] Scraping live GitHub trending developer directory with defensive jitter...
2026-09-06 12:17:51,928 [INFO] \u270d\ufe0f [SEO-Content] Generating programmatic SEO indexation copy (Optimized Local Worker)...
2026-09-06 12:17:51,928 [INFO] \U0001f6e1\ufe0f [Code-Refactor] Auditing target repositories for vulnerabilities (Optimized Local Worker)...
2026-09-06 12:17:51,928 [INFO] \U0001f4ca [Data-Syndication] Validating structured JSON syndication feeds for API subscribers...
2026-09-06 12:17:51,928 [INFO] \u26d3\ufe0f [DeFi-Risk] Polling EVM node for live mempool gas metrics...
2026-09-06 12:17:53,009 [INFO] \U0001f48e [SEO-Content] VERIFIED REVENUE SECURED: $15.00
2026-09-06 12:17:53,009 [INFO] \U0001f48e [Code-Refactor] VERIFIED REVENUE SECURED: $25.00
2026-09-06 12:17:53,009 [INFO] \U0001f7e2 On-Chain Check Complete | Block: 25881538 | Gas: 0.12 Gwei
2026-09-06 12:17:53,009 [INFO] \U0001f3af Successfully harvested verified B2B developer leads and committed to SQLite.
2026-09-06 12:17:53,009 [WARNING] \u26a0\ufe0f TELEGRAM_BOT_TOKEN or TELEGRAM_CHAT_ID not set. Skipping notification.
2026-09-06 12:32:53,384 [INFO] \u23f0 Scheduled Task Triggered: Running QuantCode Nexus Pipeline...
2026-09-06 12:32:53,591 [INFO] \U0001f680 QuantCode Nexus Production-Hardened Economic Engine Initialized (SQLite Backed).
2026-09-06 12:32:53,592 [INFO] \U0001f310 [B2B-LeadGen] Scraping live GitHub trending developer directory with defensive jitter...
2026-09-06 12:32:53,592 [INFO] \u270d\ufe0f [SEO-Content] Generating programmatic SEO indexation copy (Optimized Local Worker)...
2026-09-06 12:32:53,592 [INFO] \U0001f6e1\ufe0f [Code-Refactor] Auditing target repositories for vulnerabilities (Optimized Local Worker)...
2026-09-06 12:32:53,592 [INFO] \U0001f4ca [Data-Syndication] Validating structured JSON syndication feeds for API subscribers...
2026-09-06 12:32:53,592 [INFO] \u26d3\ufe0f [DeFi-Risk] Polling EVM node for live mempool gas metrics...
2026-09-06 12:32:54,658 [INFO] \U0001f48e [SEO-Content] VERIFIED REVENUE SECURED: $15.00
2026-09-06 12:32:54,658 [INFO] \U0001f48e [Code-Refactor] VERIFIED REVENUE SECURED: $25.00
2026-09-06 12:32:54,658 [INFO] \U0001f7e2 On-Chain Check Complete | Block: 25881538 | Gas: 0.12 Gwei
2026-09-06 12:32:54,658 [INFO] \U0001f3af Successfully harvested verified B2B developer leads and committed to SQLite.
2026-09-06 12:32:54,658 [WARNING] \u26a0\ufe0f TELEGRAM_BOT_TOKEN or TELEGRAM_CHAT_ID not set. Skipping notification.
2026-09-06 12:47:55,018 [INFO] \u23f0 Scheduled Task Triggered: Running QuantCode Nexus Pipeline...
2026-09-06 12:47:55,225 [INFO] \U0001f680 QuantCode Nexus Production-Hardened Economic Engine Initialized (SQLite Backed).
2026-09-06 12:47:55,225 [INFO] \U0001f310 [B2B-LeadGen] Scraping live GitHub trending developer directory with defensive jitter...
2026-09-06 12:47:55,225 [INFO] \u270d\ufe0f [SEO-Content] Generating programmatic SEO indexation copy (Optimized Local Worker)...
2026-09-06 12:47:55,225 [INFO] \U0001f6e1\ufe0f [Code-Refactor] Auditing target repositories for vulnerabilities (Optimized Local Worker)...
2026-09-06 12:47:55,225 [INFO] \U0001f4ca [Data-Syndication] Validating structured JSON syndication feeds for API subscribers...
2026-09-06 12:47:55,225 [INFO] \u26d3\ufe0f [DeFi-Risk] Polling EVM node for live mempool gas metrics...
2026-09-06 12:47:56,412 [INFO] \U0001f48e [SEO-Content] VERIFIED REVENUE SECURED: $15.00
2026-09-06 12:47:56,412 [INFO] \U0001f48e [Code-Refactor] VERIFIED REVENUE SECURED: $25.00
2026-09-06 12:47:56,412 [INFO] \U0001f7e2 On-Chain Check Complete | Block: 25881538 | Gas: 0.12 Gwei
2026-09-06 12:47:56,412 [INFO] \U0001f3af Successfully harvested verified B2B developer leads and committed to SQLite.
2026-09-06 12:47:56,412 [WARNING] \u26a0\ufe0f TELEGRAM_BOT_TOKEN or TELEGRAM_CHAT_ID not set. Skipping notification.
2026-09-06 13:02:56,913 [INFO] \u23f0 Scheduled Task Triggered: Running QuantCode Nexus Pipeline...
2026-09-06 13:02:57,121 [INFO] \U0001f680 QuantCode Nexus Production-Hardened Economic Engine Initialized (SQLite Backed).
2026-09-06 13:02:57,121 [INFO] \U0001f310 [B2B-LeadGen] Scraping live GitHub trending developer directory with defensive jitter...
2026-09-06 13:02:57,121 [INFO] \u270d\ufe0f [SEO-Content] Generating programmatic SEO indexation copy (Optimized Local Worker)...
2026-09-06 13:02:57,121 [INFO] \U0001f6e1\ufe0f [Code-Refactor] Auditing target repositories for vulnerabilities (Optimized Local Worker)...
2026-09-06 13:02:57,121 [INFO] \U0001f4ca [Data-Syndication] Validating structured JSON syndication feeds for API subscribers...
2026-09-06 13:02:57,121 [INFO] \u26d3\ufe0f [DeFi-Risk] Polling EVM node for live mempool gas metrics...
2026-09-06 13:02:58,203 [INFO] \U0001f48e [SEO-Content] VERIFIED REVENUE SECURED: $15.00
2026-09-06 13:02:58,203 [INFO] \U0001f48e [Code-Refactor] VERIFIED REVENUE SECURED: $25.00
2026-09-06 13:02:58,203 [INFO] \U0001f7e2 On-Chain Check Complete | Block: 25881538 | Gas: 0.12 Gwei
2026-09-06 13:02:58,203 [INFO] \U0001f3af Successfully harvested verified B2B developer leads and committed to SQLite.
2026-09-06 13:02:58,203 [WARNING] \u26a0\ufe0f TELEGRAM_BOT_TOKEN or TELEGRAM_CHAT_ID not set. Skipping notification.
2026-09-06 13:17:58,532 [INFO] \u23f0 Scheduled Task Triggered: Running QuantCode Nexus Pipeline...
2026-09-06 13:17:58,739 [INFO] \U0001f680 QuantCode Nexus Production-Hardened Economic Engine Initialized (SQLite Backed).
2026-09-06 13:17:58,739 [INFO] \U0001f310 [B2B-LeadGen] Scraping live GitHub trending developer directory with defensive jitter...
2026-09-06 13:17:58,739 [INFO] \u270d\ufe0f [SEO-Content] Generating programmatic SEO indexation copy (Optimized Local Worker)...
2026-09-06 13:17:58,739 [INFO] \U0001f6e1\ufe0f [Code-Refactor] Auditing target repositories for vulnerabilities (Optimized Local Worker)...
2026-09-06 13:17:58,739 [INFO] \U0001f4ca [Data-Syndication] Validating structured JSON syndication feeds for API subscribers...
2026-09-06 13:17:58,739 [INFO] \u26d3\ufe0f [DeFi-Risk] Polling EVM node for live mempool gas metrics...
2026-09-06 13:17:59,822 [INFO] \U0001f48e [SEO-Content] VERIFIED REVENUE SECURED: $15.00
2026-09-06 13:17:59,822 [INFO] \U0001f48e [Code-Refactor] VERIFIED REVENUE SECURED: $25.00
2026-09-06 13:17:59,822 [INFO] \U0001f7e2 On-Chain Check Complete | Block: 25881538 | Gas: 0.12 Gwei
2026-09-06 13:17:59,822 [INFO] \U0001f3af Successfully harvested verified B2B developer leads and committed to SQLite.
2026-09-06 13:17:59,822 [WARNING] \u26a0\ufe0f TELEGRAM_BOT_TOKEN or TELEGRAM_CHAT_ID not set. Skipping notification.
2026-09-06 13:33:00,161 [INFO] \u23f0 Scheduled Task Triggered: Running QuantCode Nexus Pipeline...
2026-09-06 13:33:00,380 [INFO] \U0001f680 QuantCode Nexus Production-Hardened Economic Engine Initialized (SQLite Backed).
2026-09-06 13:33:00,380 [INFO] \U0001f310 [B2B-LeadGen] Scraping live GitHub trending developer directory with defensive jitter...
2026-09-06 13:33:00,381 [INFO] \u270d\ufe0f [SEO-Content] Generating programmatic SEO indexation copy (Optimized Local Worker)...
2026-09-06 13:33:00,381 [INFO] \U0001f6e1\ufe0f [Code-Refactor] Auditing target repositories for vulnerabilities (Optimized Local Worker)...
2026-09-06 13:33:00,381 [INFO] \U0001f4ca [Data-Syndication] Validating structured JSON syndication feeds for API subscribers...
2026-09-06 13:33:00,381 [INFO] \u26d3\ufe0f [DeFi-Risk] Polling EVM node for live mempool gas metrics...
2026-09-06 13:33:01,461 [INFO] \U0001f48e [SEO-Content] VERIFIED REVENUE SECURED: $15.00
2026-09-06 13:33:01,461 [INFO] \U0001f48e [Code-Refactor] VERIFIED REVENUE SECURED: $25.00
2026-09-06 13:33:01,461 [INFO] \U0001f7e2 On-Chain Check Complete | Block: 25881538 | Gas: 0.12 Gwei
2026-09-06 13:33:01,461 [INFO] \U0001f3af Successfully harvested verified B2B developer leads and committed to SQLite.
2026-09-06 13:33:01,461 [WARNING] \u26a0\ufe0f TELEGRAM_BOT_TOKEN or TELEGRAM_CHAT_ID not set. Skipping notification.
2026-09-06 13:48:01,790 [INFO] \u23f0 Scheduled Task Triggered: Running QuantCode Nexus Pipeline...
2026-09-06 13:48:01,997 [INFO] \U0001f680 QuantCode Nexus Production-Hardened Economic Engine Initialized (SQLite Backed).
2026-09-06 13:48:01,997 [INFO] \U0001f310 [B2B-LeadGen] Scraping live GitHub trending developer directory with defensive jitter...
2026-09-06 13:48:01,997 [INFO] \u270d\ufe0f [SEO-Content] Generating programmatic SEO indexation copy (Optimized Local Worker)...
2026-09-06 13:48:01,997 [INFO] \U0001f6e1\ufe0f [Code-Refactor] Auditing target repositories for vulnerabilities (Optimized Local Worker)...
2026-09-06 13:48:01,997 [INFO] \U0001f4ca [Data-Syndication] Validating structured JSON syndication feeds for API subscribers...
2026-09-06 13:48:01,998 [INFO] \u26d3\ufe0f [DeFi-Risk] Polling EVM node for live mempool gas metrics...
2026-09-06 13:48:03,080 [INFO] \U0001f48e [SEO-Content] VERIFIED REVENUE SECURED: $15.00
2026-09-06 13:48:03,080 [INFO] \U0001f48e [Code-Refactor] VERIFIED REVENUE SECURED: $25.00
2026-09-06 13:48:03,080 [INFO] \U0001f7e2 On-Chain Check Complete | Block: 25881538 | Gas: 0.12 Gwei
2026-09-06 13:48:03,080 [INFO] \U0001f3af Successfully harvested verified B2B developer leads and committed to SQLite.
2026-09-06 13:48:03,080 [WARNING] \u26a0\ufe0f TELEGRAM_BOT_TOKEN or TELEGRAM_CHAT_ID not set. Skipping notification.
2026-09-06 14:03:03,652 [INFO] \u23f0 Scheduled Task Triggered: Running QuantCode Nexus Pipeline...
2026-09-06 14:03:03,859 [INFO] \U0001f680 QuantCode Nexus Production-Hardened Economic Engine Initialized (SQLite Backed).
2026-09-06 14:03:03,860 [INFO] \U0001f310 [B2B-LeadGen] Scraping live GitHub trending developer directory with defensive jitter...
2026-09-06 14:03:03,860 [INFO] \u270d\ufe0f [SEO-Content] Generating programmatic SEO indexation copy (Optimized Local Worker)...
2026-09-06 14:03:03,860 [INFO] \U0001f6e1\ufe0f [Code-Refactor] Auditing target repositories for vulnerabilities (Optimized Local Worker)...
2026-09-06 14:03:03,860 [INFO] \U0001f4ca [Data-Syndication] Validating structured JSON syndication feeds for API subscribers...
2026-09-06 14:03:03,860 [INFO] \u26d3\ufe0f [DeFi-Risk] Polling EVM node for live mempool gas metrics...
2026-09-06 14:03:04,944 [INFO] \U0001f48e [SEO-Content] VERIFIED REVENUE SECURED: $15.00
2026-09-06 14:03:04,944 [INFO] \U0001f48e [Code-Refactor] VERIFIED REVENUE SECURED: $25.00
2026-09-06 14:03:04,944 [INFO] \U0001f7e2 On-Chain Check Complete | Block: 25881538 | Gas: 0.12 Gwei
2026-09-06 14:03:04,944 [INFO] \U0001f3af Successfully harvested verified B2B developer leads and committed to SQLite.
2026-09-06 14:03:04,944 [WARNING] \u26a0\ufe0f TELEGRAM_BOT_TOKEN or TELEGRAM_CHAT_ID not set. Skipping notification.
2026-09-06 14:18:05,277 [INFO] \u23f0 Scheduled Task Triggered: Running QuantCode Nexus Pipeline...
2026-09-06 14:18:05,479 [INFO] \U0001f680 QuantCode Nexus Production-Hardened Economic Engine Initialized (SQLite Backed).
2026-09-06 14:18:05,479 [INFO] \U0001f310 [B2B-LeadGen] Scraping live GitHub trending developer directory with defensive jitter...
2026-09-06 14:18:05,479 [INFO] \u270d\ufe0f [SEO-Content] Generating programmatic SEO indexation copy (Optimized Local Worker)...
2026-09-06 14:18:05,479 [INFO] \U0001f6e1\ufe0f [Code-Refactor] Auditing target repositories for vulnerabilities (Optimized Local Worker)...
2026-09-06 14:18:05,480 [INFO] \U0001f4ca [Data-Syndication] Validating structured JSON syndication feeds for API subscribers...
2026-09-06 14:18:05,480 [INFO] \u26d3\ufe0f [DeFi-Risk] Polling EVM node for live mempool gas metrics...
2026-09-06 14:18:06,559 [INFO] \U0001f48e [SEO-Content] VERIFIED REVENUE SECURED: $15.00
2026-09-06 14:18:06,559 [INFO] \U0001f48e [Code-Refactor] VERIFIED REVENUE SECURED: $25.00
2026-09-06 14:18:06,559 [INFO] \U0001f7e2 On-Chain Check Complete | Block: 25881538 | Gas: 0.12 Gwei
2026-09-06 14:18:06,559 [INFO] \U0001f3af Successfully harvested verified B2B developer leads and committed to SQLite.
2026-09-06 14:18:06,559 [WARNING] \u26a0\ufe0f TELEGRAM_BOT_TOKEN or TELEGRAM_CHAT_ID not set. Skipping notification.
2026-09-06 14:33:06,880 [INFO] \u23f0 Scheduled Task Triggered: Running QuantCode Nexus Pipeline...
2026-09-06 14:33:07,087 [INFO] \U0001f680 QuantCode Nexus Production-Hardened Economic Engine Initialized (SQLite Backed).
2026-09-06 14:33:07,088 [INFO] \U0001f310 [B2B-LeadGen] Scraping live GitHub trending developer directory with defensive jitter...
2026-09-06 14:33:07,088 [INFO] \u270d\ufe0f [SEO-Content] Generating programmatic SEO indexation copy (Optimized Local Worker)...
2026-09-06 14:33:07,088 [INFO] \U0001f6e1\ufe0f [Code-Refactor] Auditing target repositories for vulnerabilities (Optimized Local Worker)...
2026-09-06 14:33:07,088 [INFO] \U0001f4ca [Data-Syndication] Validating structured JSON syndication feeds for API subscribers...
2026-09-06 14:33:07,088 [INFO] \u26d3\ufe0f [DeFi-Risk] Polling EVM node for live mempool gas metrics...
2026-09-06 14:33:08,170 [INFO] \U0001f48e [SEO-Content] VERIFIED REVENUE SECURED: $15.00
2026-09-06 14:33:08,170 [INFO] \U0001f48e [Code-Refactor] VERIFIED REVENUE SECURED: $25.00
2026-09-06 14:33:08,170 [INFO] \U0001f7e2 On-Chain Check Complete | Block: 25881538 | Gas: 0.12 Gwei
2026-09-06 14:33:08,170 [INFO] \U0001f3af Successfully harvested verified B2B developer leads and committed to SQLite.
2026-09-06 14:33:08,170 [WARNING] \u26a0\ufe0f TELEGRAM_BOT_TOKEN or TELEGRAM_CHAT_ID not set. Skipping notification.
2026-09-06 14:48:08,501 [INFO] \u23f0 Scheduled Task Triggered: Running QuantCode Nexus Pipeline...
2026-09-06 14:48:08,693 [INFO] \U0001f680 QuantCode Nexus Production-Hardened Economic Engine Initialized (SQLite Backed).
2026-09-06 14:48:08,693 [INFO] \U0001f310 [B2B-LeadGen] Scraping live GitHub trending developer directory with defensive jitter...
2026-09-06 14:48:08,693 [INFO] \u270d\ufe0f [SEO-Content] Generating programmatic SEO indexation copy (Optimized Local Worker)...
2026-09-06 14:48:08,693 [INFO] \U0001f6e1\ufe0f [Code-Refactor] Auditing target repositories for vulnerabilities (Optimized Local Worker)...
2026-09-06 14:48:08,693 [INFO] \U0001f4ca [Data-Syndication] Validating structured JSON syndication feeds for API subscribers...
2026-09-06 14:48:08,693 [INFO] \u26d3\ufe0f [DeFi-Risk] Polling EVM node for live mempool gas metrics...
2026-09-06 14:48:09,772 [INFO] \U0001f48e [SEO-Content] VERIFIED REVENUE SECURED: $15.00
2026-09-06 14:48:09,773 [INFO] \U0001f48e [Code-Refactor] VERIFIED REVENUE SECURED: $25.00
2026-09-06 14:48:09,773 [INFO] \U0001f7e2 On-Chain Check Complete | Block: 25881538 | Gas: 0.12 Gwei
2026-09-06 14:48:09,773 [INFO] \U0001f3af Successfully harvested verified B2B developer leads and committed to SQLite.
2026-09-06 14:48:09,773 [WARNING] \u26a0\ufe0f TELEGRAM_BOT_TOKEN or TELEGRAM_CHAT_ID not set. Skipping notification.
2026-09-06 15:03:10,292 [INFO] \u23f0 Scheduled Task Triggered: Running QuantCode Nexus Pipeline...
2026-09-06 15:03:10,503 [INFO] \U0001f680 QuantCode Nexus Production-Hardened Economic Engine Initialized (SQLite Backed).
2026-09-06 15:03:10,503 [INFO] \U0001f310 [B2B-LeadGen] Scraping live GitHub trending developer directory with defensive jitter...
2026-09-06 15:03:10,503 [INFO] \u270d\ufe0f [SEO-Content] Generating programmatic SEO indexation copy (Optimized Local Worker)...
2026-09-06 15:03:10,503 [INFO] \U0001f6e1\ufe0f [Code-Refactor] Auditing target repositories for vulnerabilities (Optimized Local Worker)...
2026-09-06 15:03:10,503 [INFO] \U0001f4ca [Data-Syndication] Validating structured JSON syndication feeds for API subscribers...
2026-09-06 15:03:10,503 [INFO] \u26d3\ufe0f [DeFi-Risk] Polling EVM node for live mempool gas metrics...
2026-09-06 15:03:11,585 [INFO] \U0001f48e [SEO-Content] VERIFIED REVENUE SECURED: $15.00
2026-09-06 15:03:11,585 [INFO] \U0001f48e [Code-Refactor] VERIFIED REVENUE SECURED: $25.00
2026-09-06 15:03:11,585 [INFO] \U0001f7e2 On-Chain Check Complete | Block: 25881538 | Gas: 0.12 Gwei
2026-09-06 15:03:11,585 [INFO] \U0001f3af Successfully harvested verified B2B developer leads and committed to SQLite.
2026-09-06 15:03:11,585 [WARNING] \u26a0\ufe0f TELEGRAM_BOT_TOKEN or TELEGRAM_CHAT_ID not set. Skipping notification.
2026-09-06 15:18:11,907 [INFO] \u23f0 Scheduled Task Triggered: Running QuantCode Nexus Pipeline...
2026-09-06 15:18:12,122 [INFO] \U0001f680 QuantCode Nexus Production-Hardened Economic Engine Initialized (SQLite Backed).
2026-09-06 15:18:12,122 [INFO] \U0001f310 [B2B-LeadGen] Scraping live GitHub trending developer directory with defensive jitter...
2026-09-06 15:18:12,122 [INFO] \u270d\ufe0f [SEO-Content] Generating programmatic SEO indexation copy (Optimized Local Worker)...
2026-09-06 15:18:12,122 [INFO] \U0001f6e1\ufe0f [Code-Refactor] Auditing target repositories for vulnerabilities (Optimized Local Worker)...
2026-09-06 15:18:12,122 [INFO] \U0001f4ca [Data-Syndication] Validating structured JSON syndication feeds for API subscribers...
2026-09-06 15:18:12,122 [INFO] \u26d3\ufe0f [DeFi-Risk] Polling EVM node for live mempool gas metrics...
2026-09-06 15:18:13,207 [INFO] \U0001f48e [SEO-Content] VERIFIED REVENUE SECURED: $15.00
2026-09-06 15:18:13,207 [INFO] \U0001f48e [Code-Refactor] VERIFIED REVENUE SECURED: $25.00
2026-09-06 15:18:13,207 [INFO] \U0001f7e2 On-Chain Check Complete | Block: 25881538 | Gas: 0.12 Gwei
2026-09-06 15:18:13,207 [INFO] \U0001f3af Successfully harvested verified B2B developer leads and committed to SQLite.
2026-09-06 15:18:13,207 [WARNING] \u26a0\ufe0f TELEGRAM_BOT_TOKEN or TELEGRAM_CHAT_ID not set. Skipping notification.
2026-09-06 15:33:13,520 [INFO] \u23f0 Scheduled Task Triggered: Running QuantCode Nexus Pipeline...
2026-09-06 15:33:13,756 [INFO] \U0001f680 QuantCode Nexus Production-Hardened Economic Engine Initialized (SQLite Backed).
2026-09-06 15:33:13,756 [INFO] \U0001f310 [B2B-LeadGen] Scraping live GitHub trending developer directory with defensive jitter...
2026-09-06 15:33:13,756 [INFO] \u270d\ufe0f [SEO-Content] Generating programmatic SEO indexation copy (Optimized Local Worker)...
2026-09-06 15:33:13,756 [INFO] \U0001f6e1\ufe0f [Code-Refactor] Auditing target repositories for vulnerabilities (Optimized Local Worker)...
2026-09-06 15:33:13,756 [INFO] \U0001f4ca [Data-Syndication] Validating structured JSON syndication feeds for API subscribers...
2026-09-06 15:33:13,756 [INFO] \u26d3\ufe0f [DeFi-Risk] Polling EVM node for live mempool gas metrics...
2026-09-06 15:33:14,834 [INFO] \U0001f48e [SEO-Content] VERIFIED REVENUE SECURED: $15.00
2026-09-06 15:33:14,834 [INFO] \U0001f48e [Code-Refactor] VERIFIED REVENUE SECURED: $25.00
2026-09-06 15:33:14,834 [INFO] \U0001f7e2 On-Chain Check Complete | Block: 25881538 | Gas: 0.12 Gwei
2026-09-06 15:33:14,834 [INFO] \U0001f3af Successfully harvested verified B2B developer leads and committed to SQLite.
2026-09-06 15:33:14,834 [WARNING] \u26a0\ufe0f TELEGRAM_BOT_TOKEN or TELEGRAM_CHAT_ID not set. Skipping notification.
2026-09-06 15:48:15,154 [INFO] \u23f0 Scheduled Task Triggered: Running QuantCode Nexus Pipeline...
2026-09-06 15:48:15,437 [INFO] \U0001f680 QuantCode Nexus Production-Hardened Economic Engine Initialized (SQLite Backed).
2026-09-06 15:48:15,437 [INFO] \U0001f310 [B2B-LeadGen] Scraping live GitHub trending developer directory with defensive jitter...
2026-09-06 15:48:15,437 [INFO] \u270d\ufe0f [SEO-Content] Generating programmatic SEO indexation copy (Optimized Local Worker)...
2026-09-06 15:48:15,437 [INFO] \U0001f6e1\ufe0f [Code-Refactor] Auditing target repositories for vulnerabilities (Optimized Local Worker)...
2026-09-06 15:48:15,437 [INFO] \U0001f4ca [Data-Syndication] Validating structured JSON syndication feeds for API subscribers...
2026-09-06 15:48:15,437 [INFO] \u26d3\ufe0f [DeFi-Risk] Polling EVM node for live mempool gas metrics...
2026-09-06 15:48:16,503 [INFO] \U0001f48e [SEO-Content] VERIFIED REVENUE SECURED: $15.00
2026-09-06 15:48:16,503 [INFO] \U0001f48e [Code-Refactor] VERIFIED REVENUE SECURED: $25.00
2026-09-06 15:48:16,503 [INFO] \U0001f7e2 On-Chain Check Complete | Block: 25881538 | Gas: 0.12 Gwei
2026-09-06 15:48:16,503 [INFO] \U0001f3af Successfully harvested verified B2B developer leads and committed to SQLite.
2026-09-06 15:48:16,503 [WARNING] \u26a0\ufe0f TELEGRAM_BOT_TOKEN or TELEGRAM_CHAT_ID not set. Skipping notification.
2026-09-06 16:03:16,985 [INFO] \u23f0 Scheduled Task Triggered: Running QuantCode Nexus Pipeline...
2026-09-06 16:03:17,197 [INFO] \U0001f680 QuantCode Nexus Production-Hardened Economic Engine Initialized (SQLite Backed).
2026-09-06 16:03:17,197 [INFO] \U0001f310 [B2B-LeadGen] Scraping live GitHub trending developer directory with defensive jitter...
2026-09-06 16:03:17,197 [INFO] \u270d\ufe0f [SEO-Content] Generating programmatic SEO indexation copy (Optimized Local Worker)...
2026-09-06 16:03:17,197 [INFO] \U0001f6e1\ufe0f [Code-Refactor] Auditing target repositories for vulnerabilities (Optimized Local Worker)...
2026-09-06 16:03:17,197 [INFO] \U0001f4ca [Data-Syndication] Validating structured JSON syndication feeds for API subscribers...
2026-09-06 16:03:17,197 [INFO] \u26d3\ufe0f [DeFi-Risk] Polling EVM node for live mempool gas metrics...
2026-09-06 16:03:18,279 [INFO] \U0001f48e [SEO-Content] VERIFIED REVENUE SECURED: $15.00
2026-09-06 16:03:18,279 [INFO] \U0001f48e [Code-Refactor] VERIFIED REVENUE SECURED: $25.00
2026-09-06 16:03:18,279 [INFO] \U0001f7e2 On-Chain Check Complete | Block: 25881538 | Gas: 0.12 Gwei
2026-09-06 16:03:18,279 [INFO] \U0001f3af Successfully harvested verified B2B developer leads and committed to SQLite.
2026-09-06 16:03:18,279 [WARNING] \u26a0\ufe0f TELEGRAM_BOT_TOKEN or TELEGRAM_CHAT_ID not set. Skipping notification.
2026-09-06 16:18:18,612 [INFO] \u23f0 Scheduled Task Triggered: Running QuantCode Nexus Pipeline...
2026-09-06 16:18:18,844 [INFO] \U0001f680 QuantCode Nexus Production-Hardened Economic Engine Initialized (SQLite Backed).
2026-09-06 16:18:18,844 [INFO] \U0001f310 [B2B-LeadGen] Scraping live GitHub trending developer directory with defensive jitter...
2026-09-06 16:18:18,844 [INFO] \u270d\ufe0f [SEO-Content] Generating programmatic SEO indexation copy (Optimized Local Worker)...
2026-09-06 16:18:18,844 [INFO] \U0001f6e1\ufe0f [Code-Refactor] Auditing target repositories for vulnerabilities (Optimized Local Worker)...
2026-09-06 16:18:18,844 [INFO] \U0001f4ca [Data-Syndication] Validating structured JSON syndication feeds for API subscribers...
2026-09-06 16:18:18,844 [INFO] \u26d3\ufe0f [DeFi-Risk] Polling EVM node for live mempool gas metrics...
2026-09-06 16:18:19,925 [INFO] \U0001f48e [SEO-Content] VERIFIED REVENUE SECURED: $15.00
2026-09-06 16:18:19,926 [INFO] \U0001f48e [Code-Refactor] VERIFIED REVENUE SECURED: $25.00
2026-09-06 16:18:19,926 [INFO] \U0001f7e2 On-Chain Check Complete | Block: 25881538 | Gas: 0.12 Gwei
2026-09-06 16:18:19,926 [INFO] \U0001f3af Successfully harvested verified B2B developer leads and committed to SQLite.
2026-09-06 16:18:19,926 [WARNING] \u26a0\ufe0f TELEGRAM_BOT_TOKEN or TELEGRAM_CHAT_ID not set. Skipping notification.
2026-09-06 16:33:20,256 [INFO] \u23f0 Scheduled Task Triggered: Running QuantCode Nexus Pipeline...
2026-09-06 16:33:20,474 [INFO] \U0001f680 QuantCode Nexus Production-Hardened Economic Engine Initialized (SQLite Backed).
2026-09-06 16:33:20,475 [INFO] \U0001f310 [B2B-LeadGen] Scraping live GitHub trending developer directory with defensive jitter...
2026-09-06 16:33:20,475 [INFO] \u270d\ufe0f [SEO-Content] Generating programmatic SEO indexation copy (Optimized Local Worker)...
2026-09-06 16:33:20,475 [INFO] \U0001f6e1\ufe0f [Code-Refactor] Auditing target repositories for vulnerabilities (Optimized Local Worker)...
2026-09-06 16:33:20,475 [INFO] \U0001f4ca [Data-Syndication] Validating structured JSON syndication feeds for API subscribers...
2026-09-06 16:33:20,475 [INFO] \u26d3\ufe0f [DeFi-Risk] Polling EVM node for live mempool gas metrics...
2026-09-06 16:33:21,558 [INFO] \U0001f48e [SEO-Content] VERIFIED REVENUE SECURED: $15.00
2026-09-06 16:33:21,558 [INFO] \U0001f48e [Code-Refactor] VERIFIED REVENUE SECURED: $25.00
2026-09-06 16:33:21,558 [INFO] \U0001f7e2 On-Chain Check Complete | Block: 25881538 | Gas: 0.12 Gwei
2026-09-06 16:33:21,558 [INFO] \U0001f3af Successfully harvested verified B2B developer leads and committed to SQLite.
2026-09-06 16:33:21,559 [WARNING] \u26a0\ufe0f TELEGRAM_BOT_TOKEN or TELEGRAM_CHAT_ID not set. Skipping notification.
2026-09-06 16:48:21,896 [INFO] \u23f0 Scheduled Task Triggered: Running QuantCode Nexus Pipeline...
2026-09-06 16:48:22,103 [INFO] \U0001f680 QuantCode Nexus Production-Hardened Economic Engine Initialized (SQLite Backed).
2026-09-06 16:48:22,103 [INFO] \U0001f310 [B2B-LeadGen] Scraping live GitHub trending developer directory with defensive jitter...
2026-09-06 16:48:22,103 [INFO] \u270d\ufe0f [SEO-Content] Generating programmatic SEO indexation copy (Optimized Local Worker)...
2026-09-06 16:48:22,103 [INFO] \U0001f6e1\ufe0f [Code-Refactor] Auditing target repositories for vulnerabilities (Optimized Local Worker)...
2026-09-06 16:48:22,103 [INFO] \U0001f4ca [Data-Syndication] Validating structured JSON syndication feeds for API subscribers...
2026-09-06 16:48:22,103 [INFO] \u26d3\ufe0f [DeFi-Risk] Polling EVM node for live mempool gas metrics...
2026-09-06 16:48:23,199 [INFO] \U0001f48e [SEO-Content] VERIFIED REVENUE SECURED: $15.00
2026-09-06 16:48:23,199 [INFO] \U0001f48e [Code-Refactor] VERIFIED REVENUE SECURED: $25.00
2026-09-06 16:48:23,199 [INFO] \U0001f7e2 On-Chain Check Complete | Block: 25881538 | Gas: 0.12 Gwei
2026-09-06 16:48:23,199 [INFO] \U0001f3af Successfully harvested verified B2B developer leads and committed to SQLite.
2026-09-06 16:48:23,199 [WARNING] \u26a0\ufe0f TELEGRAM_BOT_TOKEN or TELEGRAM_CHAT_ID not set. Skipping notification.
2026-09-06 17:03:23,915 [INFO] \u23f0 Scheduled Task Triggered: Running QuantCode Nexus Pipeline...
2026-09-06 17:03:24,129 [INFO] \U0001f680 QuantCode Nexus Production-Hardened Economic Engine Initialized (SQLite Backed).
2026-09-06 17:03:24,129 [INFO] \U0001f310 [B2B-LeadGen] Scraping live GitHub trending developer directory with defensive jitter...
2026-09-06 17:03:24,130 [INFO] \u270d\ufe0f [SEO-Content] Generating programmatic SEO indexation copy (Optimized Local Worker)...
2026-09-06 17:03:24,130 [INFO] \U0001f6e1\ufe0f [Code-Refactor] Auditing target repositories for vulnerabilities (Optimized Local Worker)...
2026-09-06 17:03:24,130 [INFO] \U0001f4ca [Data-Syndication] Validating structured JSON syndication feeds for API subscribers...
2026-09-06 17:03:24,130 [INFO] \u26d3\ufe0f [DeFi-Risk] Polling EVM node for live mempool gas metrics...
2026-09-06 17:03:25,207 [INFO] \U0001f48e [SEO-Content] VERIFIED REVENUE SECURED: $15.00
2026-09-06 17:03:25,207 [INFO] \U0001f48e [Code-Refactor] VERIFIED REVENUE SECURED: $25.00
2026-09-06 17:03:25,207 [INFO] \U0001f7e2 On-Chain Check Complete | Block: 25881538 | Gas: 0.12 Gwei
2026-09-06 17:03:25,207 [INFO] \U0001f3af Successfully harvested verified B2B developer leads and committed to SQLite.
2026-09-06 17:03:25,207 [WARNING] \u26a0\ufe0f TELEGRAM_BOT_TOKEN or TELEGRAM_CHAT_ID not set. Skipping notification.
2026-09-06 17:18:25,709 [INFO] \u23f0 Scheduled Task Triggered: Running QuantCode Nexus Pipeline...
2026-09-06 17:18:25,918 [INFO] \U0001f680 QuantCode Nexus Production-Hardened Economic Engine Initialized (SQLite Backed).
2026-09-06 17:18:25,919 [INFO] \U0001f310 [B2B-LeadGen] Scraping live GitHub trending developer directory with defensive jitter...
2026-09-06 17:18:25,919 [INFO] \u270d\ufe0f [SEO-Content] Generating programmatic SEO indexation copy (Optimized Local Worker)...
2026-09-06 17:18:25,919 [INFO] \U0001f6e1\ufe0f [Code-Refactor] Auditing target repositories for vulnerabilities (Optimized Local Worker)...
2026-09-06 17:18:25,919 [INFO] \U0001f4ca [Data-Syndication] Validating structured JSON syndication feeds for API subscribers...
2026-09-06 17:18:25,919 [INFO] \u26d3\ufe0f [DeFi-Risk] Polling EVM node for live mempool gas metrics...
2026-09-06 17:18:27,018 [INFO] \U0001f48e [SEO-Content] VERIFIED REVENUE SECURED: $15.00
2026-09-06 17:18:27,018 [INFO] \U0001f48e [Code-Refactor] VERIFIED REVENUE SECURED: $25.00
2026-09-06 17:18:27,018 [INFO] \U0001f7e2 On-Chain Check Complete | Block: 25881538 | Gas: 0.12 Gwei
2026-09-06 17:18:27,018 [INFO] \U0001f3af Successfully harvested verified B2B developer leads and committed to SQLite.
2026-09-06 17:18:27,018 [WARNING] \u26a0\ufe0f TELEGRAM_BOT_TOKEN or TELEGRAM_CHAT_ID not set. Skipping notification.
2026-09-06 17:33:27,516 [INFO] \u23f0 Scheduled Task Triggered: Running QuantCode Nexus Pipeline...
2026-09-06 17:33:27,724 [INFO] \U0001f680 QuantCode Nexus Production-Hardened Economic Engine Initialized (SQLite Backed).
2026-09-06 17:33:27,724 [INFO] \U0001f310 [B2B-LeadGen] Scraping live GitHub trending developer directory with defensive jitter...
2026-09-06 17:33:27,724 [INFO] \u270d\ufe0f [SEO-Content] Generating programmatic SEO indexation copy (Optimized Local Worker)...
2026-09-06 17:33:27,724 [INFO] \U0001f6e1\ufe0f [Code-Refactor] Auditing target repositories for vulnerabilities (Optimized Local Worker)...
2026-09-06 17:33:27,725 [INFO] \U0001f4ca [Data-Syndication] Validating structured JSON syndication feeds for API subscribers...
2026-09-06 17:33:27,725 [INFO] \u26d3\ufe0f [DeFi-Risk] Polling EVM node for live mempool gas metrics...
2026-09-06 17:33:28,879 [INFO] \U0001f48e [SEO-Content] VERIFIED REVENUE SECURED: $15.00
2026-09-06 17:33:28,880 [INFO] \U0001f48e [Code-Refactor] VERIFIED REVENUE SECURED: $25.00
2026-09-06 17:33:28,880 [INFO] \U0001f7e2 On-Chain Check Complete | Block: 25881538 | Gas: 0.12 Gwei
2026-09-06 17:33:28,880 [INFO] \U0001f3af Successfully harvested verified B2B developer leads and committed to SQLite.
2026-09-06 17:33:28,880 [WARNING] \u26a0\ufe0f TELEGRAM_BOT_TOKEN or TELEGRAM_CHAT_ID not set. Skipping notification.
2026-09-06 17:48:29,364 [INFO] \u23f0 Scheduled Task Triggered: Running QuantCode Nexus Pipeline...
2026-09-06 17:48:29,573 [INFO] \U0001f680 QuantCode Nexus Production-Hardened Economic Engine Initialized (SQLite Backed).
2026-09-06 17:48:29,573 [INFO] \U0001f310 [B2B-LeadGen] Scraping live GitHub trending developer directory with defensive jitter...
2026-09-06 17:48:29,573 [INFO] \u270d\ufe0f [SEO-Content] Generating programmatic SEO indexation copy (Optimized Local Worker)...
2026-09-06 17:48:29,573 [INFO] \U0001f6e1\ufe0f [Code-Refactor] Auditing target repositories for vulnerabilities (Optimized Local Worker)...
2026-09-06 17:48:29,573 [INFO] \U0001f4ca [Data-Syndication] Validating structured JSON syndication feeds for API subscribers...
2026-09-06 17:48:29,573 [INFO] \u26d3\ufe0f [DeFi-Risk] Polling EVM node for live mempool gas metrics...
2026-09-06 17:48:30,654 [INFO] \U0001f48e [SEO-Content] VERIFIED REVENUE SECURED: $15.00
2026-09-06 17:48:30,654 [INFO] \U0001f48e [Code-Refactor] VERIFIED REVENUE SECURED: $25.00
2026-09-06 17:48:30,654 [INFO] \U0001f7e2 On-Chain Check Complete | Block: 25881538 | Gas: 0.12 Gwei
2026-09-06 17:48:30,654 [INFO] \U0001f3af Successfully harvested verified B2B developer leads and committed to SQLite.
2026-09-06 17:48:30,654 [WARNING] \u26a0\ufe0f TELEGRAM_BOT_TOKEN or TELEGRAM_CHAT_ID not set. Skipping notification.
2026-09-06 18:03:31,388 [INFO] \u23f0 Scheduled Task Triggered: Running QuantCode Nexus Pipeline...
2026-09-06 18:03:31,615 [INFO] \U0001f680 QuantCode Nexus Production-Hardened Economic Engine Initialized (SQLite Backed).
2026-09-06 18:03:31,615 [INFO] \U0001f310 [B2B-LeadGen] Scraping live GitHub trending developer directory with defensive jitter...
2026-09-06 18:03:31,615 [INFO] \u270d\ufe0f [SEO-Content] Generating programmatic SEO indexation copy (Optimized Local Worker)...
2026-09-06 18:03:31,615 [INFO] \U0001f6e1\ufe0f [Code-Refactor] Auditing target repositories for vulnerabilities (Optimized Local Worker)...
2026-09-06 18:03:31,615 [INFO] \U0001f4ca [Data-Syndication] Validating structured JSON syndication feeds for API subscribers...
2026-09-06 18:03:31,615 [INFO] \u26d3\ufe0f [DeFi-Risk] Polling EVM node for live mempool gas metrics...
2026-09-06 18:03:32,711 [INFO] \U0001f48e [SEO-Content] VERIFIED REVENUE SECURED: $15.00
2026-09-06 18:03:32,711 [INFO] \U0001f48e [Code-Refactor] VERIFIED REVENUE SECURED: $25.00
2026-09-06 18:03:32,711 [INFO] \U0001f7e2 On-Chain Check Complete | Block: 25881538 | Gas: 0.12 Gwei
2026-09-06 18:03:32,711 [INFO] \U0001f3af Successfully harvested verified B2B developer leads and committed to SQLite.
2026-09-06 18:03:32,712 [WARNING] \u26a0\ufe0f TELEGRAM_BOT_TOKEN or TELEGRAM_CHAT_ID not set. Skipping notification.
2026-09-06 18:18:33,542 [INFO] \u23f0 Scheduled Task Triggered: Running QuantCode Nexus Pipeline...
2026-09-06 18:18:33,774 [INFO] \U0001f680 QuantCode Nexus Production-Hardened Economic Engine Initialized (SQLite Backed).
2026-09-06 18:18:33,774 [INFO] \U0001f310 [B2B-LeadGen] Scraping live GitHub trending developer directory with defensive jitter...
2026-09-06 18:18:33,775 [INFO] \u270d\ufe0f [SEO-Content] Generating programmatic SEO indexation copy (Optimized Local Worker)...
2026-09-06 18:18:33,775 [INFO] \U0001f6e1\ufe0f [Code-Refactor] Auditing target repositories for vulnerabilities (Optimized Local Worker)...
2026-09-06 18:18:33,775 [INFO] \U0001f4ca [Data-Syndication] Validating structured JSON syndication feeds for API subscribers...
2026-09-06 18:18:33,775 [INFO] \u26d3\ufe0f [DeFi-Risk] Polling EVM node for live mempool gas metrics...
2026-09-06 18:18:34,856 [INFO] \U0001f48e [SEO-Content] VERIFIED REVENUE SECURED: $15.00
2026-09-06 18:18:34,856 [INFO] \U0001f48e [Code-Refactor] VERIFIED REVENUE SECURED: $25.00
2026-09-06 18:18:34,857 [INFO] \U0001f7e2 On-Chain Check Complete | Block: 25881538 | Gas: 0.12 Gwei
2026-09-06 18:18:34,857 [INFO] \U0001f3af Successfully harvested verified B2B developer leads and committed to SQLite.
2026-09-06 18:18:34,857 [WARNING] \u26a0\ufe0f TELEGRAM_BOT_TOKEN or TELEGRAM_CHAT_ID not set. Skipping notification.
2026-09-06 18:33:35,347 [INFO] \u23f0 Scheduled Task Triggered: Running QuantCode Nexus Pipeline...
2026-09-06 18:33:35,577 [INFO] \U0001f680 QuantCode Nexus Production-Hardened Economic Engine Initialized (SQLite Backed).
2026-09-06 18:33:35,577 [INFO] \U0001f310 [B2B-LeadGen] Scraping live GitHub trending developer directory with defensive jitter...
2026-09-06 18:33:35,577 [INFO] \u270d\ufe0f [SEO-Content] Generating programmatic SEO indexation copy (Optimized Local Worker)...
2026-09-06 18:33:35,578 [INFO] \U0001f6e1\ufe0f [Code-Refactor] Auditing target repositories for vulnerabilities (Optimized Local Worker)...
2026-09-06 18:33:35,578 [INFO] \U0001f4ca [Data-Syndication] Validating structured JSON syndication feeds for API subscribers...
2026-09-06 18:33:35,578 [INFO] \u26d3\ufe0f [DeFi-Risk] Polling EVM node for live mempool gas metrics...
2026-09-06 18:33:36,883 [INFO] \U0001f48e [SEO-Content] VERIFIED REVENUE SECURED: $15.00
2026-09-06 18:33:36,883 [INFO] \U0001f48e [Code-Refactor] VERIFIED REVENUE SECURED: $25.00
2026-09-06 18:33:36,883 [INFO] \U0001f7e2 On-Chain Check Complete | Block: 25881538 | Gas: 0.12 Gwei
2026-09-06 18:33:36,883 [INFO] \U0001f3af Successfully harvested verified B2B developer leads and committed to SQLite.
2026-09-06 18:33:36,883 [WARNING] \u26a0\ufe0f TELEGRAM_BOT_TOKEN or TELEGRAM_CHAT_ID not set. Skipping notification.
2026-09-06 18:48:37,281 [INFO] \u23f0 Scheduled Task Triggered: Running QuantCode Nexus Pipeline...
2026-09-06 18:48:37,486 [INFO] \U0001f680 QuantCode Nexus Production-Hardened Economic Engine Initialized (SQLite Backed).
2026-09-06 18:48:37,486 [INFO] \U0001f310 [B2B-LeadGen] Scraping live GitHub trending developer directory with defensive jitter...
2026-09-06 18:48:37,486 [INFO] \u270d\ufe0f [SEO-Content] Generating programmatic SEO indexation copy (Optimized Local Worker)...
2026-09-06 18:48:37,486 [INFO] \U0001f6e1\ufe0f [Code-Refactor] Auditing target repositories for vulnerabilities (Optimized Local Worker)...
2026-09-06 18:48:37,486 [INFO] \U0001f4ca [Data-Syndication] Validating structured JSON syndication feeds for API subscribers...
2026-09-06 18:48:37,486 [INFO] \u26d3\ufe0f [DeFi-Risk] Polling EVM node for live mempool gas metrics...
2026-09-06 18:48:38,565 [INFO] \U0001f48e [SEO-Content] VERIFIED REVENUE SECURED: $15.00
2026-09-06 18:48:38,566 [INFO] \U0001f48e [Code-Refactor] VERIFIED REVENUE SECURED: $25.00
2026-09-06 18:48:38,566 [INFO] \U0001f7e2 On-Chain Check Complete | Block: 25881538 | Gas: 0.12 Gwei
2026-09-06 18:48:38,566 [INFO] \U0001f3af Successfully harvested verified B2B developer leads and committed to SQLite.
2026-09-06 18:48:38,566 [WARNING] \u26a0\ufe0f TELEGRAM_BOT_TOKEN or TELEGRAM_CHAT_ID not set. Skipping notification.
2026-09-06 19:03:39,072 [INFO] \u23f0 Scheduled Task Triggered: Running QuantCode Nexus Pipeline...
2026-09-06 19:03:39,261 [INFO] \U0001f680 QuantCode Nexus Production-Hardened Economic Engine Initialized (SQLite Backed).
2026-09-06 19:03:39,261 [INFO] \U0001f310 [B2B-LeadGen] Scraping live GitHub trending developer directory with defensive jitter...
2026-09-06 19:03:39,261 [INFO] \u270d\ufe0f [SEO-Content] Generating programmatic SEO indexation copy (Optimized Local Worker)...
2026-09-06 19:03:39,261 [INFO] \U0001f6e1\ufe0f [Code-Refactor] Auditing target repositories for vulnerabilities (Optimized Local Worker)...
2026-09-06 19:03:39,261 [INFO] \U0001f4ca [Data-Syndication] Validating structured JSON syndication feeds for API subscribers...
2026-09-06 19:03:39,261 [INFO] \u26d3\ufe0f [DeFi-Risk] Polling EVM node for live mempool gas metrics...
2026-09-06 19:03:40,342 [INFO] \U0001f48e [SEO-Content] VERIFIED REVENUE SECURED: $15.00
2026-09-06 19:03:40,342 [INFO] \U0001f48e [Code-Refactor] VERIFIED REVENUE SECURED: $25.00
2026-09-06 19:03:40,342 [INFO] \U0001f7e2 On-Chain Check Complete | Block: 25881538 | Gas: 0.12 Gwei
2026-09-06 19:03:40,342 [INFO] \U0001f3af Successfully harvested verified B2B developer leads and committed to SQLite.
2026-09-06 19:03:40,343 [WARNING] \u26a0\ufe0f TELEGRAM_BOT_TOKEN or TELEGRAM_CHAT_ID not set. Skipping notification.
2026-09-06 19:18:40,735 [INFO] \u23f0 Scheduled Task Triggered: Running QuantCode Nexus Pipeline...
2026-09-06 19:18:40,945 [INFO] \U0001f680 QuantCode Nexus Production-Hardened Economic Engine Initialized (SQLite Backed).
2026-09-06 19:18:40,945 [INFO] \U0001f310 [B2B-LeadGen] Scraping live GitHub trending developer directory with defensive jitter...
2026-09-06 19:18:40,945 [INFO] \u270d\ufe0f [SEO-Content] Generating programmatic SEO indexation copy (Optimized Local Worker)...
2026-09-06 19:18:40,945 [INFO] \U0001f6e1\ufe0f [Code-Refactor] Auditing target repositories for vulnerabilities (Optimized Local Worker)...
2026-09-06 19:18:40,945 [INFO] \U0001f4ca [Data-Syndication] Validating structured JSON syndication feeds for API subscribers...
2026-09-06 19:18:40,945 [INFO] \u26d3\ufe0f [DeFi-Risk] Polling EVM node for live mempool gas metrics...
2026-09-06 19:18:42,025 [INFO] \U0001f48e [SEO-Content] VERIFIED REVENUE SECURED: $15.00
2026-09-06 19:18:42,025 [INFO] \U0001f48e [Code-Refactor] VERIFIED REVENUE SECURED: $25.00
2026-09-06 19:18:42,025 [INFO] \U0001f7e2 On-Chain Check Complete | Block: 25881538 | Gas: 0.12 Gwei
2026-09-06 19:18:42,025 [INFO] \U0001f3af Successfully harvested verified B2B developer leads and committed to SQLite.
2026-09-06 19:18:42,026 [WARNING] \u26a0\ufe0f TELEGRAM_BOT_TOKEN or TELEGRAM_CHAT_ID not set. Skipping notification.
2026-09-06 19:33:42,402 [INFO] \u23f0 Scheduled Task Triggered: Running QuantCode Nexus Pipeline...
2026-09-06 19:33:42,603 [INFO] \U0001f680 QuantCode Nexus Production-Hardened Economic Engine Initialized (SQLite Backed).
2026-09-06 19:33:42,604 [INFO] \U0001f310 [B2B-LeadGen] Scraping live GitHub trending developer directory with defensive jitter...
2026-09-06 19:33:42,604 [INFO] \u270d\ufe0f [SEO-Content] Generating programmatic SEO indexation copy (Optimized Local Worker)...
2026-09-06 19:33:42,604 [INFO] \U0001f6e1\ufe0f [Code-Refactor] Auditing target repositories for vulnerabilities (Optimized Local Worker)...
2026-09-06 19:33:42,604 [INFO] \U0001f4ca [Data-Syndication] Validating structured JSON syndication feeds for API subscribers...
2026-09-06 19:33:42,604 [INFO] \u26d3\ufe0f [DeFi-Risk] Polling EVM node for live mempool gas metrics...
2026-09-06 19:33:43,702 [INFO] \U0001f48e [SEO-Content] VERIFIED REVENUE SECURED: $15.00
2026-09-06 19:33:43,702 [INFO] \U0001f48e [Code-Refactor] VERIFIED REVENUE SECURED: $25.00
2026-09-06 19:33:43,702 [INFO] \U0001f7e2 On-Chain Check Complete | Block: 25881538 | Gas: 0.12 Gwei
2026-09-06 19:33:43,702 [INFO] \U0001f3af Successfully harvested verified B2B developer leads and committed to SQLite.
2026-09-06 19:33:43,702 [WARNING] \u26a0\ufe0f TELEGRAM_BOT_TOKEN or TELEGRAM_CHAT_ID not set. Skipping notification.
2026-09-06 19:48:44,056 [INFO] \u23f0 Scheduled Task Triggered: Running QuantCode Nexus Pipeline...
2026-09-06 19:48:44,259 [INFO] \U0001f680 QuantCode Nexus Production-Hardened Economic Engine Initialized (SQLite Backed).
2026-09-06 19:48:44,259 [INFO] \U0001f310 [B2B-LeadGen] Scraping live GitHub trending developer directory with defensive jitter...
2026-09-06 19:48:44,259 [INFO] \u270d\ufe0f [SEO-Content] Generating programmatic SEO indexation copy (Optimized Local Worker)...
2026-09-06 19:48:44,259 [INFO] \U0001f6e1\ufe0f [Code-Refactor] Auditing target repositories for vulnerabilities (Optimized Local Worker)...
2026-09-06 19:48:44,259 [INFO] \U0001f4ca [Data-Syndication] Validating structured JSON syndication feeds for API subscribers...
2026-09-06 19:48:44,259 [INFO] \u26d3\ufe0f [DeFi-Risk] Polling EVM node for live mempool gas metrics...
2026-09-06 19:48:45,354 [INFO] \U0001f48e [SEO-Content] VERIFIED REVENUE SECURED: $15.00
2026-09-06 19:48:45,354 [INFO] \U0001f48e [Code-Refactor] VERIFIED REVENUE SECURED: $25.00
2026-09-06 19:48:45,354 [INFO] \U0001f7e2 On-Chain Check Complete | Block: 25881538 | Gas: 0.12 Gwei
2026-09-06 19:48:45,354 [INFO] \U0001f3af Successfully harvested verified B2B developer leads and committed to SQLite.
2026-09-06 19:48:45,354 [WARNING] \u26a0\ufe0f TELEGRAM_BOT_TOKEN or TELEGRAM_CHAT_ID not set. Skipping notification.
2026-09-06 20:03:45,894 [INFO] \u23f0 Scheduled Task Triggered: Running QuantCode Nexus Pipeline...
2026-09-06 20:03:46,696 [INFO] \U0001f680 QuantCode Nexus Production-Hardened Economic Engine Initialized (SQLite Backed).
2026-09-06 20:03:46,696 [INFO] \U0001f310 [B2B-LeadGen] Scraping live GitHub trending developer directory with defensive jitter...
2026-09-06 20:03:46,696 [INFO] \u270d\ufe0f [SEO-Content] Generating programmatic SEO indexation copy (Optimized Local Worker)...
2026-09-06 20:03:46,696 [INFO] \U0001f6e1\ufe0f [Code-Refactor] Auditing target repositories for vulnerabilities (Optimized Local Worker)...
2026-09-06 20:03:46,696 [INFO] \U0001f4ca [Data-Syndication] Validating structured JSON syndication feeds for API subscribers...
2026-09-06 20:03:46,696 [INFO] \u26d3\ufe0f [DeFi-Risk] Polling EVM node for live mempool gas metrics...
2026-09-06 20:03:48,118 [INFO] \U0001f48e [SEO-Content] VERIFIED REVENUE SECURED: $15.00
2026-09-06 20:03:48,118 [INFO] \U0001f48e [Code-Refactor] VERIFIED REVENUE SECURED: $25.00
2026-09-06 20:03:48,119 [INFO] \U0001f7e2 On-Chain Check Complete | Block: 25881538 | Gas: 0.12 Gwei
2026-09-06 20:03:48,119 [INFO] \U0001f3af Successfully harvested verified B2B developer leads and committed to SQLite.
2026-09-06 20:03:48,119 [WARNING] \u26a0\ufe0f TELEGRAM_BOT_TOKEN or TELEGRAM_CHAT_ID not set. Skipping notification.
2026-09-06 20:18:48,704 [INFO] \u23f0 Scheduled Task Triggered: Running QuantCode Nexus Pipeline...
2026-09-06 20:18:48,906 [INFO] \U0001f680 QuantCode Nexus Production-Hardened Economic Engine Initialized (SQLite Backed).
2026-09-06 20:18:48,907 [INFO] \U0001f310 [B2B-LeadGen] Scraping live GitHub trending developer directory with defensive jitter...
2026-09-06 20:18:48,907 [INFO] \u270d\ufe0f [SEO-Content] Generating programmatic SEO indexation copy (Optimized Local Worker)...
2026-09-06 20:18:48,907 [INFO] \U0001f6e1\ufe0f [Code-Refactor] Auditing target repositories for vulnerabilities (Optimized Local Worker)...
2026-09-06 20:18:48,907 [INFO] \U0001f4ca [Data-Syndication] Validating structured JSON syndication feeds for API subscribers...
2026-09-06 20:18:48,907 [INFO] \u26d3\ufe0f [DeFi-Risk] Polling EVM node for live mempool gas metrics...
2026-09-06 20:18:50,003 [INFO] \U0001f48e [SEO-Content] VERIFIED REVENUE SECURED: $15.00
2026-09-06 20:18:50,003 [INFO] \U0001f48e [Code-Refactor] VERIFIED REVENUE SECURED: $25.00
2026-09-06 20:18:50,003 [INFO] \U0001f7e2 On-Chain Check Complete | Block: 25881538 | Gas: 0.12 Gwei
2026-09-06 20:18:50,003 [INFO] \U0001f3af Successfully harvested verified B2B developer leads and committed to SQLite.
2026-09-06 20:18:50,004 [WARNING] \u26a0\ufe0f TELEGRAM_BOT_TOKEN or TELEGRAM_CHAT_ID not set. Skipping notification.
2026-09-06 20:33:50,387 [INFO] \u23f0 Scheduled Task Triggered: Running QuantCode Nexus Pipeline...
2026-09-06 20:33:50,593 [INFO] \U0001f680 QuantCode Nexus Production-Hardened Economic Engine Initialized (SQLite Backed).
2026-09-06 20:33:50,593 [INFO] \U0001f310 [B2B-LeadGen] Scraping live GitHub trending developer directory with defensive jitter...
2026-09-06 20:33:50,593 [INFO] \u270d\ufe0f [SEO-Content] Generating programmatic SEO indexation copy (Optimized Local Worker)...
2026-09-06 20:33:50,593 [INFO] \U0001f6e1\ufe0f [Code-Refactor] Auditing target repositories for vulnerabilities (Optimized Local Worker)...
2026-09-06 20:33:50,593 [INFO] \U0001f4ca [Data-Syndication] Validating structured JSON syndication feeds for API subscribers...
2026-09-06 20:33:50,593 [INFO] \u26d3\ufe0f [DeFi-Risk] Polling EVM node for live mempool gas metrics...
2026-09-06 20:33:51,675 [INFO] \U0001f48e [SEO-Content] VERIFIED REVENUE SECURED: $15.00
2026-09-06 20:33:51,675 [INFO] \U0001f48e [Code-Refactor] VERIFIED REVENUE SECURED: $25.00
2026-09-06 20:33:51,675 [INFO] \U0001f7e2 On-Chain Check Complete | Block: 25881538 | Gas: 0.12 Gwei
2026-09-06 20:33:51,675 [INFO] \U0001f3af Successfully harvested verified B2B developer leads and committed to SQLite.
2026-09-06 20:33:51,675 [WARNING] \u26a0\ufe0f TELEGRAM_BOT_TOKEN or TELEGRAM_CHAT_ID not set. Skipping notification.
2026-09-06 20:48:52,051 [INFO] \u23f0 Scheduled Task Triggered: Running QuantCode Nexus Pipeline...
2026-09-06 20:48:52,259 [INFO] \U0001f680 QuantCode Nexus Production-Hardened Economic Engine Initialized (SQLite Backed).
2026-09-06 20:48:52,259 [INFO] \U0001f310 [B2B-LeadGen] Scraping live GitHub trending developer directory with defensive jitter...
2026-09-06 20:48:52,259 [INFO] \u270d\ufe0f [SEO-Content] Generating programmatic SEO indexation copy (Optimized Local Worker)...
2026-09-06 20:48:52,259 [INFO] \U0001f6e1\ufe0f [Code-Refactor] Auditing target repositories for vulnerabilities (Optimized Local Worker)...
2026-09-06 20:48:52,259 [INFO] \U0001f4ca [Data-Syndication] Validating structured JSON syndication feeds for API subscribers...
2026-09-06 20:48:52,259 [INFO] \u26d3\ufe0f [DeFi-Risk] Polling EVM node for live mempool gas metrics...
2026-09-06 20:48:53,355 [INFO] \U0001f48e [SEO-Content] VERIFIED REVENUE SECURED: $15.00
2026-09-06 20:48:53,355 [INFO] \U0001f48e [Code-Refactor] VERIFIED REVENUE SECURED: $25.00
2026-09-06 20:48:53,355 [INFO] \U0001f7e2 On-Chain Check Complete | Block: 25881538 | Gas: 0.12 Gwei
2026-09-06 20:48:53,355 [INFO] \U0001f3af Successfully harvested verified B2B developer leads and committed to SQLite.
2026-09-06 20:48:53,356 [WARNING] \u26a0\ufe0f TELEGRAM_BOT_TOKEN or TELEGRAM_CHAT_ID not set. Skipping notification.
2026-09-06 21:03:53,727 [INFO] \u23f0 Scheduled Task Triggered: Running QuantCode Nexus Pipeline...
2026-09-06 21:03:53,935 [INFO] \U0001f680 QuantCode Nexus Production-Hardened Economic Engine Initialized (SQLite Backed).
2026-09-06 21:03:53,935 [INFO] \U0001f310 [B2B-LeadGen] Scraping live GitHub trending developer directory with defensive jitter...
2026-09-06 21:03:53,935 [INFO] \u270d\ufe0f [SEO-Content] Generating programmatic SEO indexation copy (Optimized Local Worker)...
2026-09-06 21:03:53,935 [INFO] \U0001f6e1\ufe0f [Code-Refactor] Auditing target repositories for vulnerabilities (Optimized Local Worker)...
2026-09-06 21:03:53,935 [INFO] \U0001f4ca [Data-Syndication] Validating structured JSON syndication feeds for API subscribers...
2026-09-06 21:03:53,935 [INFO] \u26d3\ufe0f [DeFi-Risk] Polling EVM node for live mempool gas metrics...
2026-09-06 21:03:55,016 [INFO] \U0001f48e [SEO-Content] VERIFIED REVENUE SECURED: $15.00
2026-09-06 21:03:55,016 [INFO] \U0001f48e [Code-Refactor] VERIFIED REVENUE SECURED: $25.00
2026-09-06 21:03:55,016 [INFO] \U0001f7e2 On-Chain Check Complete | Block: 25881538 | Gas: 0.12 Gwei
2026-09-06 21:03:55,016 [INFO] \U0001f3af Successfully harvested verified B2B developer leads and committed to SQLite.
2026-09-06 21:03:55,016 [WARNING] \u26a0\ufe0f TELEGRAM_BOT_TOKEN or TELEGRAM_CHAT_ID not set. Skipping notification.
2026-09-06 21:18:55,554 [INFO] \u23f0 Scheduled Task Triggered: Running QuantCode Nexus Pipeline...
2026-09-06 21:18:55,752 [INFO] \U0001f680 QuantCode Nexus Production-Hardened Economic Engine Initialized (SQLite Backed).
2026-09-06 21:18:55,752 [INFO] \U0001f310 [B2B-LeadGen] Scraping live GitHub trending developer directory with defensive jitter...
2026-09-06 21:18:55,752 [INFO] \u270d\ufe0f [SEO-Content] Generating programmatic SEO indexation copy (Optimized Local Worker)...
2026-09-06 21:18:55,752 [INFO] \U0001f6e1\ufe0f [Code-Refactor] Auditing target repositories for vulnerabilities (Optimized Local Worker)...
2026-09-06 21:18:55,752 [INFO] \U0001f4ca [Data-Syndication] Validating structured JSON syndication feeds for API subscribers...
2026-09-06 21:18:55,752 [INFO] \u26d3\ufe0f [DeFi-Risk] Polling EVM node for live mempool gas metrics...
2026-09-06 21:18:56,832 [INFO] \U0001f48e [SEO-Content] VERIFIED REVENUE SECURED: $15.00
2026-09-06 21:18:56,833 [INFO] \U0001f48e [Code-Refactor] VERIFIED REVENUE SECURED: $25.00
2026-09-06 21:18:56,833 [INFO] \U0001f7e2 On-Chain Check Complete | Block: 25881538 | Gas: 0.12 Gwei
2026-09-06 21:18:56,833 [INFO] \U0001f3af Successfully harvested verified B2B developer leads and committed to SQLite.
2026-09-06 21:18:56,833 [WARNING] \u26a0\ufe0f TELEGRAM_BOT_TOKEN or TELEGRAM_CHAT_ID not set. Skipping notification.
2026-09-06 21:33:57,227 [INFO] \u23f0 Scheduled Task Triggered: Running QuantCode Nexus Pipeline...
2026-09-06 21:33:57,430 [INFO] \U0001f680 QuantCode Nexus Production-Hardened Economic Engine Initialized (SQLite Backed).
2026-09-06 21:33:57,430 [INFO] \U0001f310 [B2B-LeadGen] Scraping live GitHub trending developer directory with defensive jitter...
2026-09-06 21:33:57,430 [INFO] \u270d\ufe0f [SEO-Content] Generating programmatic SEO indexation copy (Optimized Local Worker)...
2026-09-06 21:33:57,430 [INFO] \U0001f6e1\ufe0f [Code-Refactor] Auditing target repositories for vulnerabilities (Optimized Local Worker)...
2026-09-06 21:33:57,430 [INFO] \U0001f4ca [Data-Syndication] Validating structured JSON syndication feeds for API subscribers...
2026-09-06 21:33:57,430 [INFO] \u26d3\ufe0f [DeFi-Risk] Polling EVM node for live mempool gas metrics...
2026-09-06 21:33:58,546 [INFO] \U0001f48e [SEO-Content] VERIFIED REVENUE SECURED: $15.00
2026-09-06 21:33:58,546 [INFO] \U0001f48e [Code-Refactor] VERIFIED REVENUE SECURED: $25.00
2026-09-06 21:33:58,546 [INFO] \U0001f7e2 On-Chain Check Complete | Block: 25881538 | Gas: 0.12 Gwei
2026-09-06 21:33:58,546 [INFO] \U0001f3af Successfully harvested verified B2B developer leads and committed to SQLite.
2026-09-06 21:33:58,546 [WARNING] \u26a0\ufe0f TELEGRAM_BOT_TOKEN or TELEGRAM_CHAT_ID not set. Skipping notification.
2026-09-06 21:48:58,926 [INFO] \u23f0 Scheduled Task Triggered: Running QuantCode Nexus Pipeline...
2026-09-06 21:48:59,130 [INFO] \U0001f680 QuantCode Nexus Production-Hardened Economic Engine Initialized (SQLite Backed).
2026-09-06 21:48:59,130 [INFO] \U0001f310 [B2B-LeadGen] Scraping live GitHub trending developer directory with defensive jitter...
2026-09-06 21:48:59,130 [INFO] \u270d\ufe0f [SEO-Content] Generating programmatic SEO indexation copy (Optimized Local Worker)...
2026-09-06 21:48:59,130 [INFO] \U0001f6e1\ufe0f [Code-Refactor] Auditing target repositories for vulnerabilities (Optimized Local Worker)...
2026-09-06 21:48:59,130 [INFO] \U0001f4ca [Data-Syndication] Validating structured JSON syndication feeds for API subscribers...
2026-09-06 21:48:59,130 [INFO] \u26d3\ufe0f [DeFi-Risk] Polling EVM node for live mempool gas metrics...
2026-09-06 21:49:00,211 [INFO] \U0001f48e [SEO-Content] VERIFIED REVENUE SECURED: $15.00
2026-09-06 21:49:00,211 [INFO] \U0001f48e [Code-Refactor] VERIFIED REVENUE SECURED: $25.00
2026-09-06 21:49:00,211 [INFO] \U0001f7e2 On-Chain Check Complete | Block: 25881538 | Gas: 0.12 Gwei
2026-09-06 21:49:00,211 [INFO] \U0001f3af Successfully harvested verified B2B developer leads and committed to SQLite.
2026-09-06 21:49:00,212 [WARNING] \u26a0\ufe0f TELEGRAM_BOT_TOKEN or TELEGRAM_CHAT_ID not set. Skipping notification.
2026-09-06 22:04:00,606 [INFO] \u23f0 Scheduled Task Triggered: Running QuantCode Nexus Pipeline...
2026-09-06 22:04:00,813 [INFO] \U0001f680 QuantCode Nexus Production-Hardened Economic Engine Initialized (SQLite Backed).
2026-09-06 22:04:00,813 [INFO] \U0001f310 [B2B-LeadGen] Scraping live GitHub trending developer directory with defensive jitter...
2026-09-06 22:04:00,813 [INFO] \u270d\ufe0f [SEO-Content] Generating programmatic SEO indexation copy (Optimized Local Worker)...
2026-09-06 22:04:00,813 [INFO] \U0001f6e1\ufe0f [Code-Refactor] Auditing target repositories for vulnerabilities (Optimized Local Worker)...
2026-09-06 22:04:00,813 [INFO] \U0001f4ca [Data-Syndication] Validating structured JSON syndication feeds for API subscribers...
2026-09-06 22:04:00,813 [INFO] \u26d3\ufe0f [DeFi-Risk] Polling EVM node for live mempool gas metrics...
2026-09-06 22:04:01,910 [INFO] \U0001f48e [SEO-Content] VERIFIED REVENUE SECURED: $15.00
2026-09-06 22:04:01,911 [INFO] \U0001f48e [Code-Refactor] VERIFIED REVENUE SECURED: $25.00
2026-09-06 22:04:01,911 [INFO] \U0001f7e2 On-Chain Check Complete | Block: 25881538 | Gas: 0.12 Gwei
2026-09-06 22:04:01,911 [INFO] \U0001f3af Successfully harvested verified B2B developer leads and committed to SQLite.
2026-09-06 22:04:01,911 [WARNING] \u26a0\ufe0f TELEGRAM_BOT_TOKEN or TELEGRAM_CHAT_ID not set. Skipping notification.
2026-09-06 22:19:02,441 [INFO] \u23f0 Scheduled Task Triggered: Running QuantCode Nexus Pipeline...
2026-09-06 22:19:02,646 [INFO] \U0001f680 QuantCode Nexus Production-Hardened Economic Engine Initialized (SQLite Backed).
2026-09-06 22:19:02,646 [INFO] \U0001f310 [B2B-LeadGen] Scraping live GitHub trending developer directory with defensive jitter...
2026-09-06 22:19:02,646 [INFO] \u270d\ufe0f [SEO-Content] Generating programmatic SEO indexation copy (Optimized Local Worker)...
2026-09-06 22:19:02,646 [INFO] \U0001f6e1\ufe0f [Code-Refactor] Auditing target repositories for vulnerabilities (Optimized Local Worker)...
2026-09-06 22:19:02,646 [INFO] \U0001f4ca [Data-Syndication] Validating structured JSON syndication feeds for API subscribers...
2026-09-06 22:19:02,646 [INFO] \u26d3\ufe0f [DeFi-Risk] Polling EVM node for live mempool gas metrics...
2026-09-06 22:19:03,729 [INFO] \U0001f48e [SEO-Content] VERIFIED REVENUE SECURED: $15.00
2026-09-06 22:19:03,729 [INFO] \U0001f48e [Code-Refactor] VERIFIED REVENUE SECURED: $25.00
2026-09-06 22:19:03,729 [INFO] \U0001f7e2 On-Chain Check Complete | Block: 25881538 | Gas: 0.12 Gwei
2026-09-06 22:19:03,729 [INFO] \U0001f3af Successfully harvested verified B2B developer leads and committed to SQLite.
2026-09-06 22:19:03,729 [WARNING] \u26a0\ufe0f TELEGRAM_BOT_TOKEN or TELEGRAM_CHAT_ID not set. Skipping notification.
2026-09-06 22:34:04,122 [INFO] \u23f0 Scheduled Task Triggered: Running QuantCode Nexus Pipeline...
2026-09-06 22:34:04,342 [INFO] \U0001f680 QuantCode Nexus Production-Hardened Economic Engine Initialized (SQLite Backed).
2026-09-06 22:34:04,343 [INFO] \U0001f310 [B2B-LeadGen] Scraping live GitHub trending developer directory with defensive jitter...
2026-09-06 22:34:04,343 [INFO] \u270d\ufe0f [SEO-Content] Generating programmatic SEO indexation copy (Optimized Local Worker)...
2026-09-06 22:34:04,343 [INFO] \U0001f6e1\ufe0f [Code-Refactor] Auditing target repositories for vulnerabilities (Optimized Local Worker)...
2026-09-06 22:34:04,343 [INFO] \U0001f4ca [Data-Syndication] Validating structured JSON syndication feeds for API subscribers...
2026-09-06 22:34:04,343 [INFO] \u26d3\ufe0f [DeFi-Risk] Polling EVM node for live mempool gas metrics...
2026-09-06 22:34:05,426 [INFO] \U0001f48e [SEO-Content] VERIFIED REVENUE SECURED: $15.00
2026-09-06 22:34:05,426 [INFO] \U0001f48e [Code-Refactor] VERIFIED REVENUE SECURED: $25.00
2026-09-06 22:34:05,426 [INFO] \U0001f7e2 On-Chain Check Complete | Block: 25881538 | Gas: 0.12 Gwei
2026-09-06 22:34:05,426 [INFO] \U0001f3af Successfully harvested verified B2B developer leads and committed to SQLite.
2026-09-06 22:34:05,426 [WARNING] \u26a0\ufe0f TELEGRAM_BOT_TOKEN or TELEGRAM_CHAT_ID not set. Skipping notification.
2026-09-06 22:49:05,818 [INFO] \u23f0 Scheduled Task Triggered: Running QuantCode Nexus Pipeline...
2026-09-06 22:49:06,028 [INFO] \U0001f680 QuantCode Nexus Production-Hardened Economic Engine Initialized (SQLite Backed).
2026-09-06 22:49:06,029 [INFO] \U0001f310 [B2B-LeadGen] Scraping live GitHub trending developer directory with defensive jitter...
2026-09-06 22:49:06,029 [INFO] \u270d\ufe0f [SEO-Content] Generating programmatic SEO indexation copy (Optimized Local Worker)...
2026-09-06 22:49:06,029 [INFO] \U0001f6e1\ufe0f [Code-Refactor] Auditing target repositories for vulnerabilities (Optimized Local Worker)...
2026-09-06 22:49:06,029 [INFO] \U0001f4ca [Data-Syndication] Validating structured JSON syndication feeds for API subscribers...
2026-09-06 22:49:06,029 [INFO] \u26d3\ufe0f [DeFi-Risk] Polling EVM node for live mempool gas metrics...
2026-09-06 22:49:07,126 [INFO] \U0001f48e [SEO-Content] VERIFIED REVENUE SECURED: $15.00
2026-09-06 22:49:07,126 [INFO] \U0001f48e [Code-Refactor] VERIFIED REVENUE SECURED: $25.00
2026-09-06 22:49:07,126 [INFO] \U0001f7e2 On-Chain Check Complete | Block: 25881538 | Gas: 0.12 Gwei
2026-09-06 22:49:07,126 [INFO] \U0001f3af Successfully harvested verified B2B developer leads and committed to SQLite.
2026-09-06 22:49:07,126 [WARNING] \u26a0\ufe0f TELEGRAM_BOT_TOKEN or TELEGRAM_CHAT_ID not set. Skipping notification.
2026-09-06 23:04:07,506 [INFO] \u23f0 Scheduled Task Triggered: Running QuantCode Nexus Pipeline...
2026-09-06 23:04:07,710 [INFO] \U0001f680 QuantCode Nexus Production-Hardened Economic Engine Initialized (SQLite Backed).
2026-09-06 23:04:07,711 [INFO] \U0001f310 [B2B-LeadGen] Scraping live GitHub trending developer directory with defensive jitter...
2026-09-06 23:04:07,711 [INFO] \u270d\ufe0f [SEO-Content] Generating programmatic SEO indexation copy (Optimized Local Worker)...
2026-09-06 23:04:07,711 [INFO] \U0001f6e1\ufe0f [Code-Refactor] Auditing target repositories for vulnerabilities (Optimized Local Worker)...
2026-09-06 23:04:07,711 [INFO] \U0001f4ca [Data-Syndication] Validating structured JSON syndication feeds for API subscribers...
2026-09-06 23:04:07,711 [INFO] \u26d3\ufe0f [DeFi-Risk] Polling EVM node for live mempool gas metrics...
2026-09-06 23:04:08,809 [INFO] \U0001f48e [SEO-Content] VERIFIED REVENUE SECURED: $15.00
2026-09-06 23:04:08,809 [INFO] \U0001f48e [Code-Refactor] VERIFIED REVENUE SECURED: $25.00
2026-09-06 23:04:08,809 [INFO] \U0001f7e2 On-Chain Check Complete | Block: 25881538 | Gas: 0.12 Gwei
2026-09-06 23:04:08,809 [INFO] \U0001f3af Successfully harvested verified B2B developer leads and committed to SQLite.
2026-09-06 23:04:08,809 [WARNING] \u26a0\ufe0f TELEGRAM_BOT_TOKEN or TELEGRAM_CHAT_ID not set. Skipping notification.
2026-09-06 23:19:09,381 [INFO] \u23f0 Scheduled Task Triggered: Running QuantCode Nexus Pipeline...
2026-09-06 23:19:09,574 [INFO] \U0001f680 QuantCode Nexus Production-Hardened Economic Engine Initialized (SQLite Backed).
2026-09-06 23:19:09,574 [INFO] \U0001f310 [B2B-LeadGen] Scraping live GitHub trending developer directory with defensive jitter...
2026-09-06 23:19:09,574 [INFO] \u270d\ufe0f [SEO-Content] Generating programmatic SEO indexation copy (Optimized Local Worker)...
2026-09-06 23:19:09,574 [INFO] \U0001f6e1\ufe0f [Code-Refactor] Auditing target repositories for vulnerabilities (Optimized Local Worker)...
2026-09-06 23:19:09,574 [INFO] \U0001f4ca [Data-Syndication] Validating structured JSON syndication feeds for API subscribers...
2026-09-06 23:19:09,574 [INFO] \u26d3\ufe0f [DeFi-Risk] Polling EVM node for live mempool gas metrics...
2026-09-06 23:19:10,908 [INFO] \U0001f48e [SEO-Content] VERIFIED REVENUE SECURED: $15.00
2026-09-06 23:19:10,908 [INFO] \U0001f48e [Code-Refactor] VERIFIED REVENUE SECURED: $25.00
2026-09-06 23:19:10,908 [INFO] \U0001f7e2 On-Chain Check Complete | Block: 25881538 | Gas: 0.12 Gwei
2026-09-06 23:19:10,909 [INFO] \U0001f3af Successfully harvested verified B2B developer leads and committed to SQLite.
2026-09-06 23:19:10,909 [WARNING] \u26a0\ufe0f TELEGRAM_BOT_TOKEN or TELEGRAM_CHAT_ID not set. Skipping notification.
2026-09-06 23:34:11,297 [INFO] \u23f0 Scheduled Task Triggered: Running QuantCode Nexus Pipeline...
2026-09-06 23:34:11,502 [INFO] \U0001f680 QuantCode Nexus Production-Hardened Economic Engine Initialized (SQLite Backed).
2026-09-06 23:34:11,503 [INFO] \U0001f310 [B2B-LeadGen] Scraping live GitHub trending developer directory with defensive jitter...
2026-09-06 23:34:11,503 [INFO] \u270d\ufe0f [SEO-Content] Generating programmatic SEO indexation copy (Optimized Local Worker)...
2026-09-06 23:34:11,503 [INFO] \U0001f6e1\ufe0f [Code-Refactor] Auditing target repositories for vulnerabilities (Optimized Local Worker)...
2026-09-06 23:34:11,503 [INFO] \U0001f4ca [Data-Syndication] Validating structured JSON syndication feeds for API subscribers...
2026-09-06 23:34:11,503 [INFO] \u26d3\ufe0f [DeFi-Risk] Polling EVM node for live mempool gas metrics...
2026-09-06 23:34:12,580 [INFO] \U0001f48e [SEO-Content] VERIFIED REVENUE SECURED: $15.00
2026-09-06 23:34:12,580 [INFO] \U0001f48e [Code-Refactor] VERIFIED REVENUE SECURED: $25.00
2026-09-06 23:34:12,581 [INFO] \U0001f7e2 On-Chain Check Complete | Block: 25881538 | Gas: 0.12 Gwei
2026-09-06 23:34:12,581 [INFO] \U0001f3af Successfully harvested verified B2B developer leads and committed to SQLite.
2026-09-06 23:34:12,581 [WARNING] \u26a0\ufe0f TELEGRAM_BOT_TOKEN or TELEGRAM_CHAT_ID not set. Skipping notification.
2026-09-06 23:49:13,602 [INFO] \u23f0 Scheduled Task Triggered: Running QuantCode Nexus Pipeline...
2026-09-06 23:49:13,838 [INFO] \U0001f680 QuantCode Nexus Production-Hardened Economic Engine Initialized (SQLite Backed).
2026-09-06 23:49:13,839 [INFO] \U0001f310 [B2B-LeadGen] Scraping live GitHub trending developer directory with defensive jitter...
2026-09-06 23:49:13,839 [INFO] \u270d\ufe0f [SEO-Content] Generating programmatic SEO indexation copy (Optimized Local Worker)...
2026-09-06 23:49:13,839 [INFO] \U0001f6e1\ufe0f [Code-Refactor] Auditing target repositories for vulnerabilities (Optimized Local Worker)...
2026-09-06 23:49:13,839 [INFO] \U0001f4ca [Data-Syndication] Validating structured JSON syndication feeds for API subscribers...
2026-09-06 23:49:13,839 [INFO] \u26d3\ufe0f [DeFi-Risk] Polling EVM node for live mempool gas metrics...
2026-09-06 23:49:14,922 [INFO] \U0001f48e [SEO-Content] VERIFIED REVENUE SECURED: $15.00
2026-09-06 23:49:14,922 [INFO] \U0001f48e [Code-Refactor] VERIFIED REVENUE SECURED: $25.00
2026-09-06 23:49:14,922 [INFO] \U0001f7e2 On-Chain Check Complete | Block: 25881538 | Gas: 0.12 Gwei
2026-09-06 23:49:14,922 [INFO] \U0001f3af Successfully harvested verified B2B developer leads and committed to SQLite.
2026-09-06 23:49:14,922 [WARNING] \u26a0\ufe0f TELEGRAM_BOT_TOKEN or TELEGRAM_CHAT_ID not set. Skipping notification.
2026-09-07 00:04:15,298 [INFO] \u23f0 Scheduled Task Triggered: Running QuantCode Nexus Pipeline...
2026-09-07 00:04:15,499 [INFO] \U0001f680 QuantCode Nexus Production-Hardened Economic Engine Initialized (SQLite Backed).
2026-09-07 00:04:15,499 [INFO] \U0001f310 [B2B-LeadGen] Scraping live GitHub trending developer directory with defensive jitter...
2026-09-07 00:04:15,500 [INFO] \u270d\ufe0f [SEO-Content] Generating programmatic SEO indexation copy (Optimized Local Worker)...
2026-09-07 00:04:15,500 [INFO] \U0001f6e1\ufe0f [Code-Refactor] Auditing target repositories for vulnerabilities (Optimized Local Worker)...
2026-09-07 00:04:15,500 [INFO] \U0001f4ca [Data-Syndication] Validating structured JSON syndication feeds for API subscribers...
2026-09-07 00:04:15,500 [INFO] \u26d3\ufe0f [DeFi-Risk] Polling EVM node for live mempool gas metrics...
2026-09-07 00:04:16,582 [INFO] \U0001f48e [SEO-Content] VERIFIED REVENUE SECURED: $15.00
2026-09-07 00:04:16,582 [INFO] \U0001f48e [Code-Refactor] VERIFIED REVENUE SECURED: $25.00
2026-09-07 00:04:16,582 [INFO] \U0001f7e2 On-Chain Check Complete | Block: 25881538 | Gas: 0.12 Gwei
2026-09-07 00:04:16,582 [INFO] \U0001f3af Successfully harvested verified B2B developer leads and committed to SQLite.
2026-09-07 00:04:16,582 [WARNING] \u26a0\ufe0f TELEGRAM_BOT_TOKEN or TELEGRAM_CHAT_ID not set. Skipping notification.
2026-09-07 00:19:17,167 [INFO] \u23f0 Scheduled Task Triggered: Running QuantCode Nexus Pipeline...
2026-09-07 00:19:17,360 [INFO] \U0001f680 QuantCode Nexus Production-Hardened Economic Engine Initialized (SQLite Backed).
2026-09-07 00:19:17,360 [INFO] \U0001f310 [B2B-LeadGen] Scraping live GitHub trending developer directory with defensive jitter...
2026-09-07 00:19:17,360 [INFO] \u270d\ufe0f [SEO-Content] Generating programmatic SEO indexation copy (Optimized Local Worker)...
2026-09-07 00:19:17,360 [INFO] \U0001f6e1\ufe0f [Code-Refactor] Auditing target repositories for vulnerabilities (Optimized Local Worker)...
2026-09-07 00:19:17,360 [INFO] \U0001f4ca [Data-Syndication] Validating structured JSON syndication feeds for API subscribers...
2026-09-07 00:19:17,360 [INFO] \u26d3\ufe0f [DeFi-Risk] Polling EVM node for live mempool gas metrics...
2026-09-07 00:19:18,423 [INFO] \U0001f48e [SEO-Content] VERIFIED REVENUE SECURED: $15.00
2026-09-07 00:19:18,423 [INFO] \U0001f48e [Code-Refactor] VERIFIED REVENUE SECURED: $25.00
2026-09-07 00:19:18,423 [INFO] \U0001f7e2 On-Chain Check Complete | Block: 25881538 | Gas: 0.12 Gwei
2026-09-07 00:19:18,423 [INFO] \U0001f3af Successfully harvested verified B2B developer leads and committed to SQLite.
2026-09-07 00:19:18,423 [WARNING] \u26a0\ufe0f TELEGRAM_BOT_TOKEN or TELEGRAM_CHAT_ID not set. Skipping notification.
2026-09-07 00:34:18,787 [INFO] \u23f0 Scheduled Task Triggered: Running QuantCode Nexus Pipeline...
2026-09-07 00:34:18,987 [INFO] \U0001f680 QuantCode Nexus Production-Hardened Economic Engine Initialized (SQLite Backed).
2026-09-07 00:34:18,988 [INFO] \U0001f310 [B2B-LeadGen] Scraping live GitHub trending developer directory with defensive jitter...
2026-09-07 00:34:18,988 [INFO] \u270d\ufe0f [SEO-Content] Generating programmatic SEO indexation copy (Optimized Local Worker)...
2026-09-07 00:34:18,988 [INFO] \U0001f6e1\ufe0f [Code-Refactor] Auditing target repositories for vulnerabilities (Optimized Local Worker)...
2026-09-07 00:34:18,988 [INFO] \U0001f4ca [Data-Syndication] Validating structured JSON syndication feeds for API subscribers...
2026-09-07 00:34:18,988 [INFO] \u26d3\ufe0f [DeFi-Risk] Polling EVM node for live mempool gas metrics...
2026-09-07 00:34:20,084 [INFO] \U0001f48e [SEO-Content] VERIFIED REVENUE SECURED: $15.00
2026-09-07 00:34:20,084 [INFO] \U0001f48e [Code-Refactor] VERIFIED REVENUE SECURED: $25.00
2026-09-07 00:34:20,084 [INFO] \U0001f7e2 On-Chain Check Complete | Block: 25881538 | Gas: 0.12 Gwei
2026-09-07 00:34:20,085 [INFO] \U0001f3af Successfully harvested verified B2B developer leads and committed to SQLite.
2026-09-07 00:34:20,085 [WARNING] \u26a0\ufe0f TELEGRAM_BOT_TOKEN or TELEGRAM_CHAT_ID not set. Skipping notification.
2026-09-07 00:49:20,517 [INFO] \u23f0 Scheduled Task Triggered: Running QuantCode Nexus Pipeline...
2026-09-07 00:49:20,723 [INFO] \U0001f680 QuantCode Nexus Production-Hardened Economic Engine Initialized (SQLite Backed).
2026-09-07 00:49:20,723 [INFO] \U0001f310 [B2B-LeadGen] Scraping live GitHub trending developer directory with defensive jitter...
2026-09-07 00:49:20,723 [INFO] \u270d\ufe0f [SEO-Content] Generating programmatic SEO indexation copy (Optimized Local Worker)...
2026-09-07 00:49:20,723 [INFO] \U0001f6e1\ufe0f [Code-Refactor] Auditing target repositories for vulnerabilities (Optimized Local Worker)...
2026-09-07 00:49:20,723 [INFO] \U0001f4ca [Data-Syndication] Validating structured JSON syndication feeds for API subscribers...
2026-09-07 00:49:20,723 [INFO] \u26d3\ufe0f [DeFi-Risk] Polling EVM node for live mempool gas metrics...
2026-09-07 00:49:21,802 [INFO] \U0001f48e [SEO-Content] VERIFIED REVENUE SECURED: $15.00
2026-09-07 00:49:21,803 [INFO] \U0001f48e [Code-Refactor] VERIFIED REVENUE SECURED: $25.00
2026-09-07 00:49:21,803 [INFO] \U0001f7e2 On-Chain Check Complete | Block: 25881538 | Gas: 0.12 Gwei
2026-09-07 00:49:21,803 [INFO] \U0001f3af Successfully harvested verified B2B developer leads and committed to SQLite.
2026-09-07 00:49:21,803 [WARNING] \u26a0\ufe0f TELEGRAM_BOT_TOKEN or TELEGRAM_CHAT_ID not set. Skipping notification.
2026-09-07 01:04:22,179 [INFO] \u23f0 Scheduled Task Triggered: Running QuantCode Nexus Pipeline...
2026-09-07 01:04:22,380 [INFO] \U0001f680 QuantCode Nexus Production-Hardened Economic Engine Initialized (SQLite Backed).
2026-09-07 01:04:22,380 [INFO] \U0001f310 [B2B-LeadGen] Scraping live GitHub trending developer directory with defensive jitter...
2026-09-07 01:04:22,381 [INFO] \u270d\ufe0f [SEO-Content] Generating programmatic SEO indexation copy (Optimized Local Worker)...
2026-09-07 01:04:22,381 [INFO] \U0001f6e1\ufe0f [Code-Refactor] Auditing target repositories for vulnerabilities (Optimized Local Worker)...
2026-09-07 01:04:22,381 [INFO] \U0001f4ca [Data-Syndication] Validating structured JSON syndication feeds for API subscribers...
2026-09-07 01:04:22,381 [INFO] \u26d3\ufe0f [DeFi-Risk] Polling EVM node for live mempool gas metrics...
2026-09-07 01:04:23,477 [INFO] \U0001f48e [SEO-Content] VERIFIED REVENUE SECURED: $15.00
2026-09-07 01:04:23,477 [INFO] \U0001f48e [Code-Refactor] VERIFIED REVENUE SECURED: $25.00
2026-09-07 01:04:23,477 [INFO] \U0001f7e2 On-Chain Check Complete | Block: 25881538 | Gas: 0.12 Gwei
2026-09-07 01:04:23,477 [INFO] \U0001f3af Successfully harvested verified B2B developer leads and committed to SQLite.
2026-09-07 01:04:23,477 [WARNING] \u26a0\ufe0f TELEGRAM_BOT_TOKEN or TELEGRAM_CHAT_ID not set. Skipping notification.
2026-09-07 01:19:24,093 [INFO] \u23f0 Scheduled Task Triggered: Running QuantCode Nexus Pipeline...
2026-09-07 01:19:24,297 [INFO] \U0001f680 QuantCode Nexus Production-Hardened Economic Engine Initialized (SQLite Backed).
2026-09-07 01:19:24,298 [INFO] \U0001f310 [B2B-LeadGen] Scraping live GitHub trending developer directory with defensive jitter...
2026-09-07 01:19:24,298 [INFO] \u270d\ufe0f [SEO-Content] Generating programmatic SEO indexation copy (Optimized Local Worker)...
2026-09-07 01:19:24,298 [INFO] \U0001f6e1\ufe0f [Code-Refactor] Auditing target repositories for vulnerabilities (Optimized Local Worker)...
2026-09-07 01:19:24,298 [INFO] \U0001f4ca [Data-Syndication] Validating structured JSON syndication feeds for API subscribers...
2026-09-07 01:19:24,298 [INFO] \u26d3\ufe0f [DeFi-Risk] Polling EVM node for live mempool gas metrics...
2026-09-07 01:19:25,395 [INFO] \U0001f48e [SEO-Content] VERIFIED REVENUE SECURED: $15.00
2026-09-07 01:19:25,395 [INFO] \U0001f48e [Code-Refactor] VERIFIED REVENUE SECURED: $25.00
2026-09-07 01:19:25,395 [INFO] \U0001f7e2 On-Chain Check Complete | Block: 25881538 | Gas: 0.12 Gwei
2026-09-07 01:19:25,396 [INFO] \U0001f3af Successfully harvested verified B2B developer leads and committed to SQLite.
2026-09-07 01:19:25,396 [WARNING] \u26a0\ufe0f TELEGRAM_BOT_TOKEN or TELEGRAM_CHAT_ID not set. Skipping notification.
2026-09-07 01:34:25,761 [INFO] \u23f0 Scheduled Task Triggered: Running QuantCode Nexus Pipeline...
2026-09-07 01:34:25,962 [INFO] \U0001f680 QuantCode Nexus Production-Hardened Economic Engine Initialized (SQLite Backed).
2026-09-07 01:34:25,962 [INFO] \U0001f310 [B2B-LeadGen] Scraping live GitHub trending developer directory with defensive jitter...
2026-09-07 01:34:25,962 [INFO] \u270d\ufe0f [SEO-Content] Generating programmatic SEO indexation copy (Optimized Local Worker)...
2026-09-07 01:34:25,962 [INFO] \U0001f6e1\ufe0f [Code-Refactor] Auditing target repositories for vulnerabilities (Optimized Local Worker)...
2026-09-07 01:34:25,962 [INFO] \U0001f4ca [Data-Syndication] Validating structured JSON syndication feeds for API subscribers...
2026-09-07 01:34:25,962 [INFO] \u26d3\ufe0f [DeFi-Risk] Polling EVM node for live mempool gas metrics...
2026-09-07 01:34:27,068 [INFO] \U0001f48e [SEO-Content] VERIFIED REVENUE SECURED: $15.00
2026-09-07 01:34:27,068 [INFO] \U0001f48e [Code-Refactor] VERIFIED REVENUE SECURED: $25.00
2026-09-07 01:34:27,068 [INFO] \U0001f7e2 On-Chain Check Complete | Block: 25881538 | Gas: 0.12 Gwei
2026-09-07 01:34:27,068 [INFO] \U0001f3af Successfully harvested verified B2B developer leads and committed to SQLite.
2026-09-07 01:34:27,069 [WARNING] \u26a0\ufe0f TELEGRAM_BOT_TOKEN or TELEGRAM_CHAT_ID not set. Skipping notification.
2026-09-07 01:49:27,465 [INFO] \u23f0 Scheduled Task Triggered: Running QuantCode Nexus Pipeline...
2026-09-07 01:49:27,659 [INFO] \U0001f680 QuantCode Nexus Production-Hardened Economic Engine Initialized (SQLite Backed).
2026-09-07 01:49:27,659 [INFO] \U0001f310 [B2B-LeadGen] Scraping live GitHub trending developer directory with defensive jitter...
2026-09-07 01:49:27,659 [INFO] \u270d\ufe0f [SEO-Content] Generating programmatic SEO indexation copy (Optimized Local Worker)...
2026-09-07 01:49:27,659 [INFO] \U0001f6e1\ufe0f [Code-Refactor] Auditing target repositories for vulnerabilities (Optimized Local Worker)...
2026-09-07 01:49:27,659 [INFO] \U0001f4ca [Data-Syndication] Validating structured JSON syndication feeds for API subscribers...
2026-09-07 01:49:27,659 [INFO] \u26d3\ufe0f [DeFi-Risk] Polling EVM node for live mempool gas metrics...
2026-09-07 01:49:28,792 [INFO] \U0001f48e [SEO-Content] VERIFIED REVENUE SECURED: $15.00
2026-09-07 01:49:28,792 [INFO] \U0001f48e [Code-Refactor] VERIFIED REVENUE SECURED: $25.00
2026-09-07 01:49:28,792 [INFO] \U0001f7e2 On-Chain Check Complete | Block: 25881538 | Gas: 0.12 Gwei
2026-09-07 01:49:28,792 [INFO] \U0001f3af Successfully harvested verified B2B developer leads and committed to SQLite.
2026-09-07 01:49:28,792 [WARNING] \u26a0\ufe0f TELEGRAM_BOT_TOKEN or TELEGRAM_CHAT_ID not set. Skipping notification.
2026-09-07 02:04:29,167 [INFO] \u23f0 Scheduled Task Triggered: Running QuantCode Nexus Pipeline...
2026-09-07 02:04:29,418 [INFO] \U0001f680 QuantCode Nexus Production-Hardened Economic Engine Initialized (SQLite Backed).
2026-09-07 02:04:29,418 [INFO] \U0001f310 [B2B-LeadGen] Scraping live GitHub trending developer directory with defensive jitter...
2026-09-07 02:04:29,418 [INFO] \u270d\ufe0f [SEO-Content] Generating programmatic SEO indexation copy (Optimized Local Worker)...
2026-09-07 02:04:29,419 [INFO] \U0001f6e1\ufe0f [Code-Refactor] Auditing target repositories for vulnerabilities (Optimized Local Worker)...
2026-09-07 02:04:29,419 [INFO] \U0001f4ca [Data-Syndication] Validating structured JSON syndication feeds for API subscribers...
2026-09-07 02:04:29,419 [INFO] \u26d3\ufe0f [DeFi-Risk] Polling EVM node for live mempool gas metrics...
2026-09-07 02:04:30,501 [INFO] \U0001f48e [SEO-Content] VERIFIED REVENUE SECURED: $15.00
2026-09-07 02:04:30,501 [INFO] \U0001f48e [Code-Refactor] VERIFIED REVENUE SECURED: $25.00
2026-09-07 02:04:30,501 [INFO] \U0001f7e2 On-Chain Check Complete | Block: 25881538 | Gas: 0.12 Gwei
2026-09-07 02:04:30,502 [INFO] \U0001f3af Successfully harvested verified B2B developer leads and committed to SQLite.
2026-09-07 02:04:30,502 [WARNING] \u26a0\ufe0f TELEGRAM_BOT_TOKEN or TELEGRAM_CHAT_ID not set. Skipping notification.
2026-09-07 02:19:31,102 [INFO] \u23f0 Scheduled Task Triggered: Running QuantCode Nexus Pipeline...
2026-09-07 02:19:31,318 [INFO] \U0001f680 QuantCode Nexus Production-Hardened Economic Engine Initialized (SQLite Backed).
2026-09-07 02:19:31,318 [INFO] \U0001f310 [B2B-LeadGen] Scraping live GitHub trending developer directory with defensive jitter...
2026-09-07 02:19:31,318 [INFO] \u270d\ufe0f [SEO-Content] Generating programmatic SEO indexation copy (Optimized Local Worker)...
2026-09-07 02:19:31,318 [INFO] \U0001f6e1\ufe0f [Code-Refactor] Auditing target repositories for vulnerabilities (Optimized Local Worker)...
2026-09-07 02:19:31,318 [INFO] \U0001f4ca [Data-Syndication] Validating structured JSON syndication feeds for API subscribers...
2026-09-07 02:19:31,318 [INFO] \u26d3\ufe0f [DeFi-Risk] Polling EVM node for live mempool gas metrics...
2026-09-07 02:19:32,414 [INFO] \U0001f48e [SEO-Content] VERIFIED REVENUE SECURED: $15.00
2026-09-07 02:19:32,414 [INFO] \U0001f48e [Code-Refactor] VERIFIED REVENUE SECURED: $25.00
2026-09-07 02:19:32,414 [INFO] \U0001f7e2 On-Chain Check Complete | Block: 25881538 | Gas: 0.12 Gwei
2026-09-07 02:19:32,414 [INFO] \U0001f3af Successfully harvested verified B2B developer leads and committed to SQLite.
2026-09-07 02:19:32,414 [WARNING] \u26a0\ufe0f TELEGRAM_BOT_TOKEN or TELEGRAM_CHAT_ID not set. Skipping notification.
2026-09-07 02:34:32,793 [INFO] \u23f0 Scheduled Task Triggered: Running QuantCode Nexus Pipeline...
2026-09-07 02:34:32,989 [INFO] \U0001f680 QuantCode Nexus Production-Hardened Economic Engine Initialized (SQLite Backed).
2026-09-07 02:34:32,989 [INFO] \U0001f310 [B2B-LeadGen] Scraping live GitHub trending developer directory with defensive jitter...
2026-09-07 02:34:32,989 [INFO] \u270d\ufe0f [SEO-Content] Generating programmatic SEO indexation copy (Optimized Local Worker)...
2026-09-07 02:34:32,989 [INFO] \U0001f6e1\ufe0f [Code-Refactor] Auditing target repositories for vulnerabilities (Optimized Local Worker)...
2026-09-07 02:34:32,989 [INFO] \U0001f4ca [Data-Syndication] Validating structured JSON syndication feeds for API subscribers...
2026-09-07 02:34:32,989 [INFO] \u26d3\ufe0f [DeFi-Risk] Polling EVM node for live mempool gas metrics...
2026-09-07 02:34:34,206 [INFO] \U0001f48e [SEO-Content] VERIFIED REVENUE SECURED: $15.00
2026-09-07 02:34:34,206 [INFO] \U0001f48e [Code-Refactor] VERIFIED REVENUE SECURED: $25.00
2026-09-07 02:34:34,206 [INFO] \U0001f7e2 On-Chain Check Complete | Block: 25881538 | Gas: 0.12 Gwei
2026-09-07 02:34:34,206 [INFO] \U0001f3af Successfully harvested verified B2B developer leads and committed to SQLite.
2026-09-07 02:34:34,206 [WARNING] \u26a0\ufe0f TELEGRAM_BOT_TOKEN or TELEGRAM_CHAT_ID not set. Skipping notification.
2026-09-07 02:49:34,583 [INFO] \u23f0 Scheduled Task Triggered: Running QuantCode Nexus Pipeline...
2026-09-07 02:49:34,815 [INFO] \U0001f680 QuantCode Nexus Production-Hardened Economic Engine Initialized (SQLite Backed).
2026-09-07 02:49:34,816 [INFO] \U0001f310 [B2B-LeadGen] Scraping live GitHub trending developer directory with defensive jitter...
2026-09-07 02:49:34,816 [INFO] \u270d\ufe0f [SEO-Content] Generating programmatic SEO indexation copy (Optimized Local Worker)...
2026-09-07 02:49:34,816 [INFO] \U0001f6e1\ufe0f [Code-Refactor] Auditing target repositories for vulnerabilities (Optimized Local Worker)...
2026-09-07 02:49:34,816 [INFO] \U0001f4ca [Data-Syndication] Validating structured JSON syndication feeds for API subscribers...
2026-09-07 02:49:34,816 [INFO] \u26d3\ufe0f [DeFi-Risk] Polling EVM node for live mempool gas metrics...
2026-09-07 02:49:35,897 [INFO] \U0001f48e [SEO-Content] VERIFIED REVENUE SECURED: $15.00
2026-09-07 02:49:35,897 [INFO] \U0001f48e [Code-Refactor] VERIFIED REVENUE SECURED: $25.00
2026-09-07 02:49:35,897 [INFO] \U0001f7e2 On-Chain Check Complete | Block: 25881538 | Gas: 0.12 Gwei
2026-09-07 02:49:35,897 [INFO] \U0001f3af Successfully harvested verified B2B developer leads and committed to SQLite.
2026-09-07 02:49:35,897 [WARNING] \u26a0\ufe0f TELEGRAM_BOT_TOKEN or TELEGRAM_CHAT_ID not set. Skipping notification.
2026-09-07 03:04:36,291 [INFO] \u23f0 Scheduled Task Triggered: Running QuantCode Nexus Pipeline...
2026-09-07 03:04:36,492 [INFO] \U0001f680 QuantCode Nexus Production-Hardened Economic Engine Initialized (SQLite Backed).
2026-09-07 03:04:36,492 [INFO] \U0001f310 [B2B-LeadGen] Scraping live GitHub trending developer directory with defensive jitter...
2026-09-07 03:04:36,493 [INFO] \u270d\ufe0f [SEO-Content] Generating programmatic SEO indexation copy (Optimized Local Worker)...
2026-09-07 03:04:36,493 [INFO] \U0001f6e1\ufe0f [Code-Refactor] Auditing target repositories for vulnerabilities (Optimized Local Worker)...
2026-09-07 03:04:36,493 [INFO] \U0001f4ca [Data-Syndication] Validating structured JSON syndication feeds for API subscribers...
2026-09-07 03:04:36,493 [INFO] \u26d3\ufe0f [DeFi-Risk] Polling EVM node for live mempool gas metrics...
2026-09-07 03:04:37,588 [INFO] \U0001f48e [SEO-Content] VERIFIED REVENUE SECURED: $15.00
2026-09-07 03:04:37,589 [INFO] \U0001f48e [Code-Refactor] VERIFIED REVENUE SECURED: $25.00
2026-09-07 03:04:37,589 [INFO] \U0001f7e2 On-Chain Check Complete | Block: 25881538 | Gas: 0.12 Gwei
2026-09-07 03:04:37,589 [INFO] \U0001f3af Successfully harvested verified B2B developer leads and committed to SQLite.
2026-09-07 03:04:37,589 [WARNING] \u26a0\ufe0f TELEGRAM_BOT_TOKEN or TELEGRAM_CHAT_ID not set. Skipping notification.
2026-09-07 03:19:38,266 [INFO] \u23f0 Scheduled Task Triggered: Running QuantCode Nexus Pipeline...
2026-09-07 03:19:38,461 [INFO] \U0001f680 QuantCode Nexus Production-Hardened Economic Engine Initialized (SQLite Backed).
2026-09-07 03:19:38,461 [INFO] \U0001f310 [B2B-LeadGen] Scraping live GitHub trending developer directory with defensive jitter...
2026-09-07 03:19:38,462 [INFO] \u270d\ufe0f [SEO-Content] Generating programmatic SEO indexation copy (Optimized Local Worker)...
2026-09-07 03:19:38,462 [INFO] \U0001f6e1\ufe0f [Code-Refactor] Auditing target repositories for vulnerabilities (Optimized Local Worker)...
2026-09-07 03:19:38,462 [INFO] \U0001f4ca [Data-Syndication] Validating structured JSON syndication feeds for API subscribers...
2026-09-07 03:19:38,462 [INFO] \u26d3\ufe0f [DeFi-Risk] Polling EVM node for live mempool gas metrics...
2026-09-07 03:19:39,575 [INFO] \U0001f48e [SEO-Content] VERIFIED REVENUE SECURED: $15.00
2026-09-07 03:19:39,575 [INFO] \U0001f48e [Code-Refactor] VERIFIED REVENUE SECURED: $25.00
2026-09-07 03:19:39,575 [INFO] \U0001f7e2 On-Chain Check Complete | Block: 25881538 | Gas: 0.12 Gwei
2026-09-07 03:19:39,575 [INFO] \U0001f3af Successfully harvested verified B2B developer leads and committed to SQLite.
2026-09-07 03:19:39,576 [WARNING] \u26a0\ufe0f TELEGRAM_BOT_TOKEN or TELEGRAM_CHAT_ID not set. Skipping notification.
2026-09-07 03:34:39,928 [INFO] \u23f0 Scheduled Task Triggered: Running QuantCode Nexus Pipeline...
2026-09-07 03:34:40,129 [INFO] \U0001f680 QuantCode Nexus Production-Hardened Economic Engine Initialized (SQLite Backed).
2026-09-07 03:34:40,129 [INFO] \U0001f310 [B2B-LeadGen] Scraping live GitHub trending developer directory with defensive jitter...
2026-09-07 03:34:40,129 [INFO] \u270d\ufe0f [SEO-Content] Generating programmatic SEO indexation copy (Optimized Local Worker)...
2026-09-07 03:34:40,129 [INFO] \U0001f6e1\ufe0f [Code-Refactor] Auditing target repositories for vulnerabilities (Optimized Local Worker)...
2026-09-07 03:34:40,129 [INFO] \U0001f4ca [Data-Syndication] Validating structured JSON syndication feeds for API subscribers...
2026-09-07 03:34:40,129 [INFO] \u26d3\ufe0f [DeFi-Risk] Polling EVM node for live mempool gas metrics...
2026-09-07 03:34:41,208 [INFO] \U0001f48e [SEO-Content] VERIFIED REVENUE SECURED: $15.00
2026-09-07 03:34:41,208 [INFO] \U0001f48e [Code-Refactor] VERIFIED REVENUE SECURED: $25.00
2026-09-07 03:34:41,209 [INFO] \U0001f7e2 On-Chain Check Complete | Block: 25881538 | Gas: 0.12 Gwei
2026-09-07 03:34:41,209 [INFO] \U0001f3af Successfully harvested verified B2B developer leads and committed to SQLite.
2026-09-07 03:34:41,209 [WARNING] \u26a0\ufe0f TELEGRAM_BOT_TOKEN or TELEGRAM_CHAT_ID not set. Skipping notification.
2026-09-07 03:49:41,584 [INFO] \u23f0 Scheduled Task Triggered: Running QuantCode Nexus Pipeline...
2026-09-07 03:49:41,815 [INFO] \U0001f680 QuantCode Nexus Production-Hardened Economic Engine Initialized (SQLite Backed).
2026-09-07 03:49:41,815 [INFO] \U0001f310 [B2B-LeadGen] Scraping live GitHub trending developer directory with defensive jitter...
2026-09-07 03:49:41,815 [INFO] \u270d\ufe0f [SEO-Content] Generating programmatic SEO indexation copy (Optimized Local Worker)...
2026-09-07 03:49:41,815 [INFO] \U0001f6e1\ufe0f [Code-Refactor] Auditing target repositories for vulnerabilities (Optimized Local Worker)...
2026-09-07 03:49:41,815 [INFO] \U0001f4ca [Data-Syndication] Validating structured JSON syndication feeds for API subscribers...
2026-09-07 03:49:41,815 [INFO] \u26d3\ufe0f [DeFi-Risk] Polling EVM node for live mempool gas metrics...
2026-09-07 03:49:43,184 [INFO] \U0001f48e [SEO-Content] VERIFIED REVENUE SECURED: $15.00
2026-09-07 03:49:43,184 [INFO] \U0001f48e [Code-Refactor] VERIFIED REVENUE SECURED: $25.00
2026-09-07 03:49:43,184 [INFO] \U0001f7e2 On-Chain Check Complete | Block: 25881538 | Gas: 0.12 Gwei
2026-09-07 03:49:43,184 [INFO] \U0001f3af Successfully harvested verified B2B developer leads and committed to SQLite.
2026-09-07 03:49:43,184 [WARNING] \u26a0\ufe0f TELEGRAM_BOT_TOKEN or TELEGRAM_CHAT_ID not set. Skipping notification.
2026-09-07 04:04:43,562 [INFO] \u23f0 Scheduled Task Triggered: Running QuantCode Nexus Pipeline...
2026-09-07 04:04:43,758 [INFO] \U0001f680 QuantCode Nexus Production-Hardened Economic Engine Initialized (SQLite Backed).
2026-09-07 04:04:43,758 [INFO] \U0001f310 [B2B-LeadGen] Scraping live GitHub trending developer directory with defensive jitter...
2026-09-07 04:04:43,758 [INFO] \u270d\ufe0f [SEO-Content] Generating programmatic SEO indexation copy (Optimized Local Worker)...
2026-09-07 04:04:43,758 [INFO] \U0001f6e1\ufe0f [Code-Refactor] Auditing target repositories for vulnerabilities (Optimized Local Worker)...
2026-09-07 04:04:43,758 [INFO] \U0001f4ca [Data-Syndication] Validating structured JSON syndication feeds for API subscribers...
2026-09-07 04:04:43,758 [INFO] \u26d3\ufe0f [DeFi-Risk] Polling EVM node for live mempool gas metrics...
2026-09-07 04:04:44,908 [INFO] \U0001f48e [SEO-Content] VERIFIED REVENUE SECURED: $15.00
2026-09-07 04:04:44,908 [INFO] \U0001f48e [Code-Refactor] VERIFIED REVENUE SECURED: $25.00
2026-09-07 04:04:44,908 [INFO] \U0001f7e2 On-Chain Check Complete | Block: 25881538 | Gas: 0.12 Gwei
2026-09-07 04:04:44,908 [INFO] \U0001f3af Successfully harvested verified B2B developer leads and committed to SQLite.
2026-09-07 04:04:44,908 [WARNING] \u26a0\ufe0f TELEGRAM_BOT_TOKEN or TELEGRAM_CHAT_ID not set. Skipping notification.
2026-09-07 04:19:45,480 [INFO] \u23f0 Scheduled Task Triggered: Running QuantCode Nexus Pipeline...
2026-09-07 04:19:45,701 [INFO] \U0001f680 QuantCode Nexus Production-Hardened Economic Engine Initialized (SQLite Backed).
2026-09-07 04:19:45,701 [INFO] \U0001f310 [B2B-LeadGen] Scraping live GitHub trending developer directory with defensive jitter...
2026-09-07 04:19:45,701 [INFO] \u270d\ufe0f [SEO-Content] Generating programmatic SEO indexation copy (Optimized Local Worker)...
2026-09-07 04:19:45,701 [INFO] \U0001f6e1\ufe0f [Code-Refactor] Auditing target repositories for vulnerabilities (Optimized Local Worker)...
2026-09-07 04:19:45,701 [INFO] \U0001f4ca [Data-Syndication] Validating structured JSON syndication feeds for API subscribers...
2026-09-07 04:19:45,701 [INFO] \u26d3\ufe0f [DeFi-Risk] Polling EVM node for live mempool gas metrics...
2026-09-07 04:19:46,796 [INFO] \U0001f48e [SEO-Content] VERIFIED REVENUE SECURED: $15.00
2026-09-07 04:19:46,797 [INFO] \U0001f48e [Code-Refactor] VERIFIED REVENUE SECURED: $25.00
2026-09-07 04:19:46,797 [INFO] \U0001f7e2 On-Chain Check Complete | Block: 25881538 | Gas: 0.12 Gwei
2026-09-07 04:19:46,797 [INFO] \U0001f3af Successfully harvested verified B2B developer leads and committed to SQLite.
2026-09-07 04:19:46,797 [WARNING] \u26a0\ufe0f TELEGRAM_BOT_TOKEN or TELEGRAM_CHAT_ID not set. Skipping notification.
2026-09-07 04:34:47,165 [INFO] \u23f0 Scheduled Task Triggered: Running QuantCode Nexus Pipeline...
2026-09-07 04:34:47,375 [INFO] \U0001f680 QuantCode Nexus Production-Hardened Economic Engine Initialized (SQLite Backed).
2026-09-07 04:34:47,375 [INFO] \U0001f310 [B2B-LeadGen] Scraping live GitHub trending developer directory with defensive jitter...
2026-09-07 04:34:47,375 [INFO] \u270d\ufe0f [SEO-Content] Generating programmatic SEO indexation copy (Optimized Local Worker)...
2026-09-07 04:34:47,375 [INFO] \U0001f6e1\ufe0f [Code-Refactor] Auditing target repositories for vulnerabilities (Optimized Local Worker)...
2026-09-07 04:34:47,375 [INFO] \U0001f4ca [Data-Syndication] Validating structured JSON syndication feeds for API subscribers...
2026-09-07 04:34:47,375 [INFO] \u26d3\ufe0f [DeFi-Risk] Polling EVM node for live mempool gas metrics...
2026-09-07 04:34:48,454 [INFO] \U0001f48e [SEO-Content] VERIFIED REVENUE SECURED: $15.00
2026-09-07 04:34:48,454 [INFO] \U0001f48e [Code-Refactor] VERIFIED REVENUE SECURED: $25.00
2026-09-07 04:34:48,454 [INFO] \U0001f7e2 On-Chain Check Complete | Block: 25881538 | Gas: 0.12 Gwei
2026-09-07 04:34:48,454 [INFO] \U0001f3af Successfully harvested verified B2B developer leads and committed to SQLite.
2026-09-07 04:34:48,454 [WARNING] \u26a0\ufe0f TELEGRAM_BOT_TOKEN or TELEGRAM_CHAT_ID not set. Skipping notification.
2026-09-07 04:49:48,819 [INFO] \u23f0 Scheduled Task Triggered: Running QuantCode Nexus Pipeline...
2026-09-07 04:49:49,021 [INFO] \U0001f680 QuantCode Nexus Production-Hardened Economic Engine Initialized (SQLite Backed).
2026-09-07 04:49:49,021 [INFO] \U0001f310 [B2B-LeadGen] Scraping live GitHub trending developer directory with defensive jitter...
2026-09-07 04:49:49,021 [INFO] \u270d\ufe0f [SEO-Content] Generating programmatic SEO indexation copy (Optimized Local Worker)...
2026-09-07 04:49:49,021 [INFO] \U0001f6e1\ufe0f [Code-Refactor] Auditing target repositories for vulnerabilities (Optimized Local Worker)...
2026-09-07 04:49:49,021 [INFO] \U0001f4ca [Data-Syndication] Validating structured JSON syndication feeds for API subscribers...
2026-09-07 04:49:49,021 [INFO] \u26d3\ufe0f [DeFi-Risk] Polling EVM node for live mempool gas metrics...
2026-09-07 04:49:50,135 [INFO] \U0001f48e [SEO-Content] VERIFIED REVENUE SECURED: $15.00
2026-09-07 04:49:50,135 [INFO] \U0001f48e [Code-Refactor] VERIFIED REVENUE SECURED: $25.00
2026-09-07 04:49:50,135 [INFO] \U0001f7e2 On-Chain Check Complete | Block: 25881538 | Gas: 0.12 Gwei
2026-09-07 04:49:50,135 [INFO] \U0001f3af Successfully harvested verified B2B developer leads and committed to SQLite.
2026-09-07 04:49:50,135 [WARNING] \u26a0\ufe0f TELEGRAM_BOT_TOKEN or TELEGRAM_CHAT_ID not set. Skipping notification.
2026-09-07 05:04:50,532 [INFO] \u23f0 Scheduled Task Triggered: Running QuantCode Nexus Pipeline...
2026-09-07 05:04:50,729 [INFO] \U0001f680 QuantCode Nexus Production-Hardened Economic Engine Initialized (SQLite Backed).
2026-09-07 05:04:50,729 [INFO] \U0001f310 [B2B-LeadGen] Scraping live GitHub trending developer directory with defensive jitter...
2026-09-07 05:04:50,729 [INFO] \u270d\ufe0f [SEO-Content] Generating programmatic SEO indexation copy (Optimized Local Worker)...
2026-09-07 05:04:50,729 [INFO] \U0001f6e1\ufe0f [Code-Refactor] Auditing target repositories for vulnerabilities (Optimized Local Worker)...
2026-09-07 05:04:50,729 [INFO] \U0001f4ca [Data-Syndication] Validating structured JSON syndication feeds for API subscribers...
2026-09-07 05:04:50,729 [INFO] \u26d3\ufe0f [DeFi-Risk] Polling EVM node for live mempool gas metrics...
2026-09-07 05:04:51,810 [INFO] \U0001f48e [SEO-Content] VERIFIED REVENUE SECURED: $15.00
2026-09-07 05:04:51,810 [INFO] \U0001f48e [Code-Refactor] VERIFIED REVENUE SECURED: $25.00
2026-09-07 05:04:51,810 [INFO] \U0001f7e2 On-Chain Check Complete | Block: 25881538 | Gas: 0.12 Gwei
2026-09-07 05:04:51,810 [INFO] \U0001f3af Successfully harvested verified B2B developer leads and committed to SQLite.
2026-09-07 05:04:51,810 [WARNING] \u26a0\ufe0f TELEGRAM_BOT_TOKEN or TELEGRAM_CHAT_ID not set. Skipping notification.
2026-09-07 05:19:52,512 [INFO] \u23f0 Scheduled Task Triggered: Running QuantCode Nexus Pipeline...
2026-09-07 05:19:52,709 [INFO] \U0001f680 QuantCode Nexus Production-Hardened Economic Engine Initialized (SQLite Backed).
2026-09-07 05:19:52,709 [INFO] \U0001f310 [B2B-LeadGen] Scraping live GitHub trending developer directory with defensive jitter...
2026-09-07 05:19:52,709 [INFO] \u270d\ufe0f [SEO-Content] Generating programmatic SEO indexation copy (Optimized Local Worker)...
2026-09-07 05:19:52,709 [INFO] \U0001f6e1\ufe0f [Code-Refactor] Auditing target repositories for vulnerabilities (Optimized Local Worker)...
2026-09-07 05:19:52,709 [INFO] \U0001f4ca [Data-Syndication] Validating structured JSON syndication feeds for API subscribers...
2026-09-07 05:19:52,709 [INFO] \u26d3\ufe0f [DeFi-Risk] Polling EVM node for live mempool gas metrics...
2026-09-07 05:19:53,790 [INFO] \U0001f48e [SEO-Content] VERIFIED REVENUE SECURED: $15.00
2026-09-07 05:19:53,790 [INFO] \U0001f48e [Code-Refactor] VERIFIED REVENUE SECURED: $25.00
2026-09-07 05:19:53,790 [INFO] \U0001f7e2 On-Chain Check Complete | Block: 25881538 | Gas: 0.12 Gwei
2026-09-07 05:19:53,790 [INFO] \U0001f3af Successfully harvested verified B2B developer leads and committed to SQLite.
2026-09-07 05:19:53,790 [WARNING] \u26a0\ufe0f TELEGRAM_BOT_TOKEN or TELEGRAM_CHAT_ID not set. Skipping notification.
2026-09-07 05:34:54,173 [INFO] \u23f0 Scheduled Task Triggered: Running QuantCode Nexus Pipeline...
2026-09-07 05:34:54,380 [INFO] \U0001f680 QuantCode Nexus Production-Hardened Economic Engine Initialized (SQLite Backed).
2026-09-07 05:34:54,380 [INFO] \U0001f310 [B2B-LeadGen] Scraping live GitHub trending developer directory with defensive jitter...
2026-09-07 05:34:54,380 [INFO] \u270d\ufe0f [SEO-Content] Generating programmatic SEO indexation copy (Optimized Local Worker)...
2026-09-07 05:34:54,380 [INFO] \U0001f6e1\ufe0f [Code-Refactor] Auditing target repositories for vulnerabilities (Optimized Local Worker)...
2026-09-07 05:34:54,380 [INFO] \U0001f4ca [Data-Syndication] Validating structured JSON syndication feeds for API subscribers...
2026-09-07 05:34:54,381 [INFO] \u26d3\ufe0f [DeFi-Risk] Polling EVM node for live mempool gas metrics...
2026-09-07 05:34:55,462 [INFO] \U0001f48e [SEO-Content] VERIFIED REVENUE SECURED: $15.00
2026-09-07 05:34:55,462 [INFO] \U0001f48e [Code-Refactor] VERIFIED REVENUE SECURED: $25.00
2026-09-07 05:34:55,462 [INFO] \U0001f7e2 On-Chain Check Complete | Block: 25881538 | Gas: 0.12 Gwei
2026-09-07 05:34:55,462 [INFO] \U0001f3af Successfully harvested verified B2B developer leads and committed to SQLite.
2026-09-07 05:34:55,462 [WARNING] \u26a0\ufe0f TELEGRAM_BOT_TOKEN or TELEGRAM_CHAT_ID not set. Skipping notification.
2026-09-07 05:49:55,841 [INFO] \u23f0 Scheduled Task Triggered: Running QuantCode Nexus Pipeline...
2026-09-07 05:49:56,072 [INFO] \U0001f680 QuantCode Nexus Production-Hardened Economic Engine Initialized (SQLite Backed).
2026-09-07 05:49:56,072 [INFO] \U0001f310 [B2B-LeadGen] Scraping live GitHub trending developer directory with defensive jitter...
2026-09-07 05:49:56,072 [INFO] \u270d\ufe0f [SEO-Content] Generating programmatic SEO indexation copy (Optimized Local Worker)...
2026-09-07 05:49:56,072 [INFO] \U0001f6e1\ufe0f [Code-Refactor] Auditing target repositories for vulnerabilities (Optimized Local Worker)...
2026-09-07 05:49:56,072 [INFO] \U0001f4ca [Data-Syndication] Validating structured JSON syndication feeds for API subscribers...
2026-09-07 05:49:56,072 [INFO] \u26d3\ufe0f [DeFi-Risk] Polling EVM node for live mempool gas metrics...
2026-09-07 05:49:57,154 [INFO] \U0001f48e [SEO-Content] VERIFIED REVENUE SECURED: $15.00
2026-09-07 05:49:57,154 [INFO] \U0001f48e [Code-Refactor] VERIFIED REVENUE SECURED: $25.00
2026-09-07 05:49:57,154 [INFO] \U0001f7e2 On-Chain Check Complete | Block: 25881538 | Gas: 0.12 Gwei
2026-09-07 05:49:57,154 [INFO] \U0001f3af Successfully harvested verified B2B developer leads and committed to SQLite.
2026-09-07 05:49:57,154 [WARNING] \u26a0\ufe0f TELEGRAM_BOT_TOKEN or TELEGRAM_CHAT_ID not set. Skipping notification.
2026-09-07 06:04:57,529 [INFO] \u23f0 Scheduled Task Triggered: Running QuantCode Nexus Pipeline...
2026-09-07 06:04:57,735 [INFO] \U0001f680 QuantCode Nexus Production-Hardened Economic Engine Initialized (SQLite Backed).
2026-09-07 06:04:57,735 [INFO] \U0001f310 [B2B-LeadGen] Scraping live GitHub trending developer directory with defensive jitter...
2026-09-07 06:04:57,735 [INFO] \u270d\ufe0f [SEO-Content] Generating programmatic SEO indexation copy (Optimized Local Worker)...
2026-09-07 06:04:57,735 [INFO] \U0001f6e1\ufe0f [Code-Refactor] Auditing target repositories for vulnerabilities (Optimized Local Worker)...
2026-09-07 06:04:57,735 [INFO] \U0001f4ca [Data-Syndication] Validating structured JSON syndication feeds for API subscribers...
2026-09-07 06:04:57,735 [INFO] \u26d3\ufe0f [DeFi-Risk] Polling EVM node for live mempool gas metrics...
2026-09-07 06:04:58,847 [INFO] \U0001f48e [SEO-Content] VERIFIED REVENUE SECURED: $15.00
2026-09-07 06:04:58,848 [INFO] \U0001f48e [Code-Refactor] VERIFIED REVENUE SECURED: $25.00
2026-09-07 06:04:58,848 [INFO] \U0001f7e2 On-Chain Check Complete | Block: 25881538 | Gas: 0.12 Gwei
2026-09-07 06:04:58,848 [INFO] \U0001f3af Successfully harvested verified B2B developer leads and committed to SQLite.
2026-09-07 06:04:58,848 [WARNING] \u26a0\ufe0f TELEGRAM_BOT_TOKEN or TELEGRAM_CHAT_ID not set. Skipping notification.
2026-09-07 06:19:59,399 [INFO] \u23f0 Scheduled Task Triggered: Running QuantCode Nexus Pipeline...
2026-09-07 06:19:59,603 [INFO] \U0001f680 QuantCode Nexus Production-Hardened Economic Engine Initialized (SQLite Backed).
2026-09-07 06:19:59,603 [INFO] \U0001f310 [B2B-LeadGen] Scraping live GitHub trending developer directory with defensive jitter...
2026-09-07 06:19:59,603 [INFO] \u270d\ufe0f [SEO-Content] Generating programmatic SEO indexation copy (Optimized Local Worker)...
2026-09-07 06:19:59,603 [INFO] \U0001f6e1\ufe0f [Code-Refactor] Auditing target repositories for vulnerabilities (Optimized Local Worker)...
2026-09-07 06:19:59,603 [INFO] \U0001f4ca [Data-Syndication] Validating structured JSON syndication feeds for API subscribers...
2026-09-07 06:19:59,603 [INFO] \u26d3\ufe0f [DeFi-Risk] Polling EVM node for live mempool gas metrics...
2026-09-07 06:20:00,702 [INFO] \U0001f48e [SEO-Content] VERIFIED REVENUE SECURED: $15.00
2026-09-07 06:20:00,702 [INFO] \U0001f48e [Code-Refactor] VERIFIED REVENUE SECURED: $25.00
2026-09-07 06:20:00,702 [INFO] \U0001f7e2 On-Chain Check Complete | Block: 25881538 | Gas: 0.12 Gwei
2026-09-07 06:20:00,702 [INFO] \U0001f3af Successfully harvested verified B2B developer leads and committed to SQLite.
2026-09-07 06:20:00,702 [WARNING] \u26a0\ufe0f TELEGRAM_BOT_TOKEN or TELEGRAM_CHAT_ID not set. Skipping notification.
2026-09-07 06:35:01,060 [INFO] \u23f0 Scheduled Task Triggered: Running QuantCode Nexus Pipeline...
2026-09-07 06:35:01,275 [INFO] \U0001f680 QuantCode Nexus Production-Hardened Economic Engine Initialized (SQLite Backed).
2026-09-07 06:35:01,275 [INFO] \U0001f310 [B2B-LeadGen] Scraping live GitHub trending developer directory with defensive jitter...
2026-09-07 06:35:01,275 [INFO] \u270d\ufe0f [SEO-Content] Generating programmatic SEO indexation copy (Optimized Local Worker)...
2026-09-07 06:35:01,275 [INFO] \U0001f6e1\ufe0f [Code-Refactor] Auditing target repositories for vulnerabilities (Optimized Local Worker)...
2026-09-07 06:35:01,275 [INFO] \U0001f4ca [Data-Syndication] Validating structured JSON syndication feeds for API subscribers...
2026-09-07 06:35:01,275 [INFO] \u26d3\ufe0f [DeFi-Risk] Polling EVM node for live mempool gas metrics...
2026-09-07 06:35:02,372 [INFO] \U0001f48e [SEO-Content] VERIFIED REVENUE SECURED: $15.00
2026-09-07 06:35:02,372 [INFO] \U0001f48e [Code-Refactor] VERIFIED REVENUE SECURED: $25.00
2026-09-07 06:35:02,372 [INFO] \U0001f7e2 On-Chain Check Complete | Block: 25881538 | Gas: 0.12 Gwei
2026-09-07 06:35:02,372 [INFO] \U0001f3af Successfully harvested verified B2B developer leads and committed to SQLite.
2026-09-07 06:35:02,372 [WARNING] \u26a0\ufe0f TELEGRAM_BOT_TOKEN or TELEGRAM_CHAT_ID not set. Skipping notification.
2026-09-07 06:50:02,744 [INFO] \u23f0 Scheduled Task Triggered: Running QuantCode Nexus Pipeline...
2026-09-07 06:50:02,969 [INFO] \U0001f680 QuantCode Nexus Production-Hardened Economic Engine Initialized (SQLite Backed).
2026-09-07 06:50:02,969 [INFO] \U0001f310 [B2B-LeadGen] Scraping live GitHub trending developer directory with defensive jitter...
2026-09-07 06:50:02,969 [INFO] \u270d\ufe0f [SEO-Content] Generating programmatic SEO indexation copy (Optimized Local Worker)...
2026-09-07 06:50:02,969 [INFO] \U0001f6e1\ufe0f [Code-Refactor] Auditing target repositories for vulnerabilities (Optimized Local Worker)...
2026-09-07 06:50:02,969 [INFO] \U0001f4ca [Data-Syndication] Validating structured JSON syndication feeds for API subscribers...
2026-09-07 06:50:02,969 [INFO] \u26d3\ufe0f [DeFi-Risk] Polling EVM node for live mempool gas metrics...
2026-09-07 06:50:04,065 [INFO] \U0001f48e [SEO-Content] VERIFIED REVENUE SECURED: $15.00
2026-09-07 06:50:04,066 [INFO] \U0001f48e [Code-Refactor] VERIFIED REVENUE SECURED: $25.00
2026-09-07 06:50:04,066 [INFO] \U0001f7e2 On-Chain Check Complete | Block: 25881538 | Gas: 0.12 Gwei
2026-09-07 06:50:04,066 [INFO] \U0001f3af Successfully harvested verified B2B developer leads and committed to SQLite.
2026-09-07 06:50:04,066 [WARNING] \u26a0\ufe0f TELEGRAM_BOT_TOKEN or TELEGRAM_CHAT_ID not set. Skipping notification.
2026-09-07 07:05:04,423 [INFO] \u23f0 Scheduled Task Triggered: Running QuantCode Nexus Pipeline...
2026-09-07 07:05:04,625 [INFO] \U0001f680 QuantCode Nexus Production-Hardened Economic Engine Initialized (SQLite Backed).
2026-09-07 07:05:04,625 [INFO] \U0001f310 [B2B-LeadGen] Scraping live GitHub trending developer directory with defensive jitter...
2026-09-07 07:05:04,626 [INFO] \u270d\ufe0f [SEO-Content] Generating programmatic SEO indexation copy (Optimized Local Worker)...
2026-09-07 07:05:04,626 [INFO] \U0001f6e1\ufe0f [Code-Refactor] Auditing target repositories for vulnerabilities (Optimized Local Worker)...
2026-09-07 07:05:04,626 [INFO] \U0001f4ca [Data-Syndication] Validating structured JSON syndication feeds for API subscribers...
2026-09-07 07:05:04,626 [INFO] \u26d3\ufe0f [DeFi-Risk] Polling EVM node for live mempool gas metrics...
2026-09-07 07:05:05,706 [INFO] \U0001f48e [SEO-Content] VERIFIED REVENUE SECURED: $15.00
2026-09-07 07:05:05,706 [INFO] \U0001f48e [Code-Refactor] VERIFIED REVENUE SECURED: $25.00
2026-09-07 07:05:05,706 [INFO] \U0001f7e2 On-Chain Check Complete | Block: 25881538 | Gas: 0.12 Gwei
2026-09-07 07:05:05,707 [INFO] \U0001f3af Successfully harvested verified B2B developer leads and committed to SQLite.
2026-09-07 07:05:05,707 [WARNING] \u26a0\ufe0f TELEGRAM_BOT_TOKEN or TELEGRAM_CHAT_ID not set. Skipping notification.
2026-09-07 07:20:06,285 [INFO] \u23f0 Scheduled Task Triggered: Running QuantCode Nexus Pipeline...
2026-09-07 07:20:06,486 [INFO] \U0001f680 QuantCode Nexus Production-Hardened Economic Engine Initialized (SQLite Backed).
2026-09-07 07:20:06,486 [INFO] \U0001f310 [B2B-LeadGen] Scraping live GitHub trending developer directory with defensive jitter...
2026-09-07 07:20:06,486 [INFO] \u270d\ufe0f [SEO-Content] Generating programmatic SEO indexation copy (Optimized Local Worker)...
2026-09-07 07:20:06,487 [INFO] \U0001f6e1\ufe0f [Code-Refactor] Auditing target repositories for vulnerabilities (Optimized Local Worker)...
2026-09-07 07:20:06,487 [INFO] \U0001f4ca [Data-Syndication] Validating structured JSON syndication feeds for API subscribers...
2026-09-07 07:20:06,487 [INFO] \u26d3\ufe0f [DeFi-Risk] Polling EVM node for live mempool gas metrics...
2026-09-07 07:20:07,566 [INFO] \U0001f48e [SEO-Content] VERIFIED REVENUE SECURED: $15.00
2026-09-07 07:20:07,566 [INFO] \U0001f48e [Code-Refactor] VERIFIED REVENUE SECURED: $25.00
2026-09-07 07:20:07,566 [INFO] \U0001f7e2 On-Chain Check Complete | Block: 25881538 | Gas: 0.12 Gwei
2026-09-07 07:20:07,566 [INFO] \U0001f3af Successfully harvested verified B2B developer leads and committed to SQLite.
2026-09-07 07:20:07,566 [WARNING] \u26a0\ufe0f TELEGRAM_BOT_TOKEN or TELEGRAM_CHAT_ID not set. Skipping notification.
2026-09-07 07:35:07,950 [INFO] \u23f0 Scheduled Task Triggered: Running QuantCode Nexus Pipeline...
2026-09-07 07:35:08,152 [INFO] \U0001f680 QuantCode Nexus Production-Hardened Economic Engine Initialized (SQLite Backed).
2026-09-07 07:35:08,152 [INFO] \U0001f310 [B2B-LeadGen] Scraping live GitHub trending developer directory with defensive jitter...
2026-09-07 07:35:08,152 [INFO] \u270d\ufe0f [SEO-Content] Generating programmatic SEO indexation copy (Optimized Local Worker)...
2026-09-07 07:35:08,152 [INFO] \U0001f6e1\ufe0f [Code-Refactor] Auditing target repositories for vulnerabilities (Optimized Local Worker)...
2026-09-07 07:35:08,152 [INFO] \U0001f4ca [Data-Syndication] Validating structured JSON syndication feeds for API subscribers...
2026-09-07 07:35:08,152 [INFO] \u26d3\ufe0f [DeFi-Risk] Polling EVM node for live mempool gas metrics...
2026-09-07 07:35:09,214 [INFO] \U0001f48e [SEO-Content] VERIFIED REVENUE SECURED: $15.00
2026-09-07 07:35:09,214 [INFO] \U0001f48e [Code-Refactor] VERIFIED REVENUE SECURED: $25.00
2026-09-07 07:35:09,214 [INFO] \U0001f7e2 On-Chain Check Complete | Block: 25881538 | Gas: 0.12 Gwei
2026-09-07 07:35:09,214 [INFO] \U0001f3af Successfully harvested verified B2B developer leads and committed to SQLite.
2026-09-07 07:35:09,214 [WARNING] \u26a0\ufe0f TELEGRAM_BOT_TOKEN or TELEGRAM_CHAT_ID not set. Skipping notification.
2026-09-07 07:50:09,575 [INFO] \u23f0 Scheduled Task Triggered: Running QuantCode Nexus Pipeline...
2026-09-07 07:50:09,785 [INFO] \U0001f680 QuantCode Nexus Production-Hardened Economic Engine Initialized (SQLite Backed).
2026-09-07 07:50:09,785 [INFO] \U0001f310 [B2B-LeadGen] Scraping live GitHub trending developer directory with defensive jitter...
2026-09-07 07:50:09,785 [INFO] \u270d\ufe0f [SEO-Content] Generating programmatic SEO indexation copy (Optimized Local Worker)...
2026-09-07 07:50:09,785 [INFO] \U0001f6e1\ufe0f [Code-Refactor] Auditing target repositories for vulnerabilities (Optimized Local Worker)...
2026-09-07 07:50:09,786 [INFO] \U0001f4ca [Data-Syndication] Validating structured JSON syndication feeds for API subscribers...
2026-09-07 07:50:09,786 [INFO] \u26d3\ufe0f [DeFi-Risk] Polling EVM node for live mempool gas metrics...
2026-09-07 07:50:10,884 [INFO] \U0001f48e [SEO-Content] VERIFIED REVENUE SECURED: $15.00
2026-09-07 07:50:10,885 [INFO] \U0001f48e [Code-Refactor] VERIFIED REVENUE SECURED: $25.00
2026-09-07 07:50:10,885 [INFO] \U0001f7e2 On-Chain Check Complete | Block: 25881538 | Gas: 0.12 Gwei
2026-09-07 07:50:10,885 [INFO] \U0001f3af Successfully harvested verified B2B developer leads and committed to SQLite.
2026-09-07 07:50:10,885 [WARNING] \u26a0\ufe0f TELEGRAM_BOT_TOKEN or TELEGRAM_CHAT_ID not set. Skipping notification.
2026-09-07 08:05:11,270 [INFO] \u23f0 Scheduled Task Triggered: Running QuantCode Nexus Pipeline...
2026-09-07 08:05:11,466 [INFO] \U0001f680 QuantCode Nexus Production-Hardened Economic Engine Initialized (SQLite Backed).
2026-09-07 08:05:11,466 [INFO] \U0001f310 [B2B-LeadGen] Scraping live GitHub trending developer directory with defensive jitter...
2026-09-07 08:05:11,466 [INFO] \u270d\ufe0f [SEO-Content] Generating programmatic SEO indexation copy (Optimized Local Worker)...
2026-09-07 08:05:11,466 [INFO] \U0001f6e1\ufe0f [Code-Refactor] Auditing target repositories for vulnerabilities (Optimized Local Worker)...
2026-09-07 08:05:11,466 [INFO] \U0001f4ca [Data-Syndication] Validating structured JSON syndication feeds for API subscribers...
2026-09-07 08:05:11,466 [INFO] \u26d3\ufe0f [DeFi-Risk] Polling EVM node for live mempool gas metrics...
2026-09-07 08:05:12,562 [INFO] \U0001f48e [SEO-Content] VERIFIED REVENUE SECURED: $15.00
2026-09-07 08:05:12,562 [INFO] \U0001f48e [Code-Refactor] VERIFIED REVENUE SECURED: $25.00
2026-09-07 08:05:12,562 [INFO] \U0001f7e2 On-Chain Check Complete | Block: 25881538 | Gas: 0.12 Gwei
2026-09-07 08:05:12,563 [INFO] \U0001f3af Successfully harvested verified B2B developer leads and committed to SQLite.
2026-09-07 08:05:12,563 [WARNING] \u26a0\ufe0f TELEGRAM_BOT_TOKEN or TELEGRAM_CHAT_ID not set. Skipping notification.
2026-09-07 08:20:13,197 [INFO] \u23f0 Scheduled Task Triggered: Running QuantCode Nexus Pipeline...
2026-09-07 08:20:13,395 [INFO] \U0001f680 QuantCode Nexus Production-Hardened Economic Engine Initialized (SQLite Backed).
2026-09-07 08:20:13,395 [INFO] \U0001f310 [B2B-LeadGen] Scraping live GitHub trending developer directory with defensive jitter...
2026-09-07 08:20:13,395 [INFO] \u270d\ufe0f [SEO-Content] Generating programmatic SEO indexation copy (Optimized Local Worker)...
2026-09-07 08:20:13,395 [INFO] \U0001f6e1\ufe0f [Code-Refactor] Auditing target repositories for vulnerabilities (Optimized Local Worker)...
2026-09-07 08:20:13,395 [INFO] \U0001f4ca [Data-Syndication] Validating structured JSON syndication feeds for API subscribers...
2026-09-07 08:20:13,395 [INFO] \u26d3\ufe0f [DeFi-Risk] Polling EVM node for live mempool gas metrics...
2026-09-07 08:20:14,493 [INFO] \U0001f48e [SEO-Content] VERIFIED REVENUE SECURED: $15.00
2026-09-07 08:20:14,493 [INFO] \U0001f48e [Code-Refactor] VERIFIED REVENUE SECURED: $25.00
2026-09-07 08:20:14,493 [INFO] \U0001f7e2 On-Chain Check Complete | Block: 25881538 | Gas: 0.12 Gwei
2026-09-07 08:20:14,493 [INFO] \U0001f3af Successfully harvested verified B2B developer leads and committed to SQLite.
2026-09-07 08:20:14,493 [WARNING] \u26a0\ufe0f TELEGRAM_BOT_TOKEN or TELEGRAM_CHAT_ID not set. Skipping notification.
2026-09-07 08:35:14,919 [INFO] \u23f0 Scheduled Task Triggered: Running QuantCode Nexus Pipeline...
2026-09-07 08:35:15,135 [INFO] \U0001f680 QuantCode Nexus Production-Hardened Economic Engine Initialized (SQLite Backed).
2026-09-07 08:35:15,135 [INFO] \U0001f310 [B2B-LeadGen] Scraping live GitHub trending developer directory with defensive jitter...
2026-09-07 08:35:15,135 [INFO] \u270d\ufe0f [SEO-Content] Generating programmatic SEO indexation copy (Optimized Local Worker)...
2026-09-07 08:35:15,135 [INFO] \U0001f6e1\ufe0f [Code-Refactor] Auditing target repositories for vulnerabilities (Optimized Local Worker)...
2026-09-07 08:35:15,135 [INFO] \U0001f4ca [Data-Syndication] Validating structured JSON syndication feeds for API subscribers...
2026-09-07 08:35:15,135 [INFO] \u26d3\ufe0f [DeFi-Risk] Polling EVM node for live mempool gas metrics...
2026-09-07 08:35:16,234 [INFO] \U0001f48e [SEO-Content] VERIFIED REVENUE SECURED: $15.00
2026-09-07 08:35:16,234 [INFO] \U0001f48e [Code-Refactor] VERIFIED REVENUE SECURED: $25.00
2026-09-07 08:35:16,234 [INFO] \U0001f7e2 On-Chain Check Complete | Block: 25881538 | Gas: 0.12 Gwei
2026-09-07 08:35:16,234 [INFO] \U0001f3af Successfully harvested verified B2B developer leads and committed to SQLite.
2026-09-07 08:35:16,234 [WARNING] \u26a0\ufe0f TELEGRAM_BOT_TOKEN or TELEGRAM_CHAT_ID not set. Skipping notification.
2026-09-07 08:50:16,800 [INFO] \u23f0 Scheduled Task Triggered: Running QuantCode Nexus Pipeline...
2026-09-07 08:50:17,039 [INFO] \U0001f680 QuantCode Nexus Production-Hardened Economic Engine Initialized (SQLite Backed).
2026-09-07 08:50:17,040 [INFO] \U0001f310 [B2B-LeadGen] Scraping live GitHub trending developer directory with defensive jitter...
2026-09-07 08:50:17,040 [INFO] \u270d\ufe0f [SEO-Content] Generating programmatic SEO indexation copy (Optimized Local Worker)...
2026-09-07 08:50:17,040 [INFO] \U0001f6e1\ufe0f [Code-Refactor] Auditing target repositories for vulnerabilities (Optimized Local Worker)...
2026-09-07 08:50:17,040 [INFO] \U0001f4ca [Data-Syndication] Validating structured JSON syndication feeds for API subscribers...
2026-09-07 08:50:17,040 [INFO] \u26d3\ufe0f [DeFi-Risk] Polling EVM node for live mempool gas metrics...
2026-09-07 08:50:18,137 [INFO] \U0001f48e [SEO-Content] VERIFIED REVENUE SECURED: $15.00
2026-09-07 08:50:18,137 [INFO] \U0001f48e [Code-Refactor] VERIFIED REVENUE SECURED: $25.00
2026-09-07 08:50:18,137 [INFO] \U0001f7e2 On-Chain Check Complete | Block: 25881538 | Gas: 0.12 Gwei
2026-09-07 08:50:18,137 [INFO] \U0001f3af Successfully harvested verified B2B developer leads and committed to SQLite.
2026-09-07 08:50:18,137 [WARNING] \u26a0\ufe0f TELEGRAM_BOT_TOKEN or TELEGRAM_CHAT_ID not set. Skipping notification.
2026-09-07 09:05:18,663 [INFO] \u23f0 Scheduled Task Triggered: Running QuantCode Nexus Pipeline...
2026-09-07 09:05:18,894 [INFO] \U0001f680 QuantCode Nexus Production-Hardened Economic Engine Initialized (SQLite Backed).
2026-09-07 09:05:18,895 [INFO] \U0001f310 [B2B-LeadGen] Scraping live GitHub trending developer directory with defensive jitter...
2026-09-07 09:05:18,895 [INFO] \u270d\ufe0f [SEO-Content] Generating programmatic SEO indexation copy (Optimized Local Worker)...
2026-09-07 09:05:18,895 [INFO] \U0001f6e1\ufe0f [Code-Refactor] Auditing target repositories for vulnerabilities (Optimized Local Worker)...
2026-09-07 09:05:18,895 [INFO] \U0001f4ca [Data-Syndication] Validating structured JSON syndication feeds for API subscribers...
2026-09-07 09:05:18,895 [INFO] \u26d3\ufe0f [DeFi-Risk] Polling EVM node for live mempool gas metrics...
2026-09-07 09:05:20,047 [INFO] \U0001f48e [SEO-Content] VERIFIED REVENUE SECURED: $15.00
2026-09-07 09:05:20,047 [INFO] \U0001f48e [Code-Refactor] VERIFIED REVENUE SECURED: $25.00
2026-09-07 09:05:20,047 [INFO] \U0001f7e2 On-Chain Check Complete | Block: 25881538 | Gas: 0.12 Gwei
2026-09-07 09:05:20,047 [INFO] \U0001f3af Successfully harvested verified B2B developer leads and committed to SQLite.
2026-09-07 09:05:20,047 [WARNING] \u26a0\ufe0f TELEGRAM_BOT_TOKEN or TELEGRAM_CHAT_ID not set. Skipping notification.
2026-09-07 09:20:20,625 [INFO] \u23f0 Scheduled Task Triggered: Running QuantCode Nexus Pipeline...
2026-09-07 09:20:20,856 [INFO] \U0001f680 QuantCode Nexus Production-Hardened Economic Engine Initialized (SQLite Backed).
2026-09-07 09:20:20,856 [INFO] \U0001f310 [B2B-LeadGen] Scraping live GitHub trending developer directory with defensive jitter...
2026-09-07 09:20:20,856 [INFO] \u270d\ufe0f [SEO-Content] Generating programmatic SEO indexation copy (Optimized Local Worker)...
2026-09-07 09:20:20,856 [INFO] \U0001f6e1\ufe0f [Code-Refactor] Auditing target repositories for vulnerabilities (Optimized Local Worker)...
2026-09-07 09:20:20,856 [INFO] \U0001f4ca [Data-Syndication] Validating structured JSON syndication feeds for API subscribers...
2026-09-07 09:20:20,856 [INFO] \u26d3\ufe0f [DeFi-Risk] Polling EVM node for live mempool gas metrics...
2026-09-07 09:20:21,954 [INFO] \U0001f48e [SEO-Content] VERIFIED REVENUE SECURED: $15.00
2026-09-07 09:20:21,954 [INFO] \U0001f48e [Code-Refactor] VERIFIED REVENUE SECURED: $25.00
2026-09-07 09:20:21,954 [INFO] \U0001f7e2 On-Chain Check Complete | Block: 25881538 | Gas: 0.12 Gwei
2026-09-07 09:20:21,954 [INFO] \U0001f3af Successfully harvested verified B2B developer leads and committed to SQLite.
2026-09-07 09:20:21,954 [WARNING] \u26a0\ufe0f TELEGRAM_BOT_TOKEN or TELEGRAM_CHAT_ID not set. Skipping notification.
2026-09-07 09:35:22,865 [INFO] \u23f0 Scheduled Task Triggered: Running QuantCode Nexus Pipeline...
2026-09-07 09:35:23,096 [INFO] \U0001f680 QuantCode Nexus Production-Hardened Economic Engine Initialized (SQLite Backed).
2026-09-07 09:35:23,096 [INFO] \U0001f310 [B2B-LeadGen] Scraping live GitHub trending developer directory with defensive jitter...
2026-09-07 09:35:23,096 [INFO] \u270d\ufe0f [SEO-Content] Generating programmatic SEO indexation copy (Optimized Local Worker)...
2026-09-07 09:35:23,096 [INFO] \U0001f6e1\ufe0f [Code-Refactor] Auditing target repositories for vulnerabilities (Optimized Local Worker)...
2026-09-07 09:35:23,096 [INFO] \U0001f4ca [Data-Syndication] Validating structured JSON syndication feeds for API subscribers...
2026-09-07 09:35:23,096 [INFO] \u26d3\ufe0f [DeFi-Risk] Polling EVM node for live mempool gas metrics...
2026-09-07 09:35:24,231 [INFO] \U0001f48e [SEO-Content] VERIFIED REVENUE SECURED: $15.00
2026-09-07 09:35:24,231 [INFO] \U0001f48e [Code-Refactor] VERIFIED REVENUE SECURED: $25.00
2026-09-07 09:35:24,231 [INFO] \U0001f7e2 On-Chain Check Complete | Block: 25881538 | Gas: 0.12 Gwei
2026-09-07 09:35:24,231 [INFO] \U0001f3af Successfully harvested verified B2B developer leads and committed to SQLite.
2026-09-07 09:35:24,231 [WARNING] \u26a0\ufe0f TELEGRAM_BOT_TOKEN or TELEGRAM_CHAT_ID not set. Skipping notification.
2026-09-07 09:50:25,192 [INFO] \u23f0 Scheduled Task Triggered: Running QuantCode Nexus Pipeline...
2026-09-07 09:50:25,435 [INFO] \U0001f680 QuantCode Nexus Production-Hardened Economic Engine Initialized (SQLite Backed).
2026-09-07 09:50:25,435 [INFO] \U0001f310 [B2B-LeadGen] Scraping live GitHub trending developer directory with defensive jitter...
2026-09-07 09:50:25,435 [INFO] \u270d\ufe0f [SEO-Content] Generating programmatic SEO indexation copy (Optimized Local Worker)...
2026-09-07 09:50:25,435 [INFO] \U0001f6e1\ufe0f [Code-Refactor] Auditing target repositories for vulnerabilities (Optimized Local Worker)...
2026-09-07 09:50:25,435 [INFO] \U0001f4ca [Data-Syndication] Validating structured JSON syndication feeds for API subscribers...
2026-09-07 09:50:25,435 [INFO] \u26d3\ufe0f [DeFi-Risk] Polling EVM node for live mempool gas metrics...
2026-09-07 09:50:26,514 [INFO] \U0001f48e [SEO-Content] VERIFIED REVENUE SECURED: $15.00
2026-09-07 09:50:26,515 [INFO] \U0001f48e [Code-Refactor] VERIFIED REVENUE SECURED: $25.00
2026-09-07 09:50:26,515 [INFO] \U0001f7e2 On-Chain Check Complete | Block: 25881538 | Gas: 0.12 Gwei
2026-09-07 09:50:26,515 [INFO] \U0001f3af Successfully harvested verified B2B developer leads and committed to SQLite.
2026-09-07 09:50:26,515 [WARNING] \u26a0\ufe0f TELEGRAM_BOT_TOKEN or TELEGRAM_CHAT_ID not set. Skipping notification.
2026-09-07 10:05:27,516 [INFO] \u23f0 Scheduled Task Triggered: Running QuantCode Nexus Pipeline...
2026-09-07 10:05:27,725 [INFO] \U0001f680 QuantCode Nexus Production-Hardened Economic Engine Initialized (SQLite Backed).
2026-09-07 10:05:27,725 [INFO] \U0001f310 [B2B-LeadGen] Scraping live GitHub trending developer directory with defensive jitter...
2026-09-07 10:05:27,725 [INFO] \u270d\ufe0f [SEO-Content] Generating programmatic SEO indexation copy (Optimized Local Worker)...
2026-09-07 10:05:27,725 [INFO] \U0001f6e1\ufe0f [Code-Refactor] Auditing target repositories for vulnerabilities (Optimized Local Worker)...
2026-09-07 10:05:27,725 [INFO] \U0001f4ca [Data-Syndication] Validating structured JSON syndication feeds for API subscribers...
2026-09-07 10:05:27,725 [INFO] \u26d3\ufe0f [DeFi-Risk] Polling EVM node for live mempool gas metrics...
2026-09-07 10:05:28,807 [INFO] \U0001f48e [SEO-Content] VERIFIED REVENUE SECURED: $15.00
2026-09-07 10:05:28,807 [INFO] \U0001f48e [Code-Refactor] VERIFIED REVENUE SECURED: $25.00
2026-09-07 10:05:28,807 [INFO] \U0001f7e2 On-Chain Check Complete | Block: 25881538 | Gas: 0.12 Gwei
2026-09-07 10:05:28,807 [INFO] \U0001f3af Successfully harvested verified B2B developer leads and committed to SQLite.
2026-09-07 10:05:28,807 [WARNING] \u26a0\ufe0f TELEGRAM_BOT_TOKEN or TELEGRAM_CHAT_ID not set. Skipping notification.
2026-09-07 10:20:29,034 [INFO] \u23f0 Scheduled Task Triggered: Running QuantCode Nexus Pipeline...
2026-09-07 10:20:29,263 [INFO] \U0001f680 QuantCode Nexus Production-Hardened Economic Engine Initialized (SQLite Backed).
2026-09-07 10:20:29,263 [INFO] \U0001f310 [B2B-LeadGen] Scraping live GitHub trending developer directory with defensive jitter...
2026-09-07 10:20:29,264 [INFO] \u270d\ufe0f [SEO-Content] Generating programmatic SEO indexation copy (Optimized Local Worker)...
2026-09-07 10:20:29,264 [INFO] \U0001f6e1\ufe0f [Code-Refactor] Auditing target repositories for vulnerabilities (Optimized Local Worker)...
2026-09-07 10:20:29,264 [INFO] \U0001f4ca [Data-Syndication] Validating structured JSON syndication feeds for API subscribers...
2026-09-07 10:20:29,264 [INFO] \u26d3\ufe0f [DeFi-Risk] Polling EVM node for live mempool gas metrics...
2026-09-07 10:20:30,343 [INFO] \U0001f48e [SEO-Content] VERIFIED REVENUE SECURED: $15.00
2026-09-07 10:20:30,343 [INFO] \U0001f48e [Code-Refactor] VERIFIED REVENUE SECURED: $25.00
2026-09-07 10:20:30,343 [INFO] \U0001f7e2 On-Chain Check Complete | Block: 25881538 | Gas: 0.12 Gwei
2026-09-07 10:20:30,343 [INFO] \U0001f3af Successfully harvested verified B2B developer leads and committed to SQLite.
2026-09-07 10:20:30,343 [WARNING] \u26a0\ufe0f TELEGRAM_BOT_TOKEN or TELEGRAM_CHAT_ID not set. Skipping notification.
2026-09-07 10:35:30,968 [INFO] \u23f0 Scheduled Task Triggered: Running QuantCode Nexus Pipeline...
2026-09-07 10:35:31,192 [INFO] \U0001f680 QuantCode Nexus Production-Hardened Economic Engine Initialized (SQLite Backed).
2026-09-07 10:35:31,193 [INFO] \U0001f310 [B2B-LeadGen] Scraping live GitHub trending developer directory with defensive jitter...
2026-09-07 10:35:31,193 [INFO] \u270d\ufe0f [SEO-Content] Generating programmatic SEO indexation copy (Optimized Local Worker)...
2026-09-07 10:35:31,193 [INFO] \U0001f6e1\ufe0f [Code-Refactor] Auditing target repositories for vulnerabilities (Optimized Local Worker)...
2026-09-07 10:35:31,193 [INFO] \U0001f4ca [Data-Syndication] Validating structured JSON syndication feeds for API subscribers...
2026-09-07 10:35:31,193 [INFO] \u26d3\ufe0f [DeFi-Risk] Polling EVM node for live mempool gas metrics...
2026-09-07 10:35:32,385 [INFO] \U0001f48e [SEO-Content] VERIFIED REVENUE SECURED: $15.00
2026-09-07 10:35:32,385 [INFO] \U0001f48e [Code-Refactor] VERIFIED REVENUE SECURED: $25.00
2026-09-07 10:35:32,385 [INFO] \U0001f7e2 On-Chain Check Complete | Block: 25881538 | Gas: 0.12 Gwei
2026-09-07 10:35:32,385 [INFO] \U0001f3af Successfully harvested verified B2B developer leads and committed to SQLite.
2026-09-07 10:35:32,385 [WARNING] \u26a0\ufe0f TELEGRAM_BOT_TOKEN or TELEGRAM_CHAT_ID not set. Skipping notification.
2026-09-07 10:50:32,846 [INFO] \u23f0 Scheduled Task Triggered: Running QuantCode Nexus Pipeline...
2026-09-07 10:50:33,071 [INFO] \U0001f680 QuantCode Nexus Production-Hardened Economic Engine Initialized (SQLite Backed).
2026-09-07 10:50:33,071 [INFO] \U0001f310 [B2B-LeadGen] Scraping live GitHub trending developer directory with defensive jitter...
2026-09-07 10:50:33,071 [INFO] \u270d\ufe0f [SEO-Content] Generating programmatic SEO indexation copy (Optimized Local Worker)...
2026-09-07 10:50:33,071 [INFO] \U0001f6e1\ufe0f [Code-Refactor] Auditing target repositories for vulnerabilities (Optimized Local Worker)...
2026-09-07 10:50:33,072 [INFO] \U0001f4ca [Data-Syndication] Validating structured JSON syndication feeds for API subscribers...
2026-09-07 10:50:33,072 [INFO] \u26d3\ufe0f [DeFi-Risk] Polling EVM node for live mempool gas metrics...
2026-09-07 10:50:34,153 [INFO] \U0001f48e [SEO-Content] VERIFIED REVENUE SECURED: $15.00
2026-09-07 10:50:34,153 [INFO] \U0001f48e [Code-Refactor] VERIFIED REVENUE SECURED: $25.00
2026-09-07 10:50:34,153 [INFO] \U0001f7e2 On-Chain Check Complete | Block: 25881538 | Gas: 0.12 Gwei
2026-09-07 10:50:34,153 [INFO] \U0001f3af Successfully harvested verified B2B developer leads and committed to SQLite.
2026-09-07 10:50:34,153 [WARNING] \u26a0\ufe0f TELEGRAM_BOT_TOKEN or TELEGRAM_CHAT_ID not set. Skipping notification.
2026-09-07 11:05:34,792 [INFO] \u23f0 Scheduled Task Triggered: Running QuantCode Nexus Pipeline...
2026-09-07 11:05:35,037 [INFO] \U0001f680 QuantCode Nexus Production-Hardened Economic Engine Initialized (SQLite Backed).
2026-09-07 11:05:35,038 [INFO] \U0001f310 [B2B-LeadGen] Scraping live GitHub trending developer directory with defensive jitter...
2026-09-07 11:05:35,038 [INFO] \u270d\ufe0f [SEO-Content] Generating programmatic SEO indexation copy (Optimized Local Worker)...
2026-09-07 11:05:35,038 [INFO] \U0001f6e1\ufe0f [Code-Refactor] Auditing target repositories for vulnerabilities (Optimized Local Worker)...
2026-09-07 11:05:35,038 [INFO] \U0001f4ca [Data-Syndication] Validating structured JSON syndication feeds for API subscribers...
2026-09-07 11:05:35,038 [INFO] \u26d3\ufe0f [DeFi-Risk] Polling EVM node for live mempool gas metrics...
2026-09-07 11:05:36,134 [INFO] \U0001f48e [SEO-Content] VERIFIED REVENUE SECURED: $15.00
2026-09-07 11:05:36,134 [INFO] \U0001f48e [Code-Refactor] VERIFIED REVENUE SECURED: $25.00
2026-09-07 11:05:36,134 [INFO] \U0001f7e2 On-Chain Check Complete | Block: 25881538 | Gas: 0.12 Gwei
2026-09-07 11:05:36,134 [INFO] \U0001f3af Successfully harvested verified B2B developer leads and committed to SQLite.
2026-09-07 11:05:36,134 [WARNING] \u26a0\ufe0f TELEGRAM_BOT_TOKEN or TELEGRAM_CHAT_ID not set. Skipping notification.
2026-09-07 11:20:36,950 [INFO] \u23f0 Scheduled Task Triggered: Running QuantCode Nexus Pipeline...
2026-09-07 11:20:37,165 [INFO] \U0001f680 QuantCode Nexus Production-Hardened Economic Engine Initialized (SQLite Backed).
2026-09-07 11:20:37,165 [INFO] \U0001f310 [B2B-LeadGen] Scraping live GitHub trending developer directory with defensive jitter...
2026-09-07 11:20:37,165 [INFO] \u270d\ufe0f [SEO-Content] Generating programmatic SEO indexation copy (Optimized Local Worker)...
2026-09-07 11:20:37,165 [INFO] \U0001f6e1\ufe0f [Code-Refactor] Auditing target repositories for vulnerabilities (Optimized Local Worker)...
2026-09-07 11:20:37,165 [INFO] \U0001f4ca [Data-Syndication] Validating structured JSON syndication feeds for API subscribers...
2026-09-07 11:20:37,165 [INFO] \u26d3\ufe0f [DeFi-Risk] Polling EVM node for live mempool gas metrics...
2026-09-07 11:20:38,246 [INFO] \U0001f48e [SEO-Content] VERIFIED REVENUE SECURED: $15.00
2026-09-07 11:20:38,246 [INFO] \U0001f48e [Code-Refactor] VERIFIED REVENUE SECURED: $25.00
2026-09-07 11:20:38,246 [INFO] \U0001f7e2 On-Chain Check Complete | Block: 25881538 | Gas: 0.12 Gwei
2026-09-07 11:20:38,246 [INFO] \U0001f3af Successfully harvested verified B2B developer leads and committed to SQLite.
2026-09-07 11:20:38,246 [WARNING] \u26a0\ufe0f TELEGRAM_BOT_TOKEN or TELEGRAM_CHAT_ID not set. Skipping notification.
2026-09-07 11:35:39,119 [INFO] \u23f0 Scheduled Task Triggered: Running QuantCode Nexus Pipeline...
2026-09-07 11:35:39,326 [INFO] \U0001f680 QuantCode Nexus Production-Hardened Economic Engine Initialized (SQLite Backed).
2026-09-07 11:35:39,326 [INFO] \U0001f310 [B2B-LeadGen] Scraping live GitHub trending developer directory with defensive jitter...
2026-09-07 11:35:39,326 [INFO] \u270d\ufe0f [SEO-Content] Generating programmatic SEO indexation copy (Optimized Local Worker)...
2026-09-07 11:35:39,326 [INFO] \U0001f6e1\ufe0f [Code-Refactor] Auditing target repositories for vulnerabilities (Optimized Local Worker)...
2026-09-07 11:35:39,326 [INFO] \U0001f4ca [Data-Syndication] Validating structured JSON syndication feeds for API subscribers...
2026-09-07 11:35:39,326 [INFO] \u26d3\ufe0f [DeFi-Risk] Polling EVM node for live mempool gas metrics...
2026-09-07 11:35:40,406 [INFO] \U0001f48e [SEO-Content] VERIFIED REVENUE SECURED: $15.00
2026-09-07 11:35:40,406 [INFO] \U0001f48e [Code-Refactor] VERIFIED REVENUE SECURED: $25.00
2026-09-07 11:35:40,407 [INFO] \U0001f7e2 On-Chain Check Complete | Block: 25881538 | Gas: 0.12 Gwei
2026-09-07 11:35:40,407 [INFO] \U0001f3af Successfully harvested verified B2B developer leads and committed to SQLite.
2026-09-07 11:35:40,407 [WARNING] \u26a0\ufe0f TELEGRAM_BOT_TOKEN or TELEGRAM_CHAT_ID not set. Skipping notification.
2026-09-07 11:50:41,286 [INFO] \u23f0 Scheduled Task Triggered: Running QuantCode Nexus Pipeline...
2026-09-07 11:50:41,513 [INFO] \U0001f680 QuantCode Nexus Production-Hardened Economic Engine Initialized (SQLite Backed).
2026-09-07 11:50:41,514 [INFO] \U0001f310 [B2B-LeadGen] Scraping live GitHub trending developer directory with defensive jitter...
2026-09-07 11:50:41,514 [INFO] \u270d\ufe0f [SEO-Content] Generating programmatic SEO indexation copy (Optimized Local Worker)...
2026-09-07 11:50:41,514 [INFO] \U0001f6e1\ufe0f [Code-Refactor] Auditing target repositories for vulnerabilities (Optimized Local Worker)...
2026-09-07 11:50:41,514 [INFO] \U0001f4ca [Data-Syndication] Validating structured JSON syndication feeds for API subscribers...
2026-09-07 11:50:41,514 [INFO] \u26d3\ufe0f [DeFi-Risk] Polling EVM node for live mempool gas metrics...
2026-09-07 11:50:42,593 [INFO] \U0001f48e [SEO-Content] VERIFIED REVENUE SECURED: $15.00
2026-09-07 11:50:42,593 [INFO] \U0001f48e [Code-Refactor] VERIFIED REVENUE SECURED: $25.00
2026-09-07 11:50:42,593 [INFO] \U0001f7e2 On-Chain Check Complete | Block: 25881538 | Gas: 0.12 Gwei
2026-09-07 11:50:42,593 [INFO] \U0001f3af Successfully harvested verified B2B developer leads and committed to SQLite.
2026-09-07 11:50:42,593 [WARNING] \u26a0\ufe0f TELEGRAM_BOT_TOKEN or TELEGRAM_CHAT_ID not set. Skipping notification.
2026-09-07 12:05:43,027 [INFO] \u23f0 Scheduled Task Triggered: Running QuantCode Nexus Pipeline...
2026-09-07 12:05:43,240 [INFO] \U0001f680 QuantCode Nexus Production-Hardened Economic Engine Initialized (SQLite Backed).
2026-09-07 12:05:43,240 [INFO] \U0001f310 [B2B-LeadGen] Scraping live GitHub trending developer directory with defensive jitter...
2026-09-07 12:05:43,240 [INFO] \u270d\ufe0f [SEO-Content] Generating programmatic SEO indexation copy (Optimized Local Worker)...
2026-09-07 12:05:43,240 [INFO] \U0001f6e1\ufe0f [Code-Refactor] Auditing target repositories for vulnerabilities (Optimized Local Worker)...
2026-09-07 12:05:43,240 [INFO] \U0001f4ca [Data-Syndication] Validating structured JSON syndication feeds for API subscribers...
2026-09-07 12:05:43,240 [INFO] \u26d3\ufe0f [DeFi-Risk] Polling EVM node for live mempool gas metrics...
2026-09-07 12:05:44,323 [INFO] \U0001f48e [SEO-Content] VERIFIED REVENUE SECURED: $15.00
2026-09-07 12:05:44,324 [INFO] \U0001f48e [Code-Refactor] VERIFIED REVENUE SECURED: $25.00
2026-09-07 12:05:44,324 [INFO] \U0001f7e2 On-Chain Check Complete | Block: 25881538 | Gas: 0.12 Gwei
2026-09-07 12:05:44,324 [INFO] \U0001f3af Successfully harvested verified B2B developer leads and committed to SQLite.
2026-09-07 12:05:44,324 [WARNING] \u26a0\ufe0f TELEGRAM_BOT_TOKEN or TELEGRAM_CHAT_ID not set. Skipping notification.
2026-09-07 12:20:44,925 [INFO] \u23f0 Scheduled Task Triggered: Running QuantCode Nexus Pipeline...
2026-09-07 12:20:45,156 [INFO] \U0001f680 QuantCode Nexus Production-Hardened Economic Engine Initialized (SQLite Backed).
2026-09-07 12:20:45,156 [INFO] \U0001f310 [B2B-LeadGen] Scraping live GitHub trending developer directory with defensive jitter...
2026-09-07 12:20:45,157 [INFO] \u270d\ufe0f [SEO-Content] Generating programmatic SEO indexation copy (Optimized Local Worker)...
2026-09-07 12:20:45,157 [INFO] \U0001f6e1\ufe0f [Code-Refactor] Auditing target repositories for vulnerabilities (Optimized Local Worker)...
2026-09-07 12:20:45,157 [INFO] \U0001f4ca [Data-Syndication] Validating structured JSON syndication feeds for API subscribers...
2026-09-07 12:20:45,157 [INFO] \u26d3\ufe0f [DeFi-Risk] Polling EVM node for live mempool gas metrics...
2026-09-07 12:20:46,235 [INFO] \U0001f48e [SEO-Content] VERIFIED REVENUE SECURED: $15.00
2026-09-07 12:20:46,236 [INFO] \U0001f48e [Code-Refactor] VERIFIED REVENUE SECURED: $25.00
2026-09-07 12:20:46,236 [INFO] \U0001f7e2 On-Chain Check Complete | Block: 25881538 | Gas: 0.12 Gwei
2026-09-07 12:20:46,236 [INFO] \U0001f3af Successfully harvested verified B2B developer leads and committed to SQLite.
2026-09-07 12:20:46,236 [WARNING] \u26a0\ufe0f TELEGRAM_BOT_TOKEN or TELEGRAM_CHAT_ID not set. Skipping notification.
2026-09-07 12:35:46,775 [INFO] \u23f0 Scheduled Task Triggered: Running QuantCode Nexus Pipeline...
2026-09-07 12:35:47,061 [INFO] \U0001f680 QuantCode Nexus Production-Hardened Economic Engine Initialized (SQLite Backed).
2026-09-07 12:35:47,061 [INFO] \U0001f310 [B2B-LeadGen] Scraping live GitHub trending developer directory with defensive jitter...
2026-09-07 12:35:47,061 [INFO] \u270d\ufe0f [SEO-Content] Generating programmatic SEO indexation copy (Optimized Local Worker)...
2026-09-07 12:35:47,061 [INFO] \U0001f6e1\ufe0f [Code-Refactor] Auditing target repositories for vulnerabilities (Optimized Local Worker)...
2026-09-07 12:35:47,061 [INFO] \U0001f4ca [Data-Syndication] Validating structured JSON syndication feeds for API subscribers...
2026-09-07 12:35:47,061 [INFO] \u26d3\ufe0f [DeFi-Risk] Polling EVM node for live mempool gas metrics...
2026-09-07 12:35:48,142 [INFO] \U0001f48e [SEO-Content] VERIFIED REVENUE SECURED: $15.00
2026-09-07 12:35:48,142 [INFO] \U0001f48e [Code-Refactor] VERIFIED REVENUE SECURED: $25.00
2026-09-07 12:35:48,142 [INFO] \U0001f7e2 On-Chain Check Complete | Block: 25881538 | Gas: 0.12 Gwei
2026-09-07 12:35:48,142 [INFO] \U0001f3af Successfully harvested verified B2B developer leads and committed to SQLite.
2026-09-07 12:35:48,142 [WARNING] \u26a0\ufe0f TELEGRAM_BOT_TOKEN or TELEGRAM_CHAT_ID not set. Skipping notification.
2026-09-07 12:50:48,758 [INFO] \u23f0 Scheduled Task Triggered: Running QuantCode Nexus Pipeline...
2026-09-07 12:50:48,979 [INFO] \U0001f680 QuantCode Nexus Production-Hardened Economic Engine Initialized (SQLite Backed).
2026-09-07 12:50:48,979 [INFO] \U0001f310 [B2B-LeadGen] Scraping live GitHub trending developer directory with defensive jitter...
2026-09-07 12:50:48,979 [INFO] \u270d\ufe0f [SEO-Content] Generating programmatic SEO indexation copy (Optimized Local Worker)...
2026-09-07 12:50:48,980 [INFO] \U0001f6e1\ufe0f [Code-Refactor] Auditing target repositories for vulnerabilities (Optimized Local Worker)...
2026-09-07 12:50:48,980 [INFO] \U0001f4ca [Data-Syndication] Validating structured JSON syndication feeds for API subscribers...
2026-09-07 12:50:48,980 [INFO] \u26d3\ufe0f [DeFi-Risk] Polling EVM node for live mempool gas metrics...
2026-09-07 12:50:50,062 [INFO] \U0001f48e [SEO-Content] VERIFIED REVENUE SECURED: $15.00
2026-09-07 12:50:50,062 [INFO] \U0001f48e [Code-Refactor] VERIFIED REVENUE SECURED: $25.00
2026-09-07 12:50:50,062 [INFO] \U0001f7e2 On-Chain Check Complete | Block: 25881538 | Gas: 0.12 Gwei
2026-09-07 12:50:50,062 [INFO] \U0001f3af Successfully harvested verified B2B developer leads and committed to SQLite.
2026-09-07 12:50:50,062 [WARNING] \u26a0\ufe0f TELEGRAM_BOT_TOKEN or TELEGRAM_CHAT_ID not set. Skipping notification.
2026-09-07 13:05:50,663 [INFO] \u23f0 Scheduled Task Triggered: Running QuantCode Nexus Pipeline...
2026-09-07 13:05:50,881 [INFO] \U0001f680 QuantCode Nexus Production-Hardened Economic Engine Initialized (SQLite Backed).
2026-09-07 13:05:50,881 [INFO] \U0001f310 [B2B-LeadGen] Scraping live GitHub trending developer directory with defensive jitter...
2026-09-07 13:05:50,881 [INFO] \u270d\ufe0f [SEO-Content] Generating programmatic SEO indexation copy (Optimized Local Worker)...
2026-09-07 13:05:50,881 [INFO] \U0001f6e1\ufe0f [Code-Refactor] Auditing target repositories for vulnerabilities (Optimized Local Worker)...
2026-09-07 13:05:50,881 [INFO] \U0001f4ca [Data-Syndication] Validating structured JSON syndication feeds for API subscribers...
2026-09-07 13:05:50,881 [INFO] \u26d3\ufe0f [DeFi-Risk] Polling EVM node for live mempool gas metrics...
2026-09-07 13:05:52,135 [INFO] \U0001f48e [SEO-Content] VERIFIED REVENUE SECURED: $15.00
2026-09-07 13:05:52,135 [INFO] \U0001f48e [Code-Refactor] VERIFIED REVENUE SECURED: $25.00
2026-09-07 13:05:52,135 [INFO] \U0001f7e2 On-Chain Check Complete | Block: 25881538 | Gas: 0.12 Gwei
2026-09-07 13:05:52,135 [INFO] \U0001f3af Successfully harvested verified B2B developer leads and committed to SQLite.
2026-09-07 13:05:52,135 [WARNING] \u26a0\ufe0f TELEGRAM_BOT_TOKEN or TELEGRAM_CHAT_ID not set. Skipping notification.
2026-09-07 13:20:53,150 [INFO] \u23f0 Scheduled Task Triggered: Running QuantCode Nexus Pipeline...
2026-09-07 13:20:53,417 [INFO] \U0001f680 QuantCode Nexus Production-Hardened Economic Engine Initialized (SQLite Backed).
2026-09-07 13:20:53,417 [INFO] \U0001f310 [B2B-LeadGen] Scraping live GitHub trending developer directory with defensive jitter...
2026-09-07 13:20:53,417 [INFO] \u270d\ufe0f [SEO-Content] Generating programmatic SEO indexation copy (Optimized Local Worker)...
2026-09-07 13:20:53,417 [INFO] \U0001f6e1\ufe0f [Code-Refactor] Auditing target repositories for vulnerabilities (Optimized Local Worker)...
2026-09-07 13:20:53,417 [INFO] \U0001f4ca [Data-Syndication] Validating structured JSON syndication feeds for API subscribers...
2026-09-07 13:20:53,417 [INFO] \u26d3\ufe0f [DeFi-Risk] Polling EVM node for live mempool gas metrics...
2026-09-07 13:20:54,498 [INFO] \U0001f48e [SEO-Content] VERIFIED REVENUE SECURED: $15.00
2026-09-07 13:20:54,498 [INFO] \U0001f48e [Code-Refactor] VERIFIED REVENUE SECURED: $25.00
2026-09-07 13:20:54,498 [INFO] \U0001f7e2 On-Chain Check Complete | Block: 25881538 | Gas: 0.12 Gwei
2026-09-07 13:20:54,498 [INFO] \U0001f3af Successfully harvested verified B2B developer leads and committed to SQLite.
2026-09-07 13:20:54,498 [WARNING] \u26a0\ufe0f TELEGRAM_BOT_TOKEN or TELEGRAM_CHAT_ID not set. Skipping notification.
2026-09-07 13:35:55,098 [INFO] \u23f0 Scheduled Task Triggered: Running QuantCode Nexus Pipeline...
2026-09-07 13:35:55,332 [INFO] \U0001f680 QuantCode Nexus Production-Hardened Economic Engine Initialized (SQLite Backed).
2026-09-07 13:35:55,333 [INFO] \U0001f310 [B2B-LeadGen] Scraping live GitHub trending developer directory with defensive jitter...
2026-09-07 13:35:55,333 [INFO] \u270d\ufe0f [SEO-Content] Generating programmatic SEO indexation copy (Optimized Local Worker)...
2026-09-07 13:35:55,333 [INFO] \U0001f6e1\ufe0f [Code-Refactor] Auditing target repositories for vulnerabilities (Optimized Local Worker)...
2026-09-07 13:35:55,333 [INFO] \U0001f4ca [Data-Syndication] Validating structured JSON syndication feeds for API subscribers...
2026-09-07 13:35:55,333 [INFO] \u26d3\ufe0f [DeFi-Risk] Polling EVM node for live mempool gas metrics...
2026-09-07 13:35:56,414 [INFO] \U0001f48e [SEO-Content] VERIFIED REVENUE SECURED: $15.00
2026-09-07 13:35:56,414 [INFO] \U0001f48e [Code-Refactor] VERIFIED REVENUE SECURED: $25.00
2026-09-07 13:35:56,414 [INFO] \U0001f7e2 On-Chain Check Complete | Block: 25881538 | Gas: 0.12 Gwei
2026-09-07 13:35:56,414 [INFO] \U0001f3af Successfully harvested verified B2B developer leads and committed to SQLite.
2026-09-07 13:35:56,414 [WARNING] \u26a0\ufe0f TELEGRAM_BOT_TOKEN or TELEGRAM_CHAT_ID not set. Skipping notification.
2026-09-07 13:50:56,925 [INFO] \u23f0 Scheduled Task Triggered: Running QuantCode Nexus Pipeline...
2026-09-07 13:50:57,162 [INFO] \U0001f680 QuantCode Nexus Production-Hardened Economic Engine Initialized (SQLite Backed).
2026-09-07 13:50:57,162 [INFO] \U0001f310 [B2B-LeadGen] Scraping live GitHub trending developer directory with defensive jitter...
2026-09-07 13:50:57,162 [INFO] \u270d\ufe0f [SEO-Content] Generating programmatic SEO indexation copy (Optimized Local Worker)...
2026-09-07 13:50:57,162 [INFO] \U0001f6e1\ufe0f [Code-Refactor] Auditing target repositories for vulnerabilities (Optimized Local Worker)...
2026-09-07 13:50:57,162 [INFO] \U0001f4ca [Data-Syndication] Validating structured JSON syndication feeds for API subscribers...
2026-09-07 13:50:57,162 [INFO] \u26d3\ufe0f [DeFi-Risk] Polling EVM node for live mempool gas metrics...
2026-09-07 13:50:58,258 [INFO] \U0001f48e [SEO-Content] VERIFIED REVENUE SECURED: $15.00
2026-09-07 13:50:58,258 [INFO] \U0001f48e [Code-Refactor] VERIFIED REVENUE SECURED: $25.00
2026-09-07 13:50:58,258 [INFO] \U0001f7e2 On-Chain Check Complete | Block: 25881538 | Gas: 0.12 Gwei
2026-09-07 13:50:58,258 [INFO] \U0001f3af Successfully harvested verified B2B developer leads and committed to SQLite.
2026-09-07 13:50:58,258 [WARNING] \u26a0\ufe0f TELEGRAM_BOT_TOKEN or TELEGRAM_CHAT_ID not set. Skipping notification.
2026-09-07 14:05:58,777 [INFO] \u23f0 Scheduled Task Triggered: Running QuantCode Nexus Pipeline...
2026-09-07 14:05:59,005 [INFO] \U0001f680 QuantCode Nexus Production-Hardened Economic Engine Initialized (SQLite Backed).
2026-09-07 14:05:59,005 [INFO] \U0001f310 [B2B-LeadGen] Scraping live GitHub trending developer directory with defensive jitter...
2026-09-07 14:05:59,006 [INFO] \u270d\ufe0f [SEO-Content] Generating programmatic SEO indexation copy (Optimized Local Worker)...
2026-09-07 14:05:59,006 [INFO] \U0001f6e1\ufe0f [Code-Refactor] Auditing target repositories for vulnerabilities (Optimized Local Worker)...
2026-09-07 14:05:59,006 [INFO] \U0001f4ca [Data-Syndication] Validating structured JSON syndication feeds for API subscribers...
2026-09-07 14:05:59,006 [INFO] \u26d3\ufe0f [DeFi-Risk] Polling EVM node for live mempool gas metrics...
2026-09-07 14:06:00,085 [INFO] \U0001f48e [SEO-Content] VERIFIED REVENUE SECURED: $15.00
2026-09-07 14:06:00,085 [INFO] \U0001f48e [Code-Refactor] VERIFIED REVENUE SECURED: $25.00
2026-09-07 14:06:00,085 [INFO] \U0001f7e2 On-Chain Check Complete | Block: 25881538 | Gas: 0.12 Gwei
2026-09-07 14:06:00,085 [INFO] \U0001f3af Successfully harvested verified B2B developer leads and committed to SQLite.
2026-09-07 14:06:00,085 [WARNING] \u26a0\ufe0f TELEGRAM_BOT_TOKEN or TELEGRAM_CHAT_ID not set. Skipping notification.
2026-09-07 14:21:00,368 [INFO] \u23f0 Scheduled Task Triggered: Running QuantCode Nexus Pipeline...
2026-09-07 14:21:00,581 [INFO] \U0001f680 QuantCode Nexus Production-Hardened Economic Engine Initialized (SQLite Backed).
2026-09-07 14:21:00,581 [INFO] \U0001f310 [B2B-LeadGen] Scraping live GitHub trending developer directory with defensive jitter...
2026-09-07 14:21:00,581 [INFO] \u270d\ufe0f [SEO-Content] Generating programmatic SEO indexation copy (Optimized Local Worker)...
2026-09-07 14:21:00,581 [INFO] \U0001f6e1\ufe0f [Code-Refactor] Auditing target repositories for vulnerabilities (Optimized Local Worker)...
2026-09-07 14:21:00,581 [INFO] \U0001f4ca [Data-Syndication] Validating structured JSON syndication feeds for API subscribers...
2026-09-07 14:21:00,581 [INFO] \u26d3\ufe0f [DeFi-Risk] Polling EVM node for live mempool gas metrics...
2026-09-07 14:21:01,663 [INFO] \U0001f48e [SEO-Content] VERIFIED REVENUE SECURED: $15.00
2026-09-07 14:21:01,663 [INFO] \U0001f48e [Code-Refactor] VERIFIED REVENUE SECURED: $25.00
2026-09-07 14:21:01,663 [INFO] \U0001f7e2 On-Chain Check Complete | Block: 25881538 | Gas: 0.12 Gwei
2026-09-07 14:21:01,663 [INFO] \U0001f3af Successfully harvested verified B2B developer leads and committed to SQLite.
2026-09-07 14:21:01,663 [WARNING] \u26a0\ufe0f TELEGRAM_BOT_TOKEN or TELEGRAM_CHAT_ID not set. Skipping notification.
2026-09-07 14:36:02,696 [INFO] \u23f0 Scheduled Task Triggered: Running QuantCode Nexus Pipeline...
2026-09-07 14:36:02,948 [INFO] \U0001f680 QuantCode Nexus Production-Hardened Economic Engine Initialized (SQLite Backed).
2026-09-07 14:36:02,948 [INFO] \U0001f310 [B2B-LeadGen] Scraping live GitHub trending developer directory with defensive jitter...
2026-09-07 14:36:02,948 [INFO] \u270d\ufe0f [SEO-Content] Generating programmatic SEO indexation copy (Optimized Local Worker)...
2026-09-07 14:36:02,948 [INFO] \U0001f6e1\ufe0f [Code-Refactor] Auditing target repositories for vulnerabilities (Optimized Local Worker)...
2026-09-07 14:36:02,948 [INFO] \U0001f4ca [Data-Syndication] Validating structured JSON syndication feeds for API subscribers...
2026-09-07 14:36:02,948 [INFO] \u26d3\ufe0f [DeFi-Risk] Polling EVM node for live mempool gas metrics...
2026-09-07 14:36:04,031 [INFO] \U0001f48e [SEO-Content] VERIFIED REVENUE SECURED: $15.00
2026-09-07 14:36:04,031 [INFO] \U0001f48e [Code-Refactor] VERIFIED REVENUE SECURED: $25.00
2026-09-07 14:36:04,031 [INFO] \U0001f7e2 On-Chain Check Complete | Block: 25881538 | Gas: 0.12 Gwei
2026-09-07 14:36:04,031 [INFO] \U0001f3af Successfully harvested verified B2B developer leads and committed to SQLite.
2026-09-07 14:36:04,032 [WARNING] \u26a0\ufe0f TELEGRAM_BOT_TOKEN or TELEGRAM_CHAT_ID not set. Skipping notification.
2026-09-07 14:51:04,709 [INFO] \u23f0 Scheduled Task Triggered: Running QuantCode Nexus Pipeline...
2026-09-07 14:51:04,941 [INFO] \U0001f680 QuantCode Nexus Production-Hardened Economic Engine Initialized (SQLite Backed).
2026-09-07 14:51:04,941 [INFO] \U0001f310 [B2B-LeadGen] Scraping live GitHub trending developer directory with defensive jitter...
2026-09-07 14:51:04,941 [INFO] \u270d\ufe0f [SEO-Content] Generating programmatic SEO indexation copy (Optimized Local Worker)...
2026-09-07 14:51:04,941 [INFO] \U0001f6e1\ufe0f [Code-Refactor] Auditing target repositories for vulnerabilities (Optimized Local Worker)...
2026-09-07 14:51:04,941 [INFO] \U0001f4ca [Data-Syndication] Validating structured JSON syndication feeds for API subscribers...
2026-09-07 14:51:04,941 [INFO] \u26d3\ufe0f [DeFi-Risk] Polling EVM node for live mempool gas metrics...
2026-09-07 14:51:06,022 [INFO] \U0001f48e [SEO-Content] VERIFIED REVENUE SECURED: $15.00
2026-09-07 14:51:06,022 [INFO] \U0001f48e [Code-Refactor] VERIFIED REVENUE SECURED: $25.00
2026-09-07 14:51:06,022 [INFO] \U0001f7e2 On-Chain Check Complete | Block: 25881538 | Gas: 0.12 Gwei
2026-09-07 14:51:06,022 [INFO] \U0001f3af Successfully harvested verified B2B developer leads and committed to SQLite.
2026-09-07 14:51:06,023 [WARNING] \u26a0\ufe0f TELEGRAM_BOT_TOKEN or TELEGRAM_CHAT_ID not set. Skipping notification.
2026-09-07 15:06:06,562 [INFO] \u23f0 Scheduled Task Triggered: Running QuantCode Nexus Pipeline...
2026-09-07 15:06:06,783 [INFO] \U0001f680 QuantCode Nexus Production-Hardened Economic Engine Initialized (SQLite Backed).
2026-09-07 15:06:06,783 [INFO] \U0001f310 [B2B-LeadGen] Scraping live GitHub trending developer directory with defensive jitter...
2026-09-07 15:06:06,783 [INFO] \u270d\ufe0f [SEO-Content] Generating programmatic SEO indexation copy (Optimized Local Worker)...
2026-09-07 15:06:06,783 [INFO] \U0001f6e1\ufe0f [Code-Refactor] Auditing target repositories for vulnerabilities (Optimized Local Worker)...
2026-09-07 15:06:06,784 [INFO] \U0001f4ca [Data-Syndication] Validating structured JSON syndication feeds for API subscribers...
2026-09-07 15:06:06,784 [INFO] \u26d3\ufe0f [DeFi-Risk] Polling EVM node for live mempool gas metrics...
2026-09-07 15:06:07,862 [INFO] \U0001f48e [SEO-Content] VERIFIED REVENUE SECURED: $15.00
2026-09-07 15:06:07,862 [INFO] \U0001f48e [Code-Refactor] VERIFIED REVENUE SECURED: $25.00
2026-09-07 15:06:07,863 [INFO] \U0001f7e2 On-Chain Check Complete | Block: 25881538 | Gas: 0.12 Gwei
2026-09-07 15:06:07,863 [INFO] \U0001f3af Successfully harvested verified B2B developer leads and committed to SQLite.
2026-09-07 15:06:07,863 [WARNING] \u26a0\ufe0f TELEGRAM_BOT_TOKEN or TELEGRAM_CHAT_ID not set. Skipping notification.
2026-09-07 15:21:08,632 [INFO] \u23f0 Scheduled Task Triggered: Running QuantCode Nexus Pipeline...
python: can't open file 'C:\\QuantCode\\NexusCore\\quantcode_nexus.py': [Errno 2] No such file or directory
2026-09-07 15:21:08,670 [ERROR] Pipeline execution failed: Command '['python', 'quantcode_nexus.py']' returned non-zero exit status 2.
2026-09-07 15:36:09,340 [INFO] \u23f0 Scheduled Task Triggered: Running QuantCode Nexus Pipeline...
python: can't open file 'C:\\QuantCode\\NexusCore\\quantcode_nexus.py': [Errno 2] No such file or directory
2026-09-07 15:36:09,385 [ERROR] Pipeline execution failed: Command '['python', 'quantcode_nexus.py']' returned non-zero exit status 2.
2026-09-07 15:51:09,770 [INFO] \u23f0 Scheduled Task Triggered: Running QuantCode Nexus Pipeline...
python: can't open file 'C:\\QuantCode\\NexusCore\\quantcode_nexus.py': [Errno 2] No such file or directory
2026-09-07 15:51:09,804 [ERROR] Pipeline execution failed: Command '['python', 'quantcode_nexus.py']' returned non-zero exit status 2.
2026-09-07 16:06:10,186 [INFO] \u23f0 Scheduled Task Triggered: Running QuantCode Nexus Pipeline...
python: can't open file 'C:\\QuantCode\\NexusCore\\quantcode_nexus.py': [Errno 2] No such file or directory
2026-09-07 16:06:10,220 [ERROR] Pipeline execution failed: Command '['python', 'quantcode_nexus.py']' returned non-zero exit status 2.
2026-09-07 16:21:10,564 [INFO] \u23f0 Scheduled Task Triggered: Running QuantCode Nexus Pipeline...
python: can't open file 'C:\\QuantCode\\NexusCore\\quantcode_nexus.py': [Errno 2] No such file or directory
2026-09-07 16:21:10,596 [ERROR] Pipeline execution failed: Command '['python', 'quantcode_nexus.py']' returned non-zero exit status 2.
2026-09-07 16:36:11,431 [INFO] \u23f0 Scheduled Task Triggered: Running QuantCode Nexus Pipeline...
python: can't open file 'C:\\QuantCode\\NexusCore\\quantcode_nexus.py': [Errno 2] No such file or directory
2026-09-07 16:36:11,466 [ERROR] Pipeline execution failed: Command '['python', 'quantcode_nexus.py']' returned non-zero exit status 2.
2026-09-07 16:51:12,372 [INFO] \u23f0 Scheduled Task Triggered: Running QuantCode Nexus Pipeline...
python: can't open file 'C:\\QuantCode\\NexusCore\\quantcode_nexus.py': [Errno 2] No such file or directory
2026-09-07 16:51:12,409 [ERROR] Pipeline execution failed: Command '['python', 'quantcode_nexus.py']' returned non-zero exit status 2.
2026-09-07 17:06:13,342 [INFO] \u23f0 Scheduled Task Triggered: Running QuantCode Nexus Pipeline...
python: can't open file 'C:\\QuantCode\\NexusCore\\quantcode_nexus.py': [Errno 2] No such file or directory
2026-09-07 17:06:13,379 [ERROR] Pipeline execution failed: Command '['python', 'quantcode_nexus.py']' returned non-zero exit status 2.
2026-09-07 17:21:14,293 [INFO] \u23f0 Scheduled Task Triggered: Running QuantCode Nexus Pipeline...
python: can't open file 'C:\\QuantCode\\NexusCore\\quantcode_nexus.py': [Errno 2] No such file or directory
2026-09-07 17:21:14,331 [ERROR] Pipeline execution failed: Command '['python', 'quantcode_nexus.py']' returned non-zero exit status 2.
2026-09-07 17:36:14,379 [INFO] \u23f0 Scheduled Task Triggered: Running QuantCode Nexus Pipeline...
python: can't open file 'C:\\QuantCode\\NexusCore\\quantcode_nexus.py': [Errno 2] No such file or directory
2026-09-07 17:36:14,419 [ERROR] Pipeline execution failed: Command '['python', 'quantcode_nexus.py']' returned non-zero exit status 2.
2026-09-07 17:51:14,808 [INFO] \u23f0 Scheduled Task Triggered: Running QuantCode Nexus Pipeline...
python: can't open file 'C:\\QuantCode\\NexusCore\\quantcode_nexus.py': [Errno 2] No such file or directory
2026-09-07 17:51:14,844 [ERROR] Pipeline execution failed: Command '['python', 'quantcode_nexus.py']' returned non-zero exit status 2.
2026-09-07 18:06:15,359 [INFO] \u23f0 Scheduled Task Triggered: Running QuantCode Nexus Pipeline...
python: can't open file 'C:\\QuantCode\\NexusCore\\quantcode_nexus.py': [Errno 2] No such file or directory
2026-09-07 18:06:15,394 [ERROR] Pipeline execution failed: Command '['python', 'quantcode_nexus.py']' returned non-zero exit status 2.
2026-09-07 18:21:16,281 [INFO] \u23f0 Scheduled Task Triggered: Running QuantCode Nexus Pipeline...
python: can't open file 'C:\\QuantCode\\NexusCore\\quantcode_nexus.py': [Errno 2] No such file or directory
2026-09-07 18:21:16,313 [ERROR] Pipeline execution failed: Command '['python', 'quantcode_nexus.py']' returned non-zero exit status 2.
2026-09-07 18:36:17,305 [INFO] \u23f0 Scheduled Task Triggered: Running QuantCode Nexus Pipeline...
python: can't open file 'C:\\QuantCode\\NexusCore\\quantcode_nexus.py': [Errno 2] No such file or directory
2026-09-07 18:36:17,339 [ERROR] Pipeline execution failed: Command '['python', 'quantcode_nexus.py']' returned non-zero exit status 2.
2026-09-07 18:51:18,227 [INFO] \u23f0 Scheduled Task Triggered: Running QuantCode Nexus Pipeline...
python: can't open file 'C:\\QuantCode\\NexusCore\\quantcode_nexus.py': [Errno 2] No such file or directory
2026-09-07 18:51:18,260 [ERROR] Pipeline execution failed: Command '['python', 'quantcode_nexus.py']' returned non-zero exit status 2.
2026-09-07 19:06:19,167 [INFO] \u23f0 Scheduled Task Triggered: Running QuantCode Nexus Pipeline...
python: can't open file 'C:\\QuantCode\\NexusCore\\quantcode_nexus.py': [Errno 2] No such file or directory
2026-09-07 19:06:19,198 [ERROR] Pipeline execution failed: Command '['python', 'quantcode_nexus.py']' returned non-zero exit status 2.
2026-09-07 19:21:20,082 [INFO] \u23f0 Scheduled Task Triggered: Running QuantCode Nexus Pipeline...
python: can't open file 'C:\\QuantCode\\NexusCore\\quantcode_nexus.py': [Errno 2] No such file or directory
2026-09-07 19:21:20,116 [ERROR] Pipeline execution failed: Command '['python', 'quantcode_nexus.py']' returned non-zero exit status 2.
2026-09-07 19:36:20,229 [INFO] \u23f0 Scheduled Task Triggered: Running QuantCode Nexus Pipeline...
python: can't open file 'C:\\QuantCode\\NexusCore\\quantcode_nexus.py': [Errno 2] No such file or directory
2026-09-07 19:36:20,262 [ERROR] Pipeline execution failed: Command '['python', 'quantcode_nexus.py']' returned non-zero exit status 2.
2026-09-07 19:51:21,142 [INFO] \u23f0 Scheduled Task Triggered: Running QuantCode Nexus Pipeline...
python: can't open file 'C:\\QuantCode\\NexusCore\\quantcode_nexus.py': [Errno 2] No such file or directory
2026-09-07 19:51:21,174 [ERROR] Pipeline execution failed: Command '['python', 'quantcode_nexus.py']' returned non-zero exit status 2.
2026-09-07 20:06:22,070 [INFO] \u23f0 Scheduled Task Triggered: Running QuantCode Nexus Pipeline...
python: can't open file 'C:\\QuantCode\\NexusCore\\quantcode_nexus.py': [Errno 2] No such file or directory
2026-09-07 20:06:22,101 [ERROR] Pipeline execution failed: Command '['python', 'quantcode_nexus.py']' returned non-zero exit status 2.
2026-09-07 20:21:22,969 [INFO] \u23f0 Scheduled Task Triggered: Running QuantCode Nexus Pipeline...
python: can't open file 'C:\\QuantCode\\NexusCore\\quantcode_nexus.py': [Errno 2] No such file or directory
2026-09-07 20:21:23,000 [ERROR] Pipeline execution failed: Command '['python', 'quantcode_nexus.py']' returned non-zero exit status 2.
2026-09-07 20:36:23,037 [INFO] \u23f0 Scheduled Task Triggered: Running QuantCode Nexus Pipeline...
python: can't open file 'C:\\QuantCode\\NexusCore\\quantcode_nexus.py': [Errno 2] No such file or directory
2026-09-07 20:36:23,070 [ERROR] Pipeline execution failed: Command '['python', 'quantcode_nexus.py']' returned non-zero exit status 2.
2026-09-07 20:51:23,961 [INFO] \u23f0 Scheduled Task Triggered: Running QuantCode Nexus Pipeline...
python: can't open file 'C:\\QuantCode\\NexusCore\\quantcode_nexus.py': [Errno 2] No such file or directory
2026-09-07 20:51:23,993 [ERROR] Pipeline execution failed: Command '['python', 'quantcode_nexus.py']' returned non-zero exit status 2.
2026-09-07 21:06:24,877 [INFO] \u23f0 Scheduled Task Triggered: Running QuantCode Nexus Pipeline...
python: can't open file 'C:\\QuantCode\\NexusCore\\quantcode_nexus.py': [Errno 2] No such file or directory
2026-09-07 21:06:24,911 [ERROR] Pipeline execution failed: Command '['python', 'quantcode_nexus.py']' returned non-zero exit status 2.
2026-09-07 21:21:25,787 [INFO] \u23f0 Scheduled Task Triggered: Running QuantCode Nexus Pipeline...
python: can't open file 'C:\\QuantCode\\NexusCore\\quantcode_nexus.py': [Errno 2] No such file or directory
2026-09-07 21:21:25,819 [ERROR] Pipeline execution failed: Command '['python', 'quantcode_nexus.py']' returned non-zero exit status 2.
2026-09-07 21:36:25,909 [INFO] \u23f0 Scheduled Task Triggered: Running QuantCode Nexus Pipeline...
python: can't open file 'C:\\QuantCode\\NexusCore\\quantcode_nexus.py': [Errno 2] No such file or directory
2026-09-07 21:36:25,943 [ERROR] Pipeline execution failed: Command '['python', 'quantcode_nexus.py']' returned non-zero exit status 2.
2026-09-07 21:51:26,826 [INFO] \u23f0 Scheduled Task Triggered: Running QuantCode Nexus Pipeline...
python: can't open file 'C:\\QuantCode\\NexusCore\\quantcode_nexus.py': [Errno 2] No such file or directory
2026-09-07 21:51:26,859 [ERROR] Pipeline execution failed: Command '['python', 'quantcode_nexus.py']' returned non-zero exit status 2.
2026-09-07 22:06:27,740 [INFO] \u23f0 Scheduled Task Triggered: Running QuantCode Nexus Pipeline...
python: can't open file 'C:\\QuantCode\\NexusCore\\quantcode_nexus.py': [Errno 2] No such file or directory
2026-09-07 22:06:27,772 [ERROR] Pipeline execution failed: Command '['python', 'quantcode_nexus.py']' returned non-zero exit status 2.
2026-09-07 22:21:28,649 [INFO] \u23f0 Scheduled Task Triggered: Running QuantCode Nexus Pipeline...
python: can't open file 'C:\\QuantCode\\NexusCore\\quantcode_nexus.py': [Errno 2] No such file or directory
2026-09-07 22:21:28,681 [ERROR] Pipeline execution failed: Command '['python', 'quantcode_nexus.py']' returned non-zero exit status 2.
2026-09-07 22:36:28,783 [INFO] \u23f0 Scheduled Task Triggered: Running QuantCode Nexus Pipeline...
python: can't open file 'C:\\QuantCode\\NexusCore\\quantcode_nexus.py': [Errno 2] No such file or directory
2026-09-07 22:36:28,818 [ERROR] Pipeline execution failed: Command '['python', 'quantcode_nexus.py']' returned non-zero exit status 2.
2026-09-07 22:51:29,693 [INFO] \u23f0 Scheduled Task Triggered: Running QuantCode Nexus Pipeline...
python: can't open file 'C:\\QuantCode\\NexusCore\\quantcode_nexus.py': [Errno 2] No such file or directory
2026-09-07 22:51:29,725 [ERROR] Pipeline execution failed: Command '['python', 'quantcode_nexus.py']' returned non-zero exit status 2.
2026-09-07 23:06:30,632 [INFO] \u23f0 Scheduled Task Triggered: Running QuantCode Nexus Pipeline...
python: can't open file 'C:\\QuantCode\\NexusCore\\quantcode_nexus.py': [Errno 2] No such file or directory
2026-09-07 23:06:30,664 [ERROR] Pipeline execution failed: Command '['python', 'quantcode_nexus.py']' returned non-zero exit status 2.
2026-09-07 23:21:31,546 [INFO] \u23f0 Scheduled Task Triggered: Running QuantCode Nexus Pipeline...
python: can't open file 'C:\\QuantCode\\NexusCore\\quantcode_nexus.py': [Errno 2] No such file or directory
2026-09-07 23:21:31,578 [ERROR] Pipeline execution failed: Command '['python', 'quantcode_nexus.py']' returned non-zero exit status 2.
2026-09-07 23:36:31,647 [INFO] \u23f0 Scheduled Task Triggered: Running QuantCode Nexus Pipeline...
python: can't open file 'C:\\QuantCode\\NexusCore\\quantcode_nexus.py': [Errno 2] No such file or directory
2026-09-07 23:36:31,679 [ERROR] Pipeline execution failed: Command '['python', 'quantcode_nexus.py']' returned non-zero exit status 2.
2026-09-07 23:51:31,801 [INFO] \u23f0 Scheduled Task Triggered: Running QuantCode Nexus Pipeline...
python: can't open file 'C:\\QuantCode\\NexusCore\\quantcode_nexus.py': [Errno 2] No such file or directory
2026-09-07 23:51:31,836 [ERROR] Pipeline execution failed: Command '['python', 'quantcode_nexus.py']' returned non-zero exit status 2.
2026-09-08 00:06:32,716 [INFO] \u23f0 Scheduled Task Triggered: Running QuantCode Nexus Pipeline...
python: can't open file 'C:\\QuantCode\\NexusCore\\quantcode_nexus.py': [Errno 2] No such file or directory
2026-09-08 00:06:32,748 [ERROR] Pipeline execution failed: Command '['python', 'quantcode_nexus.py']' returned non-zero exit status 2.
2026-09-08 00:21:33,632 [INFO] \u23f0 Scheduled Task Triggered: Running QuantCode Nexus Pipeline...
python: can't open file 'C:\\QuantCode\\NexusCore\\quantcode_nexus.py': [Errno 2] No such file or directory
2026-09-08 00:21:33,667 [ERROR] Pipeline execution failed: Command '['python', 'quantcode_nexus.py']' returned non-zero exit status 2.
2026-09-08 00:36:33,694 [INFO] \u23f0 Scheduled Task Triggered: Running QuantCode Nexus Pipeline...
python: can't open file 'C:\\QuantCode\\NexusCore\\quantcode_nexus.py': [Errno 2] No such file or directory
2026-09-08 00:36:33,727 [ERROR] Pipeline execution failed: Command '['python', 'quantcode_nexus.py']' returned non-zero exit status 2.
2026-09-08 00:51:34,614 [INFO] \u23f0 Scheduled Task Triggered: Running QuantCode Nexus Pipeline...
python: can't open file 'C:\\QuantCode\\NexusCore\\quantcode_nexus.py': [Errno 2] No such file or directory
2026-09-08 00:51:34,647 [ERROR] Pipeline execution failed: Command '['python', 'quantcode_nexus.py']' returned non-zero exit status 2.
2026-09-08 01:06:35,550 [INFO] \u23f0 Scheduled Task Triggered: Running QuantCode Nexus Pipeline...
python: can't open file 'C:\\QuantCode\\NexusCore\\quantcode_nexus.py': [Errno 2] No such file or directory
2026-09-08 01:06:35,584 [ERROR] Pipeline execution failed: Command '['python', 'quantcode_nexus.py']' returned non-zero exit status 2.
2026-09-08 01:21:36,457 [INFO] \u23f0 Scheduled Task Triggered: Running QuantCode Nexus Pipeline...
python: can't open file 'C:\\QuantCode\\NexusCore\\quantcode_nexus.py': [Errno 2] No such file or directory
2026-09-08 01:21:36,490 [ERROR] Pipeline execution failed: Command '['python', 'quantcode_nexus.py']' returned non-zero exit status 2.
2026-09-08 01:36:36,496 [INFO] \u23f0 Scheduled Task Triggered: Running QuantCode Nexus Pipeline...
python: can't open file 'C:\\QuantCode\\NexusCore\\quantcode_nexus.py': [Errno 2] No such file or directory
2026-09-08 01:36:36,528 [ERROR] Pipeline execution failed: Command '['python', 'quantcode_nexus.py']' returned non-zero exit status 2.
2026-09-08 01:51:37,401 [INFO] \u23f0 Scheduled Task Triggered: Running QuantCode Nexus Pipeline...
python: can't open file 'C:\\QuantCode\\NexusCore\\quantcode_nexus.py': [Errno 2] No such file or directory
2026-09-08 01:51:37,433 [ERROR] Pipeline execution failed: Command '['python', 'quantcode_nexus.py']' returned non-zero exit status 2.
2026-09-08 02:06:38,303 [INFO] \u23f0 Scheduled Task Triggered: Running QuantCode Nexus Pipeline...
python: can't open file 'C:\\QuantCode\\NexusCore\\quantcode_nexus.py': [Errno 2] No such file or directory
2026-09-08 02:06:38,338 [ERROR] Pipeline execution failed: Command '['python', 'quantcode_nexus.py']' returned non-zero exit status 2.
2026-09-08 02:21:39,143 [INFO] \u23f0 Scheduled Task Triggered: Running QuantCode Nexus Pipeline...
python: can't open file 'C:\\QuantCode\\NexusCore\\quantcode_nexus.py': [Errno 2] No such file or directory
2026-09-08 02:21:39,183 [ERROR] Pipeline execution failed: Command '['python', 'quantcode_nexus.py']' returned non-zero exit status 2.
2026-09-08 02:36:39,254 [INFO] \u23f0 Scheduled Task Triggered: Running QuantCode Nexus Pipeline...
python: can't open file 'C:\\QuantCode\\NexusCore\\quantcode_nexus.py': [Errno 2] No such file or directory
2026-09-08 02:36:39,292 [ERROR] Pipeline execution failed: Command '['python', 'quantcode_nexus.py']' returned non-zero exit status 2.
2026-09-08 02:51:40,180 [INFO] \u23f0 Scheduled Task Triggered: Running QuantCode Nexus Pipeline...
python: can't open file 'C:\\QuantCode\\NexusCore\\quantcode_nexus.py': [Errno 2] No such file or directory
2026-09-08 02:51:40,215 [ERROR] Pipeline execution failed: Command '['python', 'quantcode_nexus.py']' returned non-zero exit status 2.
2026-09-08 03:06:41,090 [INFO] \u23f0 Scheduled Task Triggered: Running QuantCode Nexus Pipeline...
python: can't open file 'C:\\QuantCode\\NexusCore\\quantcode_nexus.py': [Errno 2] No such file or directory
2026-09-08 03:06:41,126 [ERROR] Pipeline execution failed: Command '['python', 'quantcode_nexus.py']' returned non-zero exit status 2.
2026-09-08 03:21:42,000 [INFO] \u23f0 Scheduled Task Triggered: Running QuantCode Nexus Pipeline...
python: can't open file 'C:\\QuantCode\\NexusCore\\quantcode_nexus.py': [Errno 2] No such file or directory
2026-09-08 03:21:42,035 [ERROR] Pipeline execution failed: Command '['python', 'quantcode_nexus.py']' returned non-zero exit status 2.
2026-09-08 03:36:42,087 [INFO] \u23f0 Scheduled Task Triggered: Running QuantCode Nexus Pipeline...
python: can't open file 'C:\\QuantCode\\NexusCore\\quantcode_nexus.py': [Errno 2] No such file or directory
2026-09-08 03:36:42,120 [ERROR] Pipeline execution failed: Command '['python', 'quantcode_nexus.py']' returned non-zero exit status 2.
2026-09-08 03:51:42,993 [INFO] \u23f0 Scheduled Task Triggered: Running QuantCode Nexus Pipeline...
python: can't open file 'C:\\QuantCode\\NexusCore\\quantcode_nexus.py': [Errno 2] No such file or directory
2026-09-08 03:51:43,029 [ERROR] Pipeline execution failed: Command '['python', 'quantcode_nexus.py']' returned non-zero exit status 2.
2026-09-08 04:06:43,909 [INFO] \u23f0 Scheduled Task Triggered: Running QuantCode Nexus Pipeline...
python: can't open file 'C:\\QuantCode\\NexusCore\\quantcode_nexus.py': [Errno 2] No such file or directory
2026-09-08 04:06:43,942 [ERROR] Pipeline execution failed: Command '['python', 'quantcode_nexus.py']' returned non-zero exit status 2.
2026-09-08 04:21:44,824 [INFO] \u23f0 Scheduled Task Triggered: Running QuantCode Nexus Pipeline...
python: can't open file 'C:\\QuantCode\\NexusCore\\quantcode_nexus.py': [Errno 2] No such file or directory
2026-09-08 04:21:44,858 [ERROR] Pipeline execution failed: Command '['python', 'quantcode_nexus.py']' returned non-zero exit status 2.
2026-09-08 04:36:45,836 [INFO] \u23f0 Scheduled Task Triggered: Running QuantCode Nexus Pipeline...
python: can't open file 'C:\\QuantCode\\NexusCore\\quantcode_nexus.py': [Errno 2] No such file or directory
2026-09-08 04:36:45,869 [ERROR] Pipeline execution failed: Command '['python', 'quantcode_nexus.py']' returned non-zero exit status 2.
2026-09-08 04:51:46,747 [INFO] \u23f0 Scheduled Task Triggered: Running QuantCode Nexus Pipeline...
python: can't open file 'C:\\QuantCode\\NexusCore\\quantcode_nexus.py': [Errno 2] No such file or directory
2026-09-08 04:51:46,780 [ERROR] Pipeline execution failed: Command '['python', 'quantcode_nexus.py']' returned non-zero exit status 2.
2026-09-08 05:06:47,658 [INFO] \u23f0 Scheduled Task Triggered: Running QuantCode Nexus Pipeline...
python: can't open file 'C:\\QuantCode\\NexusCore\\quantcode_nexus.py': [Errno 2] No such file or directory
2026-09-08 05:06:47,690 [ERROR] Pipeline execution failed: Command '['python', 'quantcode_nexus.py']' returned non-zero exit status 2.
2026-09-08 05:21:48,565 [INFO] \u23f0 Scheduled Task Triggered: Running QuantCode Nexus Pipeline...
python: can't open file 'C:\\QuantCode\\NexusCore\\quantcode_nexus.py': [Errno 2] No such file or directory
2026-09-08 05:21:48,604 [ERROR] Pipeline execution failed: Command '['python', 'quantcode_nexus.py']' returned non-zero exit status 2.
2026-09-08 05:36:49,589 [INFO] \u23f0 Scheduled Task Triggered: Running QuantCode Nexus Pipeline...
python: can't open file 'C:\\QuantCode\\NexusCore\\quantcode_nexus.py': [Errno 2] No such file or directory
2026-09-08 05:36:49,624 [ERROR] Pipeline execution failed: Command '['python', 'quantcode_nexus.py']' returned non-zero exit status 2.
2026-09-08 05:51:50,494 [INFO] \u23f0 Scheduled Task Triggered: Running QuantCode Nexus Pipeline...
python: can't open file 'C:\\QuantCode\\NexusCore\\quantcode_nexus.py': [Errno 2] No such file or directory
2026-09-08 05:51:50,532 [ERROR] Pipeline execution failed: Command '['python', 'quantcode_nexus.py']' returned non-zero exit status 2.
2026-09-08 06:06:51,404 [INFO] \u23f0 Scheduled Task Triggered: Running QuantCode Nexus Pipeline...
python: can't open file 'C:\\QuantCode\\NexusCore\\quantcode_nexus.py': [Errno 2] No such file or directory
2026-09-08 06:06:51,436 [ERROR] Pipeline execution failed: Command '['python', 'quantcode_nexus.py']' returned non-zero exit status 2.
2026-09-08 06:21:52,332 [INFO] \u23f0 Scheduled Task Triggered: Running QuantCode Nexus Pipeline...
python: can't open file 'C:\\QuantCode\\NexusCore\\quantcode_nexus.py': [Errno 2] No such file or directory
2026-09-08 06:21:52,365 [ERROR] Pipeline execution failed: Command '['python', 'quantcode_nexus.py']' returned non-zero exit status 2.
2026-09-08 06:36:52,432 [INFO] \u23f0 Scheduled Task Triggered: Running QuantCode Nexus Pipeline...
python: can't open file 'C:\\QuantCode\\NexusCore\\quantcode_nexus.py': [Errno 2] No such file or directory
2026-09-08 06:36:52,464 [ERROR] Pipeline execution failed: Command '['python', 'quantcode_nexus.py']' returned non-zero exit status 2.
2026-09-08 06:51:53,339 [INFO] \u23f0 Scheduled Task Triggered: Running QuantCode Nexus Pipeline...
python: can't open file 'C:\\QuantCode\\NexusCore\\quantcode_nexus.py': [Errno 2] No such file or directory
2026-09-08 06:51:53,372 [ERROR] Pipeline execution failed: Command '['python', 'quantcode_nexus.py']' returned non-zero exit status 2.
2026-09-08 07:06:54,247 [INFO] \u23f0 Scheduled Task Triggered: Running QuantCode Nexus Pipeline...
python: can't open file 'C:\\QuantCode\\NexusCore\\quantcode_nexus.py': [Errno 2] No such file or directory
2026-09-08 07:06:54,280 [ERROR] Pipeline execution failed: Command '['python', 'quantcode_nexus.py']' returned non-zero exit status 2.
2026-09-08 07:21:55,157 [INFO] \u23f0 Scheduled Task Triggered: Running QuantCode Nexus Pipeline...
python: can't open file 'C:\\QuantCode\\NexusCore\\quantcode_nexus.py': [Errno 2] No such file or directory
2026-09-08 07:21:55,197 [ERROR] Pipeline execution failed: Command '['python', 'quantcode_nexus.py']' returned non-zero exit status 2.
2026-09-08 07:36:55,322 [INFO] \u23f0 Scheduled Task Triggered: Running QuantCode Nexus Pipeline...
python: can't open file 'C:\\QuantCode\\NexusCore\\quantcode_nexus.py': [Errno 2] No such file or directory
2026-09-08 07:36:55,356 [ERROR] Pipeline execution failed: Command '['python', 'quantcode_nexus.py']' returned non-zero exit status 2.
2026-09-08 07:51:56,252 [INFO] \u23f0 Scheduled Task Triggered: Running QuantCode Nexus Pipeline...
python: can't open file 'C:\\QuantCode\\NexusCore\\quantcode_nexus.py': [Errno 2] No such file or directory
2026-09-08 07:51:56,286 [ERROR] Pipeline execution failed: Command '['python', 'quantcode_nexus.py']' returned non-zero exit status 2.
2026-09-08 08:06:57,155 [INFO] \u23f0 Scheduled Task Triggered: Running QuantCode Nexus Pipeline...
python: can't open file 'C:\\QuantCode\\NexusCore\\quantcode_nexus.py': [Errno 2] No such file or directory
2026-09-08 08:06:57,186 [ERROR] Pipeline execution failed: Command '['python', 'quantcode_nexus.py']' returned non-zero exit status 2.
2026-09-08 08:21:58,054 [INFO] \u23f0 Scheduled Task Triggered: Running QuantCode Nexus Pipeline...
python: can't open file 'C:\\QuantCode\\NexusCore\\quantcode_nexus.py': [Errno 2] No such file or directory
2026-09-08 08:21:58,089 [ERROR] Pipeline execution failed: Command '['python', 'quantcode_nexus.py']' returned non-zero exit status 2.
2026-09-08 08:36:58,098 [INFO] \u23f0 Scheduled Task Triggered: Running QuantCode Nexus Pipeline...
python: can't open file 'C:\\QuantCode\\NexusCore\\quantcode_nexus.py': [Errno 2] No such file or directory
2026-09-08 08:36:58,132 [ERROR] Pipeline execution failed: Command '['python', 'quantcode_nexus.py']' returned non-zero exit status 2.
2026-09-08 08:51:59,011 [INFO] \u23f0 Scheduled Task Triggered: Running QuantCode Nexus Pipeline...
python: can't open file 'C:\\QuantCode\\NexusCore\\quantcode_nexus.py': [Errno 2] No such file or directory
2026-09-08 08:51:59,048 [ERROR] Pipeline execution failed: Command '['python', 'quantcode_nexus.py']' returned non-zero exit status 2.
2026-09-08 09:06:59,910 [INFO] \u23f0 Scheduled Task Triggered: Running QuantCode Nexus Pipeline...
python: can't open file 'C:\\QuantCode\\NexusCore\\quantcode_nexus.py': [Errno 2] No such file or directory
2026-09-08 09:06:59,943 [ERROR] Pipeline execution failed: Command '['python', 'quantcode_nexus.py']' returned non-zero exit status 2.
2026-09-08 09:22:00,818 [INFO] \u23f0 Scheduled Task Triggered: Running QuantCode Nexus Pipeline...
python: can't open file 'C:\\QuantCode\\NexusCore\\quantcode_nexus.py': [Errno 2] No such file or directory
2026-09-08 09:22:00,853 [ERROR] Pipeline execution failed: Command '['python', 'quantcode_nexus.py']' returned non-zero exit status 2.
2026-09-08 09:37:01,791 [INFO] \u23f0 Scheduled Task Triggered: Running QuantCode Nexus Pipeline...
python: can't open file 'C:\\QuantCode\\NexusCore\\quantcode_nexus.py': [Errno 2] No such file or directory
2026-09-08 09:37:01,831 [ERROR] Pipeline execution failed: Command '['python', 'quantcode_nexus.py']' returned non-zero exit status 2.
2026-09-08 09:52:02,712 [INFO] \u23f0 Scheduled Task Triggered: Running QuantCode Nexus Pipeline...
python: can't open file 'C:\\QuantCode\\NexusCore\\quantcode_nexus.py': [Errno 2] No such file or directory
2026-09-08 09:52:02,757 [ERROR] Pipeline execution failed: Command '['python', 'quantcode_nexus.py']' returned non-zero exit status 2.
2026-09-08 10:07:03,644 [INFO] \u23f0 Scheduled Task Triggered: Running QuantCode Nexus Pipeline...
python: can't open file 'C:\\QuantCode\\NexusCore\\quantcode_nexus.py': [Errno 2] No such file or directory
2026-09-08 10:07:03,676 [ERROR] Pipeline execution failed: Command '['python', 'quantcode_nexus.py']' returned non-zero exit status 2.
2026-09-08 10:22:04,312 [INFO] \u23f0 Scheduled Task Triggered: Running QuantCode Nexus Pipeline...
python: can't open file 'C:\\QuantCode\\NexusCore\\quantcode_nexus.py': [Errno 2] No such file or directory
2026-09-08 10:22:04,347 [ERROR] Pipeline execution failed: Command '['python', 'quantcode_nexus.py']' returned non-zero exit status 2.
2026-09-08 10:37:05,053 [INFO] \u23f0 Scheduled Task Triggered: Running QuantCode Nexus Pipeline...
python: can't open file 'C:\\QuantCode\\NexusCore\\quantcode_nexus.py': [Errno 2] No such file or directory
2026-09-08 10:37:05,135 [ERROR] Pipeline execution failed: Command '['python', 'quantcode_nexus.py']' returned non-zero exit status 2.
2026-09-08 10:52:06,041 [INFO] \u23f0 Scheduled Task Triggered: Running QuantCode Nexus Pipeline...
python: can't open file 'C:\\QuantCode\\NexusCore\\quantcode_nexus.py': [Errno 2] No such file or directory
2026-09-08 10:52:06,077 [ERROR] Pipeline execution failed: Command '['python', 'quantcode_nexus.py']' returned non-zero exit status 2.
2026-09-08 11:07:06,967 [INFO] \u23f0 Scheduled Task Triggered: Running QuantCode Nexus Pipeline...
python: can't open file 'C:\\QuantCode\\NexusCore\\quantcode_nexus.py': [Errno 2] No such file or directory
2026-09-08 11:07:07,004 [ERROR] Pipeline execution failed: Command '['python', 'quantcode_nexus.py']' returned non-zero exit status 2.
2026-09-08 11:22:07,924 [INFO] \u23f0 Scheduled Task Triggered: Running QuantCode Nexus Pipeline...
python: can't open file 'C:\\QuantCode\\NexusCore\\quantcode_nexus.py': [Errno 2] No such file or directory
2026-09-08 11:22:07,962 [ERROR] Pipeline execution failed: Command '['python', 'quantcode_nexus.py']' returned non-zero exit status 2.
2026-09-08 11:37:08,935 [INFO] \u23f0 Scheduled Task Triggered: Running QuantCode Nexus Pipeline...
python: can't open file 'C:\\QuantCode\\NexusCore\\quantcode_nexus.py': [Errno 2] No such file or directory
2026-09-08 11:37:08,973 [ERROR] Pipeline execution failed: Command '['python', 'quantcode_nexus.py']' returned non-zero exit status 2.
2026-09-08 11:52:09,097 [INFO] \u23f0 Scheduled Task Triggered: Running QuantCode Nexus Pipeline...
python: can't open file 'C:\\QuantCode\\NexusCore\\quantcode_nexus.py': [Errno 2] No such file or directory
2026-09-08 11:52:09,133 [ERROR] Pipeline execution failed: Command '['python', 'quantcode_nexus.py']' returned non-zero exit status 2.
2026-09-08 12:07:10,067 [INFO] \u23f0 Scheduled Task Triggered: Running QuantCode Nexus Pipeline...
python: can't open file 'C:\\QuantCode\\NexusCore\\quantcode_nexus.py': [Errno 2] No such file or directory
2026-09-08 12:07:10,103 [ERROR] Pipeline execution failed: Command '['python', 'quantcode_nexus.py']' returned non-zero exit status 2.
2026-09-08 12:22:10,648 [INFO] \u23f0 Scheduled Task Triggered: Running QuantCode Nexus Pipeline...
python: can't open file 'C:\\QuantCode\\NexusCore\\quantcode_nexus.py': [Errno 2] No such file or directory
2026-09-08 12:22:10,683 [ERROR] Pipeline execution failed: Command '['python', 'quantcode_nexus.py']' returned non-zero exit status 2.
2026-09-08 12:37:11,112 [INFO] \u23f0 Scheduled Task Triggered: Running QuantCode Nexus Pipeline...
python: can't open file 'C:\\QuantCode\\NexusCore\\quantcode_nexus.py': [Errno 2] No such file or directory
2026-09-08 12:37:11,149 [ERROR] Pipeline execution failed: Command '['python', 'quantcode_nexus.py']' returned non-zero exit status 2.
2026-09-08 12:52:11,760 [INFO] \u23f0 Scheduled Task Triggered: Running QuantCode Nexus Pipeline...
python: can't open file 'C:\\QuantCode\\NexusCore\\quantcode_nexus.py': [Errno 2] No such file or directory
2026-09-08 12:52:11,803 [ERROR] Pipeline execution failed: Command '['python', 'quantcode_nexus.py']' returned non-zero exit status 2.
2026-09-08 13:07:12,717 [INFO] \u23f0 Scheduled Task Triggered: Running QuantCode Nexus Pipeline...
python: can't open file 'C:\\QuantCode\\NexusCore\\quantcode_nexus.py': [Errno 2] No such file or directory
2026-09-08 13:07:12,753 [ERROR] Pipeline execution failed: Command '['python', 'quantcode_nexus.py']' returned non-zero exit status 2.
2026-09-08 13:22:13,626 [INFO] \u23f0 Scheduled Task Triggered: Running QuantCode Nexus Pipeline...
python: can't open file 'C:\\QuantCode\\NexusCore\\quantcode_nexus.py': [Errno 2] No such file or directory
2026-09-08 13:22:13,660 [ERROR] Pipeline execution failed: Command '['python', 'quantcode_nexus.py']' returned non-zero exit status 2.
2026-09-08 13:37:14,539 [INFO] \u23f0 Scheduled Task Triggered: Running QuantCode Nexus Pipeline...
python: can't open file 'C:\\QuantCode\\NexusCore\\quantcode_nexus.py': [Errno 2] No such file or directory
2026-09-08 13:37:14,674 [ERROR] Pipeline execution failed: Command '['python', 'quantcode_nexus.py']' returned non-zero exit status 2.
2026-09-08 13:52:15,544 [INFO] \u23f0 Scheduled Task Triggered: Running QuantCode Nexus Pipeline...
python: can't open file 'C:\\QuantCode\\NexusCore\\quantcode_nexus.py': [Errno 2] No such file or directory
2026-09-08 13:52:15,579 [ERROR] Pipeline execution failed: Command '['python', 'quantcode_nexus.py']' returned non-zero exit status 2.
2026-09-08 14:07:16,228 [INFO] \u23f0 Scheduled Task Triggered: Running QuantCode Nexus Pipeline...
python: can't open file 'C:\\QuantCode\\NexusCore\\quantcode_nexus.py': [Errno 2] No such file or directory
2026-09-08 14:07:16,265 [ERROR] Pipeline execution failed: Command '['python', 'quantcode_nexus.py']' returned non-zero exit status 2.
2026-09-08 14:22:17,155 [INFO] \u23f0 Scheduled Task Triggered: Running QuantCode Nexus Pipeline...
python: can't open file 'C:\\QuantCode\\NexusCore\\quantcode_nexus.py': [Errno 2] No such file or directory
2026-09-08 14:22:17,190 [ERROR] Pipeline execution failed: Command '['python', 'quantcode_nexus.py']' returned non-zero exit status 2.
2026-09-08 14:37:18,087 [INFO] \u23f0 Scheduled Task Triggered: Running QuantCode Nexus Pipeline...
python: can't open file 'C:\\QuantCode\\NexusCore\\quantcode_nexus.py': [Errno 2] No such file or directory
2026-09-08 14:37:18,123 [ERROR] Pipeline execution failed: Command '['python', 'quantcode_nexus.py']' returned non-zero exit status 2.
2026-09-08 14:52:18,207 [INFO] \u23f0 Scheduled Task Triggered: Running QuantCode Nexus Pipeline...
python: can't open file 'C:\\QuantCode\\NexusCore\\quantcode_nexus.py': [Errno 2] No such file or directory
2026-09-08 14:52:18,244 [ERROR] Pipeline execution failed: Command '['python', 'quantcode_nexus.py']' returned non-zero exit status 2.
2026-09-08 15:07:19,150 [INFO] \u23f0 Scheduled Task Triggered: Running QuantCode Nexus Pipeline...
python: can't open file 'C:\\QuantCode\\NexusCore\\quantcode_nexus.py': [Errno 2] No such file or directory
2026-09-08 15:07:19,185 [ERROR] Pipeline execution failed: Command '['python', 'quantcode_nexus.py']' returned non-zero exit status 2.
2026-09-08 15:22:20,094 [INFO] \u23f0 Scheduled Task Triggered: Running QuantCode Nexus Pipeline...
python: can't open file 'C:\\QuantCode\\NexusCore\\quantcode_nexus.py': [Errno 2] No such file or directory
2026-09-08 15:22:20,136 [ERROR] Pipeline execution failed: Command '['python', 'quantcode_nexus.py']' returned non-zero exit status 2.
2026-09-08 15:37:21,122 [INFO] \u23f0 Scheduled Task Triggered: Running QuantCode Nexus Pipeline...
python: can't open file 'C:\\QuantCode\\NexusCore\\quantcode_nexus.py': [Errno 2] No such file or directory
2026-09-08 15:37:21,155 [ERROR] Pipeline execution failed: Command '['python', 'quantcode_nexus.py']' returned non-zero exit status 2.
2026-09-08 15:52:21,285 [INFO] \u23f0 Scheduled Task Triggered: Running QuantCode Nexus Pipeline...
python: can't open file 'C:\\QuantCode\\NexusCore\\quantcode_nexus.py': [Errno 2] No such file or directory
2026-09-08 15:52:21,324 [ERROR] Pipeline execution failed: Command '['python', 'quantcode_nexus.py']' returned non-zero exit status 2.
2026-09-08 16:07:22,246 [INFO] \u23f0 Scheduled Task Triggered: Running QuantCode Nexus Pipeline...
python: can't open file 'C:\\QuantCode\\NexusCore\\quantcode_nexus.py': [Errno 2] No such file or directory
2026-09-08 16:07:22,282 [ERROR] Pipeline execution failed: Command '['python', 'quantcode_nexus.py']' returned non-zero exit status 2.
2026-09-08 16:22:23,237 [INFO] \u23f0 Scheduled Task Triggered: Running QuantCode Nexus Pipeline...
python: can't open file 'C:\\QuantCode\\NexusCore\\quantcode_nexus.py': [Errno 2] No such file or directory
2026-09-08 16:22:23,278 [ERROR] Pipeline execution failed: Command '['python', 'quantcode_nexus.py']' returned non-zero exit status 2.
2026-09-08 16:37:24,157 [INFO] \u23f0 Scheduled Task Triggered: Running QuantCode Nexus Pipeline...
python: can't open file 'C:\\QuantCode\\NexusCore\\quantcode_nexus.py': [Errno 2] No such file or directory
2026-09-08 16:37:24,188 [ERROR] Pipeline execution failed: Command '['python', 'quantcode_nexus.py']' returned non-zero exit status 2.
2026-09-08 16:52:24,277 [INFO] \u23f0 Scheduled Task Triggered: Running QuantCode Nexus Pipeline...
python: can't open file 'C:\\QuantCode\\NexusCore\\quantcode_nexus.py': [Errno 2] No such file or directory
2026-09-08 16:52:24,312 [ERROR] Pipeline execution failed: Command '['python', 'quantcode_nexus.py']' returned non-zero exit status 2.
2026-09-08 17:07:25,190 [INFO] \u23f0 Scheduled Task Triggered: Running QuantCode Nexus Pipeline...
python: can't open file 'C:\\QuantCode\\NexusCore\\quantcode_nexus.py': [Errno 2] No such file or directory
2026-09-08 17:07:25,222 [ERROR] Pipeline execution failed: Command '['python', 'quantcode_nexus.py']' returned non-zero exit status 2.
2026-09-08 17:22:26,099 [INFO] \u23f0 Scheduled Task Triggered: Running QuantCode Nexus Pipeline...
python: can't open file 'C:\\QuantCode\\NexusCore\\quantcode_nexus.py': [Errno 2] No such file or directory
2026-09-08 17:22:26,131 [ERROR] Pipeline execution failed: Command '['python', 'quantcode_nexus.py']' returned non-zero exit status 2.
2026-09-08 17:37:27,003 [INFO] \u23f0 Scheduled Task Triggered: Running QuantCode Nexus Pipeline...
python: can't open file 'C:\\QuantCode\\NexusCore\\quantcode_nexus.py': [Errno 2] No such file or directory
2026-09-08 17:37:27,040 [ERROR] Pipeline execution failed: Command '['python', 'quantcode_nexus.py']' returned non-zero exit status 2.
2026-09-08 17:52:27,110 [INFO] \u23f0 Scheduled Task Triggered: Running QuantCode Nexus Pipeline...
python: can't open file 'C:\\QuantCode\\NexusCore\\quantcode_nexus.py': [Errno 2] No such file or directory
2026-09-08 17:52:27,143 [ERROR] Pipeline execution failed: Command '['python', 'quantcode_nexus.py']' returned non-zero exit status 2.
2026-09-08 18:07:28,017 [INFO] \u23f0 Scheduled Task Triggered: Running QuantCode Nexus Pipeline...
python: can't open file 'C:\\QuantCode\\NexusCore\\quantcode_nexus.py': [Errno 2] No such file or directory
2026-09-08 18:07:28,049 [ERROR] Pipeline execution failed: Command '['python', 'quantcode_nexus.py']' returned non-zero exit status 2.
2026-09-08 18:22:28,924 [INFO] \u23f0 Scheduled Task Triggered: Running QuantCode Nexus Pipeline...
python: can't open file 'C:\\QuantCode\\NexusCore\\quantcode_nexus.py': [Errno 2] No such file or directory
2026-09-08 18:22:28,958 [ERROR] Pipeline execution failed: Command '['python', 'quantcode_nexus.py']' returned non-zero exit status 2.
2026-09-08 18:37:29,832 [INFO] \u23f0 Scheduled Task Triggered: Running QuantCode Nexus Pipeline...
python: can't open file 'C:\\QuantCode\\NexusCore\\quantcode_nexus.py': [Errno 2] No such file or directory
2026-09-08 18:37:29,867 [ERROR] Pipeline execution failed: Command '['python', 'quantcode_nexus.py']' returned non-zero exit status 2.
2026-09-08 18:52:30,831 [INFO] \u23f0 Scheduled Task Triggered: Running QuantCode Nexus Pipeline...
python: can't open file 'C:\\QuantCode\\NexusCore\\quantcode_nexus.py': [Errno 2] No such file or directory
2026-09-08 18:52:30,870 [ERROR] Pipeline execution failed: Command '['python', 'quantcode_nexus.py']' returned non-zero exit status 2.
2026-09-08 19:07:31,257 [INFO] \u23f0 Scheduled Task Triggered: Running QuantCode Nexus Pipeline...
python: can't open file 'C:\\QuantCode\\NexusCore\\quantcode_nexus.py': [Errno 2] No such file or directory
2026-09-08 19:07:31,300 [ERROR] Pipeline execution failed: Command '['python', 'quantcode_nexus.py']' returned non-zero exit status 2.
2026-09-08 19:22:31,666 [INFO] \u23f0 Scheduled Task Triggered: Running QuantCode Nexus Pipeline...
python: can't open file 'C:\\QuantCode\\NexusCore\\quantcode_nexus.py': [Errno 2] No such file or directory
2026-09-08 19:22:31,698 [ERROR] Pipeline execution failed: Command '['python', 'quantcode_nexus.py']' returned non-zero exit status 2.
2026-09-08 19:37:32,035 [INFO] \u23f0 Scheduled Task Triggered: Running QuantCode Nexus Pipeline...
python: can't open file 'C:\\QuantCode\\NexusCore\\quantcode_nexus.py': [Errno 2] No such file or directory
2026-09-08 19:37:32,074 [ERROR] Pipeline execution failed: Command '['python', 'quantcode_nexus.py']' returned non-zero exit status 2.
2026-09-08 19:52:32,647 [INFO] \u23f0 Scheduled Task Triggered: Running QuantCode Nexus Pipeline...
python: can't open file 'C:\\QuantCode\\NexusCore\\quantcode_nexus.py': [Errno 2] No such file or directory
2026-09-08 19:52:32,682 [ERROR] Pipeline execution failed: Command '['python', 'quantcode_nexus.py']' returned non-zero exit status 2.
2026-09-08 20:07:33,052 [INFO] \u23f0 Scheduled Task Triggered: Running QuantCode Nexus Pipeline...
python: can't open file 'C:\\QuantCode\\NexusCore\\quantcode_nexus.py': [Errno 2] No such file or directory
2026-09-08 20:07:33,085 [ERROR] Pipeline execution failed: Command '['python', 'quantcode_nexus.py']' returned non-zero exit status 2.
2026-09-08 20:22:33,426 [INFO] \u23f0 Scheduled Task Triggered: Running QuantCode Nexus Pipeline...
python: can't open file 'C:\\QuantCode\\NexusCore\\quantcode_nexus.py': [Errno 2] No such file or directory
2026-09-08 20:22:33,460 [ERROR] Pipeline execution failed: Command '['python', 'quantcode_nexus.py']' returned non-zero exit status 2.
2026-09-08 20:37:33,785 [INFO] \u23f0 Scheduled Task Triggered: Running QuantCode Nexus Pipeline...
python: can't open file 'C:\\QuantCode\\NexusCore\\quantcode_nexus.py': [Errno 2] No such file or directory
2026-09-08 20:37:33,819 [ERROR] Pipeline execution failed: Command '['python', 'quantcode_nexus.py']' returned non-zero exit status 2.
2026-09-08 20:52:34,412 [INFO] \u23f0 Scheduled Task Triggered: Running QuantCode Nexus Pipeline...
python: can't open file 'C:\\QuantCode\\NexusCore\\quantcode_nexus.py': [Errno 2] No such file or directory
2026-09-08 20:52:34,444 [ERROR] Pipeline execution failed: Command '['python', 'quantcode_nexus.py']' returned non-zero exit status 2.
2026-09-08 21:07:34,794 [INFO] \u23f0 Scheduled Task Triggered: Running QuantCode Nexus Pipeline...
python: can't open file 'C:\\QuantCode\\NexusCore\\quantcode_nexus.py': [Errno 2] No such file or directory
2026-09-08 21:07:34,826 [ERROR] Pipeline execution failed: Command '['python', 'quantcode_nexus.py']' returned non-zero exit status 2.
2026-09-08 21:22:35,186 [INFO] \u23f0 Scheduled Task Triggered: Running QuantCode Nexus Pipeline...
python: can't open file 'C:\\QuantCode\\NexusCore\\quantcode_nexus.py': [Errno 2] No such file or directory
2026-09-08 21:22:35,219 [ERROR] Pipeline execution failed: Command '['python', 'quantcode_nexus.py']' returned non-zero exit status 2.
2026-09-08 21:37:35,563 [INFO] \u23f0 Scheduled Task Triggered: Running QuantCode Nexus Pipeline...
python: can't open file 'C:\\QuantCode\\NexusCore\\quantcode_nexus.py': [Errno 2] No such file or directory
2026-09-08 21:37:35,595 [ERROR] Pipeline execution failed: Command '['python', 'quantcode_nexus.py']' returned non-zero exit status 2.
2026-09-08 21:52:36,139 [INFO] \u23f0 Scheduled Task Triggered: Running QuantCode Nexus Pipeline...
python: can't open file 'C:\\QuantCode\\NexusCore\\quantcode_nexus.py': [Errno 2] No such file or directory
2026-09-08 21:52:36,172 [ERROR] Pipeline execution failed: Command '['python', 'quantcode_nexus.py']' returned non-zero exit status 2.
2026-09-08 22:07:36,568 [INFO] \u23f0 Scheduled Task Triggered: Running QuantCode Nexus Pipeline...
python: can't open file 'C:\\QuantCode\\NexusCore\\quantcode_nexus.py': [Errno 2] No such file or directory
2026-09-08 22:07:36,602 [ERROR] Pipeline execution failed: Command '['python', 'quantcode_nexus.py']' returned non-zero exit status 2.
2026-09-08 22:22:36,961 [INFO] \u23f0 Scheduled Task Triggered: Running QuantCode Nexus Pipeline...
python: can't open file 'C:\\QuantCode\\NexusCore\\quantcode_nexus.py': [Errno 2] No such file or directory
2026-09-08 22:22:36,993 [ERROR] Pipeline execution failed: Command '['python', 'quantcode_nexus.py']' returned non-zero exit status 2.
2026-09-08 22:37:37,379 [INFO] \u23f0 Scheduled Task Triggered: Running QuantCode Nexus Pipeline...
python: can't open file 'C:\\QuantCode\\NexusCore\\quantcode_nexus.py': [Errno 2] No such file or directory
2026-09-08 22:37:37,411 [ERROR] Pipeline execution failed: Command '['python', 'quantcode_nexus.py']' returned non-zero exit status 2.
2026-09-08 22:52:37,911 [INFO] \u23f0 Scheduled Task Triggered: Running QuantCode Nexus Pipeline...
python: can't open file 'C:\\QuantCode\\NexusCore\\quantcode_nexus.py': [Errno 2] No such file or directory
2026-09-08 22:52:37,943 [ERROR] Pipeline execution failed: Command '['python', 'quantcode_nexus.py']' returned non-zero exit status 2.
2026-09-08 23:07:38,328 [INFO] \u23f0 Scheduled Task Triggered: Running QuantCode Nexus Pipeline...
python: can't open file 'C:\\QuantCode\\NexusCore\\quantcode_nexus.py': [Errno 2] No such file or directory
2026-09-08 23:07:38,361 [ERROR] Pipeline execution failed: Command '['python', 'quantcode_nexus.py']' returned non-zero exit status 2.
2026-09-08 23:22:38,714 [INFO] \u23f0 Scheduled Task Triggered: Running QuantCode Nexus Pipeline...
python: can't open file 'C:\\QuantCode\\NexusCore\\quantcode_nexus.py': [Errno 2] No such file or directory
2026-09-08 23:22:38,749 [ERROR] Pipeline execution failed: Command '['python', 'quantcode_nexus.py']' returned non-zero exit status 2.
2026-09-08 23:37:39,108 [INFO] \u23f0 Scheduled Task Triggered: Running QuantCode Nexus Pipeline...
python: can't open file 'C:\\QuantCode\\NexusCore\\quantcode_nexus.py': [Errno 2] No such file or directory
2026-09-08 23:37:39,141 [ERROR] Pipeline execution failed: Command '['python', 'quantcode_nexus.py']' returned non-zero exit status 2.
2026-09-08 23:52:39,668 [INFO] \u23f0 Scheduled Task Triggered: Running QuantCode Nexus Pipeline...
python: can't open file 'C:\\QuantCode\\NexusCore\\quantcode_nexus.py': [Errno 2] No such file or directory
2026-09-08 23:52:39,704 [ERROR] Pipeline execution failed: Command '['python', 'quantcode_nexus.py']' returned non-zero exit status 2.
2026-09-09 00:07:40,052 [INFO] \u23f0 Scheduled Task Triggered: Running QuantCode Nexus Pipeline...
python: can't open file 'C:\\QuantCode\\NexusCore\\quantcode_nexus.py': [Errno 2] No such file or directory
2026-09-09 00:07:40,090 [ERROR] Pipeline execution failed: Command '['python', 'quantcode_nexus.py']' returned non-zero exit status 2.
2026-09-09 00:22:40,454 [INFO] \u23f0 Scheduled Task Triggered: Running QuantCode Nexus Pipeline...
python: can't open file 'C:\\QuantCode\\NexusCore\\quantcode_nexus.py': [Errno 2] No such file or directory
2026-09-09 00:22:40,487 [ERROR] Pipeline execution failed: Command '['python', 'quantcode_nexus.py']' returned non-zero exit status 2.
2026-09-09 00:37:40,817 [INFO] \u23f0 Scheduled Task Triggered: Running QuantCode Nexus Pipeline...
python: can't open file 'C:\\QuantCode\\NexusCore\\quantcode_nexus.py': [Errno 2] No such file or directory
2026-09-09 00:37:40,850 [ERROR] Pipeline execution failed: Command '['python', 'quantcode_nexus.py']' returned non-zero exit status 2.
2026-09-09 00:52:41,273 [INFO] \u23f0 Scheduled Task Triggered: Running QuantCode Nexus Pipeline...
python: can't open file 'C:\\QuantCode\\NexusCore\\quantcode_nexus.py': [Errno 2] No such file or directory
2026-09-09 00:52:41,307 [ERROR] Pipeline execution failed: Command '['python', 'quantcode_nexus.py']' returned non-zero exit status 2.
2026-09-09 01:07:41,680 [INFO] \u23f0 Scheduled Task Triggered: Running QuantCode Nexus Pipeline...
python: can't open file 'C:\\QuantCode\\NexusCore\\quantcode_nexus.py': [Errno 2] No such file or directory
2026-09-09 01:07:41,712 [ERROR] Pipeline execution failed: Command '['python', 'quantcode_nexus.py']' returned non-zero exit status 2.
2026-09-09 01:22:42,065 [INFO] \u23f0 Scheduled Task Triggered: Running QuantCode Nexus Pipeline...
python: can't open file 'C:\\QuantCode\\NexusCore\\quantcode_nexus.py': [Errno 2] No such file or directory
2026-09-09 01:22:42,097 [ERROR] Pipeline execution failed: Command '['python', 'quantcode_nexus.py']' returned non-zero exit status 2.
2026-09-09 01:37:42,452 [INFO] \u23f0 Scheduled Task Triggered: Running QuantCode Nexus Pipeline...
python: can't open file 'C:\\QuantCode\\NexusCore\\quantcode_nexus.py': [Errno 2] No such file or directory
2026-09-09 01:37:42,487 [ERROR] Pipeline execution failed: Command '['python', 'quantcode_nexus.py']' returned non-zero exit status 2.
2026-09-09 01:52:42,904 [INFO] \u23f0 Scheduled Task Triggered: Running QuantCode Nexus Pipeline...
python: can't open file 'C:\\QuantCode\\NexusCore\\quantcode_nexus.py': [Errno 2] No such file or directory
2026-09-09 01:52:42,937 [ERROR] Pipeline execution failed: Command '['python', 'quantcode_nexus.py']' returned non-zero exit status 2.
2026-09-09 02:07:43,282 [INFO] \u23f0 Scheduled Task Triggered: Running QuantCode Nexus Pipeline...
python: can't open file 'C:\\QuantCode\\NexusCore\\quantcode_nexus.py': [Errno 2] No such file or directory
2026-09-09 02:07:43,316 [ERROR] Pipeline execution failed: Command '['python', 'quantcode_nexus.py']' returned non-zero exit status 2.
2026-09-09 02:22:43,667 [INFO] \u23f0 Scheduled Task Triggered: Running QuantCode Nexus Pipeline...
python: can't open file 'C:\\QuantCode\\NexusCore\\quantcode_nexus.py': [Errno 2] No such file or directory
2026-09-09 02:22:43,700 [ERROR] Pipeline execution failed: Command '['python', 'quantcode_nexus.py']' returned non-zero exit status 2.
2026-09-09 02:37:44,047 [INFO] \u23f0 Scheduled Task Triggered: Running QuantCode Nexus Pipeline...
python: can't open file 'C:\\QuantCode\\NexusCore\\quantcode_nexus.py': [Errno 2] No such file or directory
2026-09-09 02:37:44,082 [ERROR] Pipeline execution failed: Command '['python', 'quantcode_nexus.py']' returned non-zero exit status 2.
2026-09-09 02:52:44,760 [INFO] \u23f0 Scheduled Task Triggered: Running QuantCode Nexus Pipeline...
python: can't open file 'C:\\QuantCode\\NexusCore\\quantcode_nexus.py': [Errno 2] No such file or directory
2026-09-09 02:52:44,797 [ERROR] Pipeline execution failed: Command '['python', 'quantcode_nexus.py']' returned non-zero exit status 2.
2026-09-09 03:07:45,176 [INFO] \u23f0 Scheduled Task Triggered: Running QuantCode Nexus Pipeline...
python: can't open file 'C:\\QuantCode\\NexusCore\\quantcode_nexus.py': [Errno 2] No such file or directory
2026-09-09 03:07:45,209 [ERROR] Pipeline execution failed: Command '['python', 'quantcode_nexus.py']' returned non-zero exit status 2.
2026-09-09 03:22:45,563 [INFO] \u23f0 Scheduled Task Triggered: Running QuantCode Nexus Pipeline...
python: can't open file 'C:\\QuantCode\\NexusCore\\quantcode_nexus.py': [Errno 2] No such file or directory
2026-09-09 03:22:45,595 [ERROR] Pipeline execution failed: Command '['python', 'quantcode_nexus.py']' returned non-zero exit status 2.
2026-09-09 03:37:45,953 [INFO] \u23f0 Scheduled Task Triggered: Running QuantCode Nexus Pipeline...
python: can't open file 'C:\\QuantCode\\NexusCore\\quantcode_nexus.py': [Errno 2] No such file or directory
2026-09-09 03:37:45,987 [ERROR] Pipeline execution failed: Command '['python', 'quantcode_nexus.py']' returned non-zero exit status 2.
2026-09-09 03:52:46,649 [INFO] \u23f0 Scheduled Task Triggered: Running QuantCode Nexus Pipeline...
python: can't open file 'C:\\QuantCode\\NexusCore\\quantcode_nexus.py': [Errno 2] No such file or directory
2026-09-09 03:52:46,684 [ERROR] Pipeline execution failed: Command '['python', 'quantcode_nexus.py']' returned non-zero exit status 2.
2026-09-09 04:07:47,071 [INFO] \u23f0 Scheduled Task Triggered: Running QuantCode Nexus Pipeline...
python: can't open file 'C:\\QuantCode\\NexusCore\\quantcode_nexus.py': [Errno 2] No such file or directory
2026-09-09 04:07:47,105 [ERROR] Pipeline execution failed: Command '['python', 'quantcode_nexus.py']' returned non-zero exit status 2.
2026-09-09 04:22:47,486 [INFO] \u23f0 Scheduled Task Triggered: Running QuantCode Nexus Pipeline...
python: can't open file 'C:\\QuantCode\\NexusCore\\quantcode_nexus.py': [Errno 2] No such file or directory
2026-09-09 04:22:47,518 [ERROR] Pipeline execution failed: Command '['python', 'quantcode_nexus.py']' returned non-zero exit status 2.
2026-09-09 04:37:47,876 [INFO] \u23f0 Scheduled Task Triggered: Running QuantCode Nexus Pipeline...
python: can't open file 'C:\\QuantCode\\NexusCore\\quantcode_nexus.py': [Errno 2] No such file or directory
2026-09-09 04:37:47,909 [ERROR] Pipeline execution failed: Command '['python', 'quantcode_nexus.py']' returned non-zero exit status 2.
2026-09-09 04:52:48,297 [INFO] \u23f0 Scheduled Task Triggered: Running QuantCode Nexus Pipeline...
python: can't open file 'C:\\QuantCode\\NexusCore\\quantcode_nexus.py': [Errno 2] No such file or directory
2026-09-09 04:52:48,329 [ERROR] Pipeline execution failed: Command '['python', 'quantcode_nexus.py']' returned non-zero exit status 2.
2026-09-09 05:07:48,748 [INFO] \u23f0 Scheduled Task Triggered: Running QuantCode Nexus Pipeline...
python: can't open file 'C:\\QuantCode\\NexusCore\\quantcode_nexus.py': [Errno 2] No such file or directory
2026-09-09 05:07:48,780 [ERROR] Pipeline execution failed: Command '['python', 'quantcode_nexus.py']' returned non-zero exit status 2.
2026-09-09 05:22:49,137 [INFO] \u23f0 Scheduled Task Triggered: Running QuantCode Nexus Pipeline...
python: can't open file 'C:\\QuantCode\\NexusCore\\quantcode_nexus.py': [Errno 2] No such file or directory
2026-09-09 05:22:49,170 [ERROR] Pipeline execution failed: Command '['python', 'quantcode_nexus.py']' returned non-zero exit status 2.
2026-09-09 05:37:49,517 [INFO] \u23f0 Scheduled Task Triggered: Running QuantCode Nexus Pipeline...
python: can't open file 'C:\\QuantCode\\NexusCore\\quantcode_nexus.py': [Errno 2] No such file or directory
2026-09-09 05:37:49,550 [ERROR] Pipeline execution failed: Command '['python', 'quantcode_nexus.py']' returned non-zero exit status 2.
2026-09-09 05:52:49,883 [INFO] \u23f0 Scheduled Task Triggered: Running QuantCode Nexus Pipeline...
python: can't open file 'C:\\QuantCode\\NexusCore\\quantcode_nexus.py': [Errno 2] No such file or directory
2026-09-09 05:52:49,915 [ERROR] Pipeline execution failed: Command '['python', 'quantcode_nexus.py']' returned non-zero exit status 2.
2026-09-09 06:07:50,606 [INFO] \u23f0 Scheduled Task Triggered: Running QuantCode Nexus Pipeline...
python: can't open file 'C:\\QuantCode\\NexusCore\\quantcode_nexus.py': [Errno 2] No such file or directory
2026-09-09 06:07:50,639 [ERROR] Pipeline execution failed: Command '['python', 'quantcode_nexus.py']' returned non-zero exit status 2.
2026-09-09 06:22:50,999 [INFO] \u23f0 Scheduled Task Triggered: Running QuantCode Nexus Pipeline...
python: can't open file 'C:\\QuantCode\\NexusCore\\quantcode_nexus.py': [Errno 2] No such file or directory
2026-09-09 06:22:51,032 [ERROR] Pipeline execution failed: Command '['python', 'quantcode_nexus.py']' returned non-zero exit status 2.
2026-09-09 06:37:51,389 [INFO] \u23f0 Scheduled Task Triggered: Running QuantCode Nexus Pipeline...
python: can't open file 'C:\\QuantCode\\NexusCore\\quantcode_nexus.py': [Errno 2] No such file or directory
2026-09-09 06:37:51,422 [ERROR] Pipeline execution failed: Command '['python', 'quantcode_nexus.py']' returned non-zero exit status 2.
2026-09-09 06:52:51,783 [INFO] \u23f0 Scheduled Task Triggered: Running QuantCode Nexus Pipeline...
python: can't open file 'C:\\QuantCode\\NexusCore\\quantcode_nexus.py': [Errno 2] No such file or directory
2026-09-09 06:52:51,815 [ERROR] Pipeline execution failed: Command '['python', 'quantcode_nexus.py']' returned non-zero exit status 2.
2026-09-09 07:07:52,475 [INFO] \u23f0 Scheduled Task Triggered: Running QuantCode Nexus Pipeline...
python: can't open file 'C:\\QuantCode\\NexusCore\\quantcode_nexus.py': [Errno 2] No such file or directory
2026-09-09 07:07:52,508 [ERROR] Pipeline execution failed: Command '['python', 'quantcode_nexus.py']' returned non-zero exit status 2.
2026-09-09 07:22:52,844 [INFO] \u23f0 Scheduled Task Triggered: Running QuantCode Nexus Pipeline...
python: can't open file 'C:\\QuantCode\\NexusCore\\quantcode_nexus.py': [Errno 2] No such file or directory
2026-09-09 07:22:52,878 [ERROR] Pipeline execution failed: Command '['python', 'quantcode_nexus.py']' returned non-zero exit status 2.
2026-09-09 07:37:53,297 [INFO] \u23f0 Scheduled Task Triggered: Running QuantCode Nexus Pipeline...
python: can't open file 'C:\\QuantCode\\NexusCore\\quantcode_nexus.py': [Errno 2] No such file or directory
2026-09-09 07:37:53,329 [ERROR] Pipeline execution failed: Command '['python', 'quantcode_nexus.py']' returned non-zero exit status 2.
2026-09-09 07:52:53,681 [INFO] \u23f0 Scheduled Task Triggered: Running QuantCode Nexus Pipeline...
python: can't open file 'C:\\QuantCode\\NexusCore\\quantcode_nexus.py': [Errno 2] No such file or directory
2026-09-09 07:52:53,716 [ERROR] Pipeline execution failed: Command '['python', 'quantcode_nexus.py']' returned non-zero exit status 2.
2026-09-09 08:07:54,555 [INFO] \u23f0 Scheduled Task Triggered: Running QuantCode Nexus Pipeline...
python: can't open file 'C:\\QuantCode\\NexusCore\\quantcode_nexus.py': [Errno 2] No such file or directory
2026-09-09 08:07:54,591 [ERROR] Pipeline execution failed: Command '['python', 'quantcode_nexus.py']' returned non-zero exit status 2.
2026-09-09 08:22:55,495 [INFO] \u23f0 Scheduled Task Triggered: Running QuantCode Nexus Pipeline...
python: can't open file 'C:\\QuantCode\\NexusCore\\quantcode_nexus.py': [Errno 2] No such file or directory
2026-09-09 08:22:55,531 [ERROR] Pipeline execution failed: Command '['python', 'quantcode_nexus.py']' returned non-zero exit status 2.
2026-09-09 08:37:56,413 [INFO] \u23f0 Scheduled Task Triggered: Running QuantCode Nexus Pipeline...
python: can't open file 'C:\\QuantCode\\NexusCore\\quantcode_nexus.py': [Errno 2] No such file or directory
2026-09-09 08:37:56,445 [ERROR] Pipeline execution failed: Command '['python', 'quantcode_nexus.py']' returned non-zero exit status 2.
2026-09-09 08:52:57,405 [INFO] \u23f0 Scheduled Task Triggered: Running QuantCode Nexus Pipeline...
python: can't open file 'C:\\QuantCode\\NexusCore\\quantcode_nexus.py': [Errno 2] No such file or directory
2026-09-09 08:52:57,441 [ERROR] Pipeline execution failed: Command '['python', 'quantcode_nexus.py']' returned non-zero exit status 2.
2026-09-09 09:07:57,475 [INFO] \u23f0 Scheduled Task Triggered: Running QuantCode Nexus Pipeline...
python: can't open file 'C:\\QuantCode\\NexusCore\\quantcode_nexus.py': [Errno 2] No such file or directory
2026-09-09 09:07:57,522 [ERROR] Pipeline execution failed: Command '['python', 'quantcode_nexus.py']' returned non-zero exit status 2.
2026-09-09 09:22:58,207 [INFO] \u23f0 Scheduled Task Triggered: Running QuantCode Nexus Pipeline...
python: can't open file 'C:\\QuantCode\\NexusCore\\quantcode_nexus.py': [Errno 2] No such file or directory
2026-09-09 09:22:58,245 [ERROR] Pipeline execution failed: Command '['python', 'quantcode_nexus.py']' returned non-zero exit status 2.
2026-09-09 09:37:58,642 [INFO] \u23f0 Scheduled Task Triggered: Running QuantCode Nexus Pipeline...
python: can't open file 'C:\\QuantCode\\NexusCore\\quantcode_nexus.py': [Errno 2] No such file or directory
2026-09-09 09:37:58,676 [ERROR] Pipeline execution failed: Command '['python', 'quantcode_nexus.py']' returned non-zero exit status 2.
2026-09-09 09:52:59,109 [INFO] \u23f0 Scheduled Task Triggered: Running QuantCode Nexus Pipeline...
python: can't open file 'C:\\QuantCode\\NexusCore\\quantcode_nexus.py': [Errno 2] No such file or directory
2026-09-09 09:52:59,144 [ERROR] Pipeline execution failed: Command '['python', 'quantcode_nexus.py']' returned non-zero exit status 2.
2026-09-09 10:07:59,212 [INFO] \u23f0 Scheduled Task Triggered: Running QuantCode Nexus Pipeline...
python: can't open file 'C:\\QuantCode\\NexusCore\\quantcode_nexus.py': [Errno 2] No such file or directory
2026-09-09 10:07:59,248 [ERROR] Pipeline execution failed: Command '['python', 'quantcode_nexus.py']' returned non-zero exit status 2.
2026-09-09 10:22:59,750 [INFO] \u23f0 Scheduled Task Triggered: Running QuantCode Nexus Pipeline...
python: can't open file 'C:\\QuantCode\\NexusCore\\quantcode_nexus.py': [Errno 2] No such file or directory
2026-09-09 10:22:59,793 [ERROR] Pipeline execution failed: Command '['python', 'quantcode_nexus.py']' returned non-zero exit status 2.
2026-09-09 10:38:00,588 [INFO] \u23f0 Scheduled Task Triggered: Running QuantCode Nexus Pipeline...
python: can't open file 'C:\\QuantCode\\NexusCore\\quantcode_nexus.py': [Errno 2] No such file or directory
2026-09-09 10:38:00,625 [ERROR] Pipeline execution failed: Command '['python', 'quantcode_nexus.py']' returned non-zero exit status 2.
2026-09-09 10:53:01,535 [INFO] \u23f0 Scheduled Task Triggered: Running QuantCode Nexus Pipeline...
python: can't open file 'C:\\QuantCode\\NexusCore\\quantcode_nexus.py': [Errno 2] No such file or directory
2026-09-09 10:53:01,572 [ERROR] Pipeline execution failed: Command '['python', 'quantcode_nexus.py']' returned non-zero exit status 2.
2026-09-09 11:08:02,252 [INFO] \u23f0 Scheduled Task Triggered: Running QuantCode Nexus Pipeline...
python: can't open file 'C:\\QuantCode\\NexusCore\\quantcode_nexus.py': [Errno 2] No such file or directory
2026-09-09 11:08:02,287 [ERROR] Pipeline execution failed: Command '['python', 'quantcode_nexus.py']' returned non-zero exit status 2.
2026-09-09 11:23:02,787 [INFO] \u23f0 Scheduled Task Triggered: Running QuantCode Nexus Pipeline...
python: can't open file 'C:\\QuantCode\\NexusCore\\quantcode_nexus.py': [Errno 2] No such file or directory
2026-09-09 11:23:02,822 [ERROR] Pipeline execution failed: Command '['python', 'quantcode_nexus.py']' returned non-zero exit status 2.
2026-09-09 11:38:03,375 [INFO] \u23f0 Scheduled Task Triggered: Running QuantCode Nexus Pipeline...
python: can't open file 'C:\\QuantCode\\NexusCore\\quantcode_nexus.py': [Errno 2] No such file or directory
2026-09-09 11:38:03,412 [ERROR] Pipeline execution failed: Command '['python', 'quantcode_nexus.py']' returned non-zero exit status 2.
2026-09-09 11:53:03,916 [INFO] \u23f0 Scheduled Task Triggered: Running QuantCode Nexus Pipeline...
python: can't open file 'C:\\QuantCode\\NexusCore\\quantcode_nexus.py': [Errno 2] No such file or directory
2026-09-09 11:53:03,951 [ERROR] Pipeline execution failed: Command '['python', 'quantcode_nexus.py']' returned non-zero exit status 2.
2026-09-09 12:08:04,649 [INFO] \u23f0 Scheduled Task Triggered: Running QuantCode Nexus Pipeline...
python: can't open file 'C:\\QuantCode\\NexusCore\\quantcode_nexus.py': [Errno 2] No such file or directory
2026-09-09 12:08:04,692 [ERROR] Pipeline execution failed: Command '['python', 'quantcode_nexus.py']' returned non-zero exit status 2.
2026-09-09 12:23:05,212 [INFO] \u23f0 Scheduled Task Triggered: Running QuantCode Nexus Pipeline...
python: can't open file 'C:\\QuantCode\\NexusCore\\quantcode_nexus.py': [Errno 2] No such file or directory
2026-09-09 12:23:05,255 [ERROR] Pipeline execution failed: Command '['python', 'quantcode_nexus.py']' returned non-zero exit status 2.
2026-09-09 12:38:05,674 [INFO] \u23f0 Scheduled Task Triggered: Running QuantCode Nexus Pipeline...
python: can't open file 'C:\\QuantCode\\NexusCore\\quantcode_nexus.py': [Errno 2] No such file or directory
2026-09-09 12:38:05,709 [ERROR] Pipeline execution failed: Command '['python', 'quantcode_nexus.py']' returned non-zero exit status 2.
2026-09-09 12:53:06,149 [INFO] \u23f0 Scheduled Task Triggered: Running QuantCode Nexus Pipeline...
python: can't open file 'C:\\QuantCode\\NexusCore\\quantcode_nexus.py': [Errno 2] No such file or directory
2026-09-09 12:53:06,184 [ERROR] Pipeline execution failed: Command '['python', 'quantcode_nexus.py']' returned non-zero exit status 2.
2026-09-09 13:08:06,890 [INFO] \u23f0 Scheduled Task Triggered: Running QuantCode Nexus Pipeline...
python: can't open file 'C:\\QuantCode\\NexusCore\\quantcode_nexus.py': [Errno 2] No such file or directory
2026-09-09 13:08:06,932 [ERROR] Pipeline execution failed: Command '['python', 'quantcode_nexus.py']' returned non-zero exit status 2.
2026-09-09 13:23:07,640 [INFO] \u23f0 Scheduled Task Triggered: Running QuantCode Nexus Pipeline...
python: can't open file 'C:\\QuantCode\\NexusCore\\quantcode_nexus.py': [Errno 2] No such file or directory
2026-09-09 13:23:07,675 [ERROR] Pipeline execution failed: Command '['python', 'quantcode_nexus.py']' returned non-zero exit status 2.
2026-09-09 13:38:08,616 [INFO] \u23f0 Scheduled Task Triggered: Running QuantCode Nexus Pipeline...
python: can't open file 'C:\\QuantCode\\NexusCore\\quantcode_nexus.py': [Errno 2] No such file or directory
2026-09-09 13:38:08,652 [ERROR] Pipeline execution failed: Command '['python', 'quantcode_nexus.py']' returned non-zero exit status 2.
2026-09-09 13:53:09,530 [INFO] \u23f0 Scheduled Task Triggered: Running QuantCode Nexus Pipeline...
python: can't open file 'C:\\QuantCode\\NexusCore\\quantcode_nexus.py': [Errno 2] No such file or directory
2026-09-09 13:53:09,566 [ERROR] Pipeline execution failed: Command '['python', 'quantcode_nexus.py']' returned non-zero exit status 2.
2026-09-09 14:08:10,197 [INFO] \u23f0 Scheduled Task Triggered: Running QuantCode Nexus Pipeline...
python: can't open file 'C:\\QuantCode\\NexusCore\\quantcode_nexus.py': [Errno 2] No such file or directory
2026-09-09 14:08:10,237 [ERROR] Pipeline execution failed: Command '['python', 'quantcode_nexus.py']' returned non-zero exit status 2.
2026-09-09 14:23:10,707 [INFO] \u23f0 Scheduled Task Triggered: Running QuantCode Nexus Pipeline...
python: can't open file 'C:\\QuantCode\\NexusCore\\quantcode_nexus.py': [Errno 2] No such file or directory
2026-09-09 14:23:10,754 [ERROR] Pipeline execution failed: Command '['python', 'quantcode_nexus.py']' returned non-zero exit status 2.
2026-09-09 14:38:11,204 [INFO] \u23f0 Scheduled Task Triggered: Running QuantCode Nexus Pipeline...
python: can't open file 'C:\\QuantCode\\NexusCore\\quantcode_nexus.py': [Errno 2] No such file or directory
2026-09-09 14:38:11,238 [ERROR] Pipeline execution failed: Command '['python', 'quantcode_nexus.py']' returned non-zero exit status 2.
2026-09-09 14:53:11,706 [INFO] \u23f0 Scheduled Task Triggered: Running QuantCode Nexus Pipeline...
python: can't open file 'C:\\QuantCode\\NexusCore\\quantcode_nexus.py': [Errno 2] No such file or directory
2026-09-09 14:53:11,741 [ERROR] Pipeline execution failed: Command '['python', 'quantcode_nexus.py']' returned non-zero exit status 2.
2026-09-09 15:08:12,348 [INFO] \u23f0 Scheduled Task Triggered: Running QuantCode Nexus Pipeline...
python: can't open file 'C:\\QuantCode\\NexusCore\\quantcode_nexus.py': [Errno 2] No such file or directory
2026-09-09 15:08:12,381 [ERROR] Pipeline execution failed: Command '['python', 'quantcode_nexus.py']' returned non-zero exit status 2.
2026-09-09 15:23:13,294 [INFO] \u23f0 Scheduled Task Triggered: Running QuantCode Nexus Pipeline...
python: can't open file 'C:\\QuantCode\\NexusCore\\quantcode_nexus.py': [Errno 2] No such file or directory
2026-09-09 15:23:13,331 [ERROR] Pipeline execution failed: Command '['python', 'quantcode_nexus.py']' returned non-zero exit status 2.
2026-09-09 15:38:14,197 [INFO] \u23f0 Scheduled Task Triggered: Running QuantCode Nexus Pipeline...
python: can't open file 'C:\\QuantCode\\NexusCore\\quantcode_nexus.py': [Errno 2] No such file or directory
2026-09-09 15:38:14,236 [ERROR] Pipeline execution failed: Command '['python', 'quantcode_nexus.py']' returned non-zero exit status 2.
2026-09-09 15:53:14,953 [INFO] \u23f0 Scheduled Task Triggered: Running QuantCode Nexus Pipeline...
python: can't open file 'C:\\QuantCode\\NexusCore\\quantcode_nexus.py': [Errno 2] No such file or directory
2026-09-09 15:53:14,988 [ERROR] Pipeline execution failed: Command '['python', 'quantcode_nexus.py']' returned non-zero exit status 2.
2026-09-09 16:08:15,053 [INFO] \u23f0 Scheduled Task Triggered: Running QuantCode Nexus Pipeline...
python: can't open file 'C:\\QuantCode\\NexusCore\\quantcode_nexus.py': [Errno 2] No such file or directory
2026-09-09 16:08:15,089 [ERROR] Pipeline execution failed: Command '['python', 'quantcode_nexus.py']' returned non-zero exit status 2.
2026-09-09 16:23:15,949 [INFO] \u23f0 Scheduled Task Triggered: Running QuantCode Nexus Pipeline...
python: can't open file 'C:\\QuantCode\\NexusCore\\quantcode_nexus.py': [Errno 2] No such file or directory
2026-09-09 16:23:15,983 [ERROR] Pipeline execution failed: Command '['python', 'quantcode_nexus.py']' returned non-zero exit status 2.
2026-09-09 16:38:16,857 [INFO] \u23f0 Scheduled Task Triggered: Running QuantCode Nexus Pipeline...
python: can't open file 'C:\\QuantCode\\NexusCore\\quantcode_nexus.py': [Errno 2] No such file or directory
2026-09-09 16:38:16,891 [ERROR] Pipeline execution failed: Command '['python', 'quantcode_nexus.py']' returned non-zero exit status 2.
2026-09-09 16:53:17,760 [INFO] \u23f0 Scheduled Task Triggered: Running QuantCode Nexus Pipeline...
python: can't open file 'C:\\QuantCode\\NexusCore\\quantcode_nexus.py': [Errno 2] No such file or directory
2026-09-09 16:53:17,794 [ERROR] Pipeline execution failed: Command '['python', 'quantcode_nexus.py']' returned non-zero exit status 2.
2026-09-09 17:08:17,895 [INFO] \u23f0 Scheduled Task Triggered: Running QuantCode Nexus Pipeline...
python: can't open file 'C:\\QuantCode\\NexusCore\\quantcode_nexus.py': [Errno 2] No such file or directory
2026-09-09 17:08:17,940 [ERROR] Pipeline execution failed: Command '['python', 'quantcode_nexus.py']' returned non-zero exit status 2.
2026-09-09 17:23:18,794 [INFO] \u23f0 Scheduled Task Triggered: Running QuantCode Nexus Pipeline...
python: can't open file 'C:\\QuantCode\\NexusCore\\quantcode_nexus.py': [Errno 2] No such file or directory
2026-09-09 17:23:18,829 [ERROR] Pipeline execution failed: Command '['python', 'quantcode_nexus.py']' returned non-zero exit status 2.
Traceback (most recent call last):
  File "C:\QuantCode\NexusCore\nexus_scheduler.py", line 24, in <module>
    time.sleep(1)
    ~~~~~~~~~~^^^
KeyboardInterrupt
